TimeEntryID,MatterID,AttorneyID,WorkDate,HoursWorked,BillingRate,BillableAmount,Description
TE00001,M0107,A036,2025-06-25,0,375,0,Prepared for witness interview
TE00002,M0066,A003,2026-03-17,-1,425,-425,Reviewed case documents and prepared analysis
TE00003,M0066,A026,2026-07-03,25,525,13125,Reviewed case documents and prepared analysis
TE00004,M0030,A020,2023-07-10,30,625,18750,Reviewed discovery materials
TE00005,M0043,A014,2025-07-25,0,600,0,Reviewed discovery materials
TE00006,M0129,A022,2023-05-19,-1,675,-675,Reviewed billing and budget status
TE00007,M0133,A011,2023-12-20,25,525,13125,Drafted correspondence and legal memorandum
TE00008,M0100,A029,2026-04-15,30,600,18000,Reviewed discovery materials
TE00009,M0067,A001,2023-05-10,0,650,0,Coordinated matter planning with client team
TE00010,M0139,A035,2023-07-10,-1,625,-625,Performed legal research
TE00011,M0124,A004,2025-09-13,25,725,18125,Reviewed case documents and prepared analysis
TE00012,M0103,A034,2025-11-12,30,725,21750,Performed legal research
TE00013,M0093,A027,2024-03-13,0,400,0,Prepared for witness interview
TE00014,M0041,A001,2025-07-23,-1,650,-650,Performed legal research
TE00015,M0145,A009,2025-11-26,25,450,11250,Prepared matter status update
TE00016,M0053,A027,2025-12-17,30,400,12000,Performed legal research
TE00017,M0078,A003,2024-09-13,0,425,0,Performed legal research
TE00018,M0001,A034,2025-11-27,-1,725,-725,Analyzed regulatory and compliance requirements
TE00019,M0031,A008,2024-10-25,25,575,14375,Analyzed regulatory and compliance requirements
TE00020,M0038,A025,2023-10-03,30,750,22500,Conducted client strategy conference
TE00021,M0140,A006,2025-08-06,0,375,0,Drafted correspondence and legal memorandum
TE00022,M0003,A030,2024-10-15,-1,475,-475,Analyzed regulatory and compliance requirements
TE00023,M0113,A033,2025-05-11,25,425,10625,Analyzed regulatory and compliance requirements
TE00024,M0014,A036,2025-07-15,30,375,11250,Prepared for witness interview
TE00025,M0058,A003,2024-02-22,0,425,0,Prepared for witness interview
TE00026,M0015,A018,2025-11-22,-1,425,-425,Reviewed discovery materials
TE00027,M0102,A018,2026-02-12,25,425,10625,Reviewed case documents and prepared analysis
TE00028,M0005,A013,2024-07-07,30,700,21000,Analyzed regulatory and compliance requirements
TE00029,M0079,A027,2026-03-22,0,400,0,Conducted client strategy conference
TE00030,M0064,A025,2025-11-28,-1,750,-750,Reviewed case documents and prepared analysis
TE00031,M0076,A001,2026-07-21,25,650,16250,Reviewed case documents and prepared analysis
TE00032,M0132,A016,2026-03-20,30,650,19500,Drafted correspondence and legal memorandum
TE00033,M0028,A025,2025-06-02,0,750,0,Performed legal research
TE00034,M0088,A024,2023-08-05,-1,450,-450,Prepared for witness interview
TE00035,M0110,A010,2026-01-01,25,750,18750,Reviewed case documents and prepared analysis
TE00036,M0012,A006,2024-09-28,30,375,11250,Performed legal research
TE00037,M0069,A037,2025-11-16,0,675,0,Reviewed billing and budget status
TE00038,M0099,A008,2025-02-19,-1,575,-575,Reviewed discovery materials
TE00039,M0014,A036,2025-12-13,25,375,9375,Coordinated matter planning with client team
TE00040,M0139,A025,2023-05-26,30,750,22500,Prepared matter status update
TE00041,MX0001,A003,2024-10-18,2,425,850,Prepared for witness interview
TE00042,MX0002,A009,2024-10-20,8,450,3600,Reviewed discovery materials
TE00043,MX0003,A025,2026-01-18,2.5,750,1875,Reviewed case documents and prepared analysis
TE00044,MX0004,A002,2026-04-19,2,550,1100,Prepared matter status update
TE00045,MX0005,A004,2026-01-24,5,725,3625,Prepared matter status update
TE00046,MX0006,A006,2025-10-28,7.5,375,2812.5,Coordinated matter planning with client team
TE00047,MX0007,A016,2024-08-30,3,650,1950,Prepared for witness interview
TE00048,MX0008,A012,2025-08-26,6.5,400,2600,Reviewed case documents and prepared analysis
TE00049,MX0009,A029,2025-12-15,3.5,600,2100,Coordinated matter planning with client team
TE00050,MX0010,A016,2025-11-16,5.5,650,3575,Reviewed discovery materials
TE00051,MX0011,A012,2023-12-04,2,400,800,Reviewed discovery materials
TE00052,MX0012,A004,2025-12-01,3.5,725,2537.5,Analyzed regulatory and compliance requirements
TE00053,MX0013,A005,2025-09-23,2.5,625,1562.5,Prepared matter status update
TE00054,MX0014,A002,2025-09-27,0.5,550,275,Reviewed discovery materials
TE00055,MX0015,A035,2025-12-09,3.5,625,2187.5,Prepared matter status update
TE00056,MX0016,A003,2023-05-28,6,425,2550,Reviewed discovery materials
TE00057,MX0017,A034,2023-03-01,0.5,725,362.5,Coordinated matter planning with client team
TE00058,MX0018,A017,2025-02-15,5.5,550,3025,Reviewed billing and budget status
TE00059,MX0019,A016,2024-12-14,7.5,650,4875,Reviewed case documents and prepared analysis
TE00060,MX0020,A029,2023-06-12,5.5,600,3300,Performed legal research
TE00061,MX0021,A004,2023-03-20,6.5,725,4712.5,Performed legal research
TE00062,MX0022,A030,2026-07-04,3,475,1425,Reviewed discovery materials
TE00063,MX0023,A034,2026-04-07,4.5,725,3262.5,Prepared matter status update
TE00064,MX0024,A016,2026-03-04,7,650,4550,Reviewed billing and budget status
TE00065,MX0025,A017,2026-04-08,0.5,550,275,Drafted correspondence and legal memorandum
TE00066,MX0026,A004,2023-07-05,4,725,2900,Prepared for witness interview
TE00067,MX0027,A016,2026-02-01,3.5,650,2275,Performed legal research
TE00068,MX0028,A021,2024-08-16,8,375,3000,Coordinated matter planning with client team
TE00069,MX0029,A032,2023-05-08,8,550,4400,Performed legal research
TE00070,MX0030,A017,2025-08-29,6,550,3300,Prepared for witness interview
TE00071,MX0031,A013,2025-06-08,6,700,4200,Analyzed regulatory and compliance requirements
TE00072,MX0032,A011,2025-12-13,5.5,525,2887.5,Drafted correspondence and legal memorandum
TE00073,MX0033,A001,2024-01-13,3.5,650,2275,Prepared for witness interview
TE00074,MX0034,A029,2026-04-18,0.5,600,300,Prepared for witness interview
TE00075,MX0035,A025,2025-04-07,4,750,3000,Prepared matter status update
TE00076,MX0036,A013,2024-09-13,1,700,700,Performed legal research
TE00077,MX0037,A006,2026-02-08,2.5,375,937.5,Analyzed regulatory and compliance requirements
TE00078,MX0038,A021,2025-09-02,4.5,375,1687.5,Reviewed case documents and prepared analysis
TE00079,MX0039,A025,2026-01-22,5,750,3750,Prepared for witness interview
TE00080,MX0040,A018,2024-11-06,7.5,425,3187.5,Coordinated matter planning with client team
TE00081,MX0041,A032,2026-05-18,5.5,550,3025,Prepared for witness interview
TE00082,MX0042,A023,2023-09-27,3.5,575,2012.5,Reviewed billing and budget status
TE00083,MX0043,A023,2026-05-08,5,575,2875,Drafted correspondence and legal memorandum
TE00084,MX0044,A034,2026-07-31,7.5,725,5437.5,Performed legal research
TE00085,MX0045,A001,2025-12-23,6.5,650,4225,Analyzed regulatory and compliance requirements
TE00086,MX0046,A029,2026-07-22,4.5,600,2700,Drafted correspondence and legal memorandum
TE00087,MX0047,A024,2024-11-08,3,450,1350,Reviewed case documents and prepared analysis
TE00088,MX0048,A036,2026-05-04,1,375,375,Reviewed billing and budget status
TE00089,MX0049,A010,2023-10-14,3,750,2250,Coordinated matter planning with client team
TE00090,MX0050,A032,2024-10-28,4.5,550,2475,Conducted client strategy conference
TE00091,M0092,A007,2024-09-11,7,,,Conducted client strategy conference
TE00092,M0129,A002,2023-08-30,5.5,,,Conducted client strategy conference
TE00093,M0128,A010,2024-05-10,6.5,,,Prepared matter status update
TE00094,M0073,A027,2025-12-28,8,,,Performed legal research
TE00095,M0031,A011,2024-12-21,7,,,Reviewed discovery materials
TE00096,M0091,A023,2026-01-20,0.5,,,Reviewed case documents and prepared analysis
TE00097,M0050,A029,2024-12-18,3.5,,,Drafted correspondence and legal memorandum
TE00098,M0127,A027,2023-12-07,0.5,,,Prepared for witness interview
TE00099,M0112,A012,2026-03-06,0.5,,,Reviewed billing and budget status
TE00100,M0141,A022,2026-07-14,6,,,Prepared matter status update
TE00101,M0005,A019,2025-09-15,7.5,,,Performed legal research
TE00102,M0005,A021,2025-01-04,6,,,Analyzed regulatory and compliance requirements
TE00103,M0143,A032,2025-06-12,3.5,,,Drafted correspondence and legal memorandum
TE00104,M0101,A020,2025-04-29,0.5,,,Drafted correspondence and legal memorandum
TE00105,M0115,A025,2026-01-29,5.5,,,Reviewed billing and budget status
TE00106,M0126,A030,2025-04-13,6,,,Prepared for witness interview
TE00107,M0001,A021,2025-03-31,4,,,Prepared matter status update
TE00108,M0045,A024,2026-06-06,6,,,Drafted correspondence and legal memorandum
TE00109,M0132,A018,2026-02-10,2.5,,,Prepared for witness interview
TE00110,M0027,A023,2024-01-19,3.5,,,Conducted client strategy conference
TE00111,M0023,A007,2026-08-01,6,675,4050,Prepared for witness interview
TE00112,M0023,A007,2026-08-01,6,675,4050,Prepared matter status update
TE00113,M0023,A007,2026-08-01,6,675,4050,Coordinated matter planning with client team
TE00114,M0024,A008,2026-08-01,6,575,3450,Prepared for witness interview
TE00115,M0024,A008,2026-08-01,6,575,3450,Conducted client strategy conference
TE00116,M0024,A008,2026-08-01,6,575,3450,Conducted client strategy conference
TE00117,M0025,A009,2026-08-01,6,450,2700,Prepared for witness interview
TE00118,M0025,A009,2026-08-01,6,450,2700,Reviewed billing and budget status
TE00119,M0025,A009,2026-08-01,6,450,2700,Analyzed regulatory and compliance requirements
TE00120,M0026,A010,2026-08-01,6,750,4500,Performed legal research
TE00121,M0026,A010,2026-08-01,6,750,4500,Reviewed billing and budget status
TE00122,M0026,A010,2026-08-01,6,750,4500,Prepared matter status update
TE00123,M0031,A011,2026-08-01,6,525,3150,Coordinated matter planning with client team
TE00124,M0031,A011,2026-08-01,6,525,3150,Reviewed discovery materials
TE00125,M0031,A011,2026-08-01,6,525,3150,Prepared for witness interview
TE00126,M0032,A012,2026-08-01,6,400,2400,Reviewed billing and budget status
TE00127,M0032,A012,2026-08-01,6,400,2400,Prepared for witness interview
TE00128,M0032,A012,2026-08-01,6,400,2400,Analyzed regulatory and compliance requirements
TE00129,M0033,A013,2026-08-01,6,700,4200,Prepared matter status update
TE00130,M0033,A013,2026-08-01,6,700,4200,Performed legal research
TE00131,M0033,A013,2026-08-01,6,700,4200,Coordinated matter planning with client team
TE00132,M0034,A014,2026-08-01,6,600,3600,Reviewed billing and budget status
TE00133,M0034,A014,2026-08-01,6,600,3600,Reviewed billing and budget status
TE00134,M0034,A014,2026-08-01,6,600,3600,Reviewed billing and budget status
TE00135,M0035,A015,2026-08-01,6,475,2850,Performed legal research
TE00136,M0035,A015,2026-08-01,6,475,2850,Prepared for witness interview
TE00137,M0035,A015,2026-08-01,6,475,2850,Prepared matter status update
TE00138,M0036,A016,2026-08-01,6,650,3900,Conducted client strategy conference
TE00139,M0036,A016,2026-08-01,6,650,3900,Reviewed case documents and prepared analysis
TE00140,M0036,A016,2026-08-01,6,650,3900,Drafted correspondence and legal memorandum
TE00141,M0041,A007,2026-08-02,6,675,4050,Reviewed discovery materials
TE00142,M0041,A007,2026-08-02,6,675,4050,Analyzed regulatory and compliance requirements
TE00143,M0041,A007,2026-08-02,6,675,4050,Coordinated matter planning with client team
TE00144,M0042,A008,2026-08-02,6,575,3450,Drafted correspondence and legal memorandum
TE00145,M0042,A008,2026-08-02,6,575,3450,Analyzed regulatory and compliance requirements
TE00146,M0042,A008,2026-08-02,6,575,3450,Prepared for witness interview
TE00147,M0043,A009,2026-08-02,6,450,2700,Performed legal research
TE00148,M0043,A009,2026-08-02,6,450,2700,Performed legal research
TE00149,M0043,A009,2026-08-02,6,450,2700,Drafted correspondence and legal memorandum
TE00150,M0044,A010,2026-08-02,6,750,4500,Reviewed billing and budget status
TE00151,M0044,A010,2026-08-02,6,750,4500,Reviewed case documents and prepared analysis
TE00152,M0044,A010,2026-08-02,6,750,4500,Prepared for witness interview
TE00153,M0045,A011,2026-08-02,6,525,3150,Reviewed case documents and prepared analysis
TE00154,M0045,A011,2026-08-02,6,525,3150,Prepared for witness interview
TE00155,M0045,A011,2026-08-02,6,525,3150,Performed legal research
TE00156,M0046,A012,2026-08-02,6,400,2400,Reviewed discovery materials
TE00157,M0046,A012,2026-08-02,6,400,2400,Coordinated matter planning with client team
TE00158,M0046,A012,2026-08-02,6,400,2400,Reviewed discovery materials
TE00159,M0051,A013,2026-08-02,6,700,4200,Reviewed billing and budget status
TE00160,M0051,A013,2026-08-02,6,700,4200,Drafted correspondence and legal memorandum
TE00161,M0051,A013,2026-08-02,6,700,4200,Coordinated matter planning with client team
TE00162,M0052,A014,2026-08-02,6,600,3600,Reviewed discovery materials
TE00163,M0052,A014,2026-08-02,6,600,3600,Conducted client strategy conference
TE00164,M0052,A014,2026-08-02,6,600,3600,Prepared matter status update
TE00165,M0053,A015,2026-08-02,6,475,2850,Reviewed discovery materials
TE00166,M0053,A015,2026-08-02,6,475,2850,Coordinated matter planning with client team
TE00167,M0053,A015,2026-08-02,6,475,2850,Performed legal research
TE00168,M0054,A016,2026-08-02,6,650,3900,Drafted correspondence and legal memorandum
TE00169,M0054,A016,2026-08-02,6,650,3900,Prepared for witness interview
TE00170,M0054,A016,2026-08-02,6,650,3900,Reviewed billing and budget status
TE00171,M0055,A007,2026-08-03,6,675,4050,Prepared matter status update
TE00172,M0055,A007,2026-08-03,6,675,4050,Reviewed discovery materials
TE00173,M0055,A007,2026-08-03,6,675,4050,Performed legal research
TE00174,M0056,A008,2026-08-03,6,575,3450,Analyzed regulatory and compliance requirements
TE00175,M0056,A008,2026-08-03,6,575,3450,Performed legal research
TE00176,M0056,A008,2026-08-03,6,575,3450,Performed legal research
TE00177,M0061,A009,2026-08-03,6,450,2700,Performed legal research
TE00178,M0061,A009,2026-08-03,6,450,2700,Reviewed discovery materials
TE00179,M0061,A009,2026-08-03,6,450,2700,Reviewed case documents and prepared analysis
TE00180,M0062,A010,2026-08-03,6,750,4500,Conducted client strategy conference
TE00181,M0062,A010,2026-08-03,6,750,4500,Reviewed discovery materials
TE00182,M0062,A010,2026-08-03,6,750,4500,Analyzed regulatory and compliance requirements
TE00183,M0063,A011,2026-08-03,6,525,3150,Prepared matter status update
TE00184,M0063,A011,2026-08-03,6,525,3150,Reviewed discovery materials
TE00185,M0063,A011,2026-08-03,6,525,3150,Conducted client strategy conference
TE00186,M0064,A012,2026-08-03,6,400,2400,Performed legal research
TE00187,M0064,A012,2026-08-03,6,400,2400,Conducted client strategy conference
TE00188,M0064,A012,2026-08-03,6,400,2400,Prepared matter status update
TE00189,M0065,A013,2026-08-03,6,700,4200,Conducted client strategy conference
TE00190,M0065,A013,2026-08-03,6,700,4200,Performed legal research
TE00191,M0065,A013,2026-08-03,6,700,4200,Reviewed case documents and prepared analysis
TE00192,M0066,A014,2026-08-03,6,600,3600,Reviewed discovery materials
TE00193,M0066,A014,2026-08-03,6,600,3600,Reviewed billing and budget status
TE00194,M0066,A014,2026-08-03,6,600,3600,Prepared matter status update
TE00195,M0071,A015,2026-08-03,6,475,2850,Prepared matter status update
TE00196,M0071,A015,2026-08-03,6,475,2850,Prepared for witness interview
TE00197,M0071,A015,2026-08-03,6,475,2850,Prepared matter status update
TE00198,M0072,A016,2026-08-03,6,650,3900,Drafted correspondence and legal memorandum
TE00199,M0072,A016,2026-08-03,6,650,3900,Prepared matter status update
TE00200,M0072,A016,2026-08-03,6,650,3900,Reviewed case documents and prepared analysis
TE00201,M0121,A016,2025-08-13,5,650,3250,Conducted client strategy conference
TE00202,M0022,A026,2024-03-16,7.5,525,3937.5,Drafted correspondence and legal memorandum
TE00203,M0149,A027,2024-05-05,4.5,400,1800,Reviewed case documents and prepared analysis
TE00204,M0142,A027,2025-06-14,2,400,800,Analyzed regulatory and compliance requirements
TE00205,M0034,A032,2026-05-22,1,550,550,Drafted correspondence and legal memorandum
TE00206,M0063,A037,2024-11-15,1.5,675,1012.5,Prepared matter status update
TE00207,M0041,A024,2025-11-18,5,450,2250,Prepared matter status update
TE00208,M0090,A027,2024-01-15,0.5,400,200,Coordinated matter planning with client team
TE00209,M0020,A013,2025-12-14,2,700,1400,Conducted client strategy conference
TE00210,M0027,A012,2024-05-21,7,400,2800,Performed legal research
TE00211,M0051,A016,2026-05-03,5,650,3250,Reviewed billing and budget status
TE00212,M0045,A012,2026-05-18,6.5,400,2600,Reviewed case documents and prepared analysis
TE00213,M0138,A003,2023-10-19,8,425,3400,Coordinated matter planning with client team
TE00214,M0032,A005,2026-06-12,3.5,625,2187.5,Prepared for witness interview
TE00215,M0009,A036,2023-11-28,3.5,375,1312.5,Prepared for witness interview
TE00216,M0036,A019,2024-09-24,6,725,4350,Conducted client strategy conference
TE00217,M0043,A018,2026-07-25,6,425,2550,Reviewed discovery materials
TE00218,M0123,A022,2026-05-26,1,675,675,Reviewed case documents and prepared analysis
TE00219,M0040,A015,2025-08-17,6.5,475,3087.5,Drafted correspondence and legal memorandum
TE00220,M0054,A020,2026-03-25,0.5,625,312.5,Analyzed regulatory and compliance requirements
TE00221,M0049,A010,2023-08-27,7.5,750,5625,Analyzed regulatory and compliance requirements
TE00222,M0127,A008,2023-12-14,0.5,575,287.5,Analyzed regulatory and compliance requirements
TE00223,M0075,A011,2026-05-27,8,525,4200,Reviewed discovery materials
TE00224,M0035,A028,2024-12-03,4,700,2800,Coordinated matter planning with client team
TE00225,M0098,A001,2023-09-20,4,650,2600,Drafted correspondence and legal memorandum
TE00226,M0137,A037,2025-01-25,6.5,675,4387.5,Conducted client strategy conference
TE00227,M0116,A012,2024-07-27,4.5,400,1800,Conducted client strategy conference
TE00228,M0103,A037,2023-11-30,5.5,675,3712.5,Reviewed billing and budget status
TE00229,M0011,A030,2025-08-21,6.5,475,3087.5,Drafted correspondence and legal memorandum
TE00230,M0108,A006,2025-02-22,5,375,1875,Performed legal research
TE00231,M0097,A031,2024-01-04,0.5,650,325,Analyzed regulatory and compliance requirements
TE00232,M0088,A002,2023-08-24,0.5,550,275,Reviewed billing and budget status
TE00233,M0050,A014,2025-08-23,2,600,1200,Coordinated matter planning with client team
TE00234,M0064,A034,2024-08-12,1.5,725,1087.5,Reviewed discovery materials
TE00235,M0116,A003,2026-06-01,5.5,425,2337.5,Reviewed billing and budget status
TE00236,M0045,A003,2026-03-08,5,425,2125,Conducted client strategy conference
TE00237,M0019,A009,2025-11-23,2,450,900,Reviewed billing and budget status
TE00238,M0070,A007,2025-09-21,5,675,3375,Reviewed billing and budget status
TE00239,M0125,A018,2025-08-28,8,425,3400,Performed legal research
TE00240,M0102,A018,2026-07-06,8,425,3400,Performed legal research
TE00241,M0130,A007,2025-12-26,2,675,1350,Reviewed discovery materials
TE00242,M0015,A005,2026-02-18,8,625,5000,Coordinated matter planning with client team
TE00243,M0075,A003,2023-12-19,7.5,425,3187.5,Analyzed regulatory and compliance requirements
TE00244,M0105,A007,2024-10-31,7.5,675,5062.5,Reviewed billing and budget status
TE00245,M0080,A017,2024-12-30,4,550,2200,Prepared for witness interview
TE00246,M0120,A015,2026-07-24,7,475,3325,Conducted client strategy conference
TE00247,M0144,A004,2025-09-01,6.5,725,4712.5,Performed legal research
TE00248,M0030,A004,2024-07-20,2,725,1450,Coordinated matter planning with client team
TE00249,M0010,A020,2024-07-25,2.5,625,1562.5,Prepared matter status update
TE00250,M0082,A028,2024-07-26,4,700,2800,Performed legal research
TE00251,M0142,A018,2025-03-04,1,425,425,Reviewed case documents and prepared analysis
TE00252,M0049,A019,2023-08-18,6.5,725,4712.5,Prepared matter status update
TE00253,M0124,A018,2025-11-13,0.5,425,212.5,Drafted correspondence and legal memorandum
TE00254,M0126,A020,2024-11-12,7,625,4375,Prepared matter status update
TE00255,M0148,A018,2024-12-16,2,425,850,Prepared matter status update
TE00256,M0027,A024,2024-06-07,2,450,900,Performed legal research
TE00257,M0026,A036,2024-11-19,0.5,375,187.5,Prepared for witness interview
TE00258,M0135,A017,2025-10-03,3,550,1650,Prepared for witness interview
TE00259,M0060,A037,2024-10-03,4.5,675,3037.5,Prepared matter status update
TE00260,M0065,A023,2025-12-04,1.5,575,862.5,Prepared matter status update
TE00261,M0057,A025,2024-06-12,5.5,750,4125,Reviewed discovery materials
TE00262,M0116,A030,2024-03-20,6.5,475,3087.5,Prepared for witness interview
TE00263,M0093,A001,2025-09-13,2.5,650,1625,Coordinated matter planning with client team
TE00264,M0005,A036,2024-01-31,3.5,375,1312.5,Coordinated matter planning with client team
TE00265,M0133,A009,2024-11-16,4.5,450,2025,Performed legal research
TE00266,M0086,A031,2026-02-22,4.5,650,2925,Prepared matter status update
TE00267,M0136,A012,2026-02-07,8,400,3200,Prepared for witness interview
TE00268,M0136,A037,2026-01-16,3,675,2025,Coordinated matter planning with client team
TE00269,M0098,A020,2023-10-21,3.5,625,2187.5,Coordinated matter planning with client team
TE00270,M0135,A026,2025-08-11,4,525,2100,Conducted client strategy conference
TE00271,M0007,A001,2025-07-28,4,650,2600,Coordinated matter planning with client team
TE00272,M0135,A034,2025-05-08,1,725,725,Analyzed regulatory and compliance requirements
TE00273,M0140,A019,2025-04-12,1,725,725,Reviewed billing and budget status
TE00274,M0127,A003,2023-08-08,4,425,1700,Analyzed regulatory and compliance requirements
TE00275,M0066,A024,2025-12-14,4.5,450,2025,Drafted correspondence and legal memorandum
TE00276,M0134,A001,2024-12-18,5.5,650,3575,Drafted correspondence and legal memorandum
TE00277,M0020,A024,2025-05-01,5,450,2250,Drafted correspondence and legal memorandum
TE00278,M0055,A005,2025-05-14,0.5,625,312.5,Performed legal research
TE00279,M0112,A013,2025-05-16,2.5,700,1750,Conducted client strategy conference
TE00280,M0113,A016,2025-07-06,1,650,650,Performed legal research
TE00281,M0074,A027,2026-06-11,2,400,800,Reviewed billing and budget status
TE00282,M0120,A027,2026-05-04,6,400,2400,Conducted client strategy conference
TE00283,M0080,A001,2025-11-14,5,650,3250,Reviewed discovery materials
TE00284,M0148,A016,2025-02-07,2.5,650,1625,Prepared matter status update
TE00285,M0062,A034,2024-01-17,0.5,725,362.5,Reviewed case documents and prepared analysis
TE00286,M0096,A001,2025-06-24,3,650,1950,Prepared for witness interview
TE00287,M0061,A009,2024-12-27,8,450,3600,Analyzed regulatory and compliance requirements
TE00288,M0046,A035,2025-08-04,0.5,625,312.5,Reviewed case documents and prepared analysis
TE00289,M0077,A025,2023-09-22,7.5,750,5625,Prepared matter status update
TE00290,M0017,A021,2024-04-26,1,375,375,Analyzed regulatory and compliance requirements
TE00291,M0145,A010,2026-05-24,3,750,2250,Drafted correspondence and legal memorandum
TE00292,M0132,A002,2026-01-21,2.5,550,1375,Analyzed regulatory and compliance requirements
TE00293,M0075,A016,2024-06-19,2.5,650,1625,Prepared for witness interview
TE00294,M0068,A002,2024-04-23,4.5,550,2475,Prepared matter status update
TE00295,M0125,A024,2025-02-07,6.5,450,2925,Reviewed billing and budget status
TE00296,M0068,A009,2024-05-08,3,450,1350,Reviewed billing and budget status
TE00297,M0066,A033,2026-02-25,4,425,1700,Drafted correspondence and legal memorandum
TE00298,M0010,A001,2023-06-04,1,650,650,Performed legal research
TE00299,M0109,A006,2025-07-15,3,375,1125,Reviewed case documents and prepared analysis
TE00300,M0101,A010,2025-04-14,7,750,5250,Prepared for witness interview
TE00301,M0085,A007,2026-03-16,6.5,675,4387.5,Analyzed regulatory and compliance requirements
TE00302,M0076,A011,2023-12-06,5.5,525,2887.5,Prepared matter status update
TE00303,M0080,A010,2026-06-20,2,750,1500,Reviewed billing and budget status
TE00304,M0081,A023,2026-02-18,8,575,4600,Prepared matter status update
TE00305,M0043,A030,2025-06-09,4,475,1900,Performed legal research
TE00306,M0131,A023,2025-05-25,6.5,575,3737.5,Analyzed regulatory and compliance requirements
TE00307,M0063,A027,2024-08-30,8,400,3200,Analyzed regulatory and compliance requirements
TE00308,M0135,A004,2025-08-09,3,725,2175,Analyzed regulatory and compliance requirements
TE00309,M0141,A023,2026-01-12,1.5,575,862.5,Performed legal research
TE00310,M0136,A034,2026-02-25,3,725,2175,Conducted client strategy conference
TE00311,M0076,A028,2023-10-26,2.5,700,1750,Reviewed billing and budget status
TE00312,M0129,A006,2023-02-28,0.5,375,187.5,Conducted client strategy conference
TE00313,M0116,A022,2026-03-13,4.5,675,3037.5,Reviewed case documents and prepared analysis
TE00314,M0115,A010,2025-07-08,6.5,750,4875,Prepared matter status update
TE00315,M0145,A022,2025-10-25,4.5,675,3037.5,Prepared matter status update
TE00316,M0069,A002,2025-12-09,2,550,1100,Drafted correspondence and legal memorandum
TE00317,M0124,A029,2026-03-08,4.5,600,2700,Conducted client strategy conference
TE00318,M0092,A007,2024-06-20,1,675,675,Performed legal research
TE00319,M0106,A008,2026-02-04,4.5,575,2587.5,Reviewed billing and budget status
TE00320,M0040,A020,2026-03-18,7.5,625,4687.5,Analyzed regulatory and compliance requirements
TE00321,M0074,A033,2025-11-27,1,425,425,Performed legal research
TE00322,M0062,A017,2026-02-25,4.5,550,2475,Conducted client strategy conference
TE00323,M0090,A028,2025-10-01,8,700,5600,Drafted correspondence and legal memorandum
TE00324,M0110,A019,2026-06-12,2,725,1450,Analyzed regulatory and compliance requirements
TE00325,M0133,A030,2024-05-07,2,475,950,Reviewed discovery materials
TE00326,M0094,A001,2025-06-14,0.5,650,325,Reviewed case documents and prepared analysis
TE00327,M0096,A022,2026-05-31,4,675,2700,Analyzed regulatory and compliance requirements
TE00328,M0029,A026,2025-03-12,5,525,2625,Prepared matter status update
TE00329,M0111,A009,2025-12-14,2.5,450,1125,Coordinated matter planning with client team
TE00330,M0016,A005,2023-01-21,3,625,1875,Drafted correspondence and legal memorandum
TE00331,M0070,A003,2026-04-10,1,425,425,Coordinated matter planning with client team
TE00332,M0084,A004,2025-09-28,8,725,5800,Prepared matter status update
TE00333,M0022,A027,2024-03-21,7.5,400,3000,Conducted client strategy conference
TE00334,M0054,A015,2024-09-04,8,475,3800,Drafted correspondence and legal memorandum
TE00335,M0041,A004,2025-09-19,7,725,5075,Analyzed regulatory and compliance requirements
TE00336,M0011,A036,2024-12-21,6,375,2250,Prepared matter status update
TE00337,M0080,A033,2025-07-24,3.5,425,1487.5,Conducted client strategy conference
TE00338,M0029,A019,2025-04-03,4.5,725,3262.5,Reviewed billing and budget status
TE00339,M0012,A034,2025-08-27,3,725,2175,Analyzed regulatory and compliance requirements
TE00340,M0032,A034,2026-04-16,1.5,725,1087.5,Analyzed regulatory and compliance requirements
TE00341,M0085,A025,2026-05-07,5.5,750,4125,Prepared matter status update
TE00342,M0113,A030,2026-01-07,0.5,475,237.5,Performed legal research
TE00343,M0093,A034,2025-12-29,7.5,725,5437.5,Analyzed regulatory and compliance requirements
TE00344,M0007,A028,2025-03-26,2.5,700,1750,Reviewed case documents and prepared analysis
TE00345,M0131,A005,2025-04-06,4,625,2500,Reviewed case documents and prepared analysis
TE00346,M0080,A013,2024-03-03,6.5,700,4550,Prepared for witness interview
TE00347,M0127,A036,2023-04-15,3,375,1125,Reviewed discovery materials
TE00348,M0129,A028,2023-10-18,7,700,4900,Prepared for witness interview
TE00349,M0102,A018,2026-07-08,7.5,425,3187.5,Analyzed regulatory and compliance requirements
TE00350,M0013,A024,2026-06-07,0.5,450,225,Conducted client strategy conference
TE00351,M0009,A010,2024-08-17,8,750,6000,Reviewed case documents and prepared analysis
TE00352,M0128,A014,2024-06-30,0.5,600,300,Reviewed discovery materials
TE00353,M0132,A003,2025-09-16,2.5,425,1062.5,Prepared for witness interview
TE00354,M0103,A007,2024-01-31,7.5,675,5062.5,Performed legal research
TE00355,M0065,A014,2025-11-10,5.5,600,3300,Performed legal research
TE00356,M0084,A002,2026-06-17,5,550,2750,Coordinated matter planning with client team
TE00357,M0012,A016,2025-02-01,3.5,650,2275,Reviewed case documents and prepared analysis
TE00358,M0028,A031,2025-09-03,2.5,650,1625,Conducted client strategy conference
TE00359,M0090,A024,2024-01-30,8,450,3600,Performed legal research
TE00360,M0092,A029,2023-07-11,7,600,4200,Reviewed discovery materials
TE00361,M0114,A012,2025-11-30,2,400,800,Drafted correspondence and legal memorandum
TE00362,M0127,A030,2023-09-04,1.5,475,712.5,Coordinated matter planning with client team
TE00363,M0039,A023,2024-05-17,6.5,575,3737.5,Reviewed case documents and prepared analysis
TE00364,M0112,A008,2023-07-13,7,575,4025,Performed legal research
TE00365,M0017,A036,2025-10-27,4.5,375,1687.5,Prepared for witness interview
TE00366,M0105,A002,2026-07-29,3,550,1650,Reviewed discovery materials
TE00367,M0097,A003,2023-07-23,5,425,2125,Reviewed billing and budget status
TE00368,M0034,A022,2026-07-12,5,675,3375,Analyzed regulatory and compliance requirements
TE00369,M0097,A031,2023-08-18,1,650,650,Analyzed regulatory and compliance requirements
TE00370,M0084,A002,2025-05-27,6,550,3300,Drafted correspondence and legal memorandum
TE00371,M0072,A003,2023-09-03,6,425,2550,Drafted correspondence and legal memorandum
TE00372,M0034,A028,2025-10-21,2.5,700,1750,Performed legal research
TE00373,M0119,A005,2024-02-25,5,625,3125,Performed legal research
TE00374,M0056,A008,2024-11-21,6.5,575,3737.5,Reviewed case documents and prepared analysis
TE00375,M0077,A019,2024-01-30,7,725,5075,Conducted client strategy conference
TE00376,M0137,A012,2024-10-09,5,400,2000,Reviewed discovery materials
TE00377,M0076,A010,2024-09-08,4.5,750,3375,Performed legal research
TE00378,M0045,A037,2025-11-17,7,675,4725,Prepared matter status update
TE00379,M0068,A037,2024-03-04,6,675,4050,Conducted client strategy conference
TE00380,M0125,A019,2025-01-04,5.5,725,3987.5,Performed legal research
TE00381,M0082,A012,2024-12-13,5,400,2000,Prepared for witness interview
TE00382,M0147,A034,2023-05-04,4,725,2900,Reviewed billing and budget status
TE00383,M0114,A008,2025-03-08,2.5,575,1437.5,Drafted correspondence and legal memorandum
TE00384,M0128,A004,2024-12-02,6,725,4350,Performed legal research
TE00385,M0067,A024,2023-05-25,2,450,900,Reviewed discovery materials
TE00386,M0064,A007,2024-12-14,6,675,4050,Analyzed regulatory and compliance requirements
TE00387,M0107,A024,2025-06-23,6,450,2700,Drafted correspondence and legal memorandum
TE00388,M0116,A025,2024-08-11,4.5,750,3375,Analyzed regulatory and compliance requirements
TE00389,M0052,A024,2024-07-08,2.5,450,1125,Prepared for witness interview
TE00390,M0096,A020,2026-05-02,5,625,3125,Analyzed regulatory and compliance requirements
TE00391,M0051,A018,2024-10-08,7.5,425,3187.5,Performed legal research
TE00392,M0084,A002,2025-09-15,2.5,550,1375,Drafted correspondence and legal memorandum
TE00393,M0116,A009,2025-07-07,2.5,450,1125,Reviewed case documents and prepared analysis
TE00394,M0046,A005,2024-07-05,4,625,2500,Analyzed regulatory and compliance requirements
TE00395,M0018,A005,2025-08-21,0.5,625,312.5,Analyzed regulatory and compliance requirements
TE00396,M0084,A009,2025-05-06,6.5,450,2925,Prepared for witness interview
TE00397,M0030,A010,2025-01-13,1.5,750,1125,Reviewed billing and budget status
TE00398,M0101,A004,2025-04-20,3,725,2175,Conducted client strategy conference
TE00399,M0057,A026,2024-03-29,6.5,525,3412.5,Prepared matter status update
TE00400,M0101,A018,2025-07-20,7,425,2975,Reviewed discovery materials
TE00401,M0046,A015,2024-12-26,2,475,950,Prepared for witness interview
TE00402,M0076,A014,2026-07-22,6,600,3600,Drafted correspondence and legal memorandum
TE00403,M0143,A022,2026-03-13,5,675,3375,Analyzed regulatory and compliance requirements
TE00404,M0150,A030,2026-03-04,5,475,2375,Conducted client strategy conference
TE00405,M0115,A005,2025-07-04,6.5,625,4062.5,Reviewed billing and budget status
TE00406,M0134,A018,2024-11-17,4.5,425,1912.5,Reviewed discovery materials
TE00407,M0134,A019,2024-05-21,2,725,1450,Conducted client strategy conference
TE00408,M0018,A022,2026-05-04,1,675,675,Analyzed regulatory and compliance requirements
TE00409,M0003,A018,2023-07-03,8,425,3400,Drafted correspondence and legal memorandum
TE00410,M0026,A020,2025-10-28,5,625,3125,Conducted client strategy conference
TE00411,M0086,A030,2025-05-13,3,475,1425,Drafted correspondence and legal memorandum
TE00412,M0126,A022,2025-05-28,6.5,675,4387.5,Reviewed case documents and prepared analysis
TE00413,M0133,A007,2025-10-01,4.5,675,3037.5,Prepared matter status update
TE00414,M0058,A025,2023-11-08,8,750,6000,Analyzed regulatory and compliance requirements
TE00415,M0086,A032,2025-02-21,4,550,2200,Coordinated matter planning with client team
TE00416,M0046,A031,2024-06-09,6,650,3900,Reviewed discovery materials
TE00417,M0111,A005,2026-07-13,8,625,5000,Performed legal research
TE00418,M0030,A030,2026-01-25,0.5,475,237.5,Prepared matter status update
TE00419,M0108,A037,2025-03-12,2,675,1350,Prepared matter status update
TE00420,M0032,A025,2025-09-15,7,750,5250,Prepared for witness interview
TE00421,M0063,A035,2024-12-26,2.5,625,1562.5,Analyzed regulatory and compliance requirements
TE00422,M0064,A019,2025-06-14,5,725,3625,Prepared for witness interview
TE00423,M0038,A008,2023-11-08,1,575,575,Coordinated matter planning with client team
TE00424,M0150,A011,2026-03-21,6,525,3150,Coordinated matter planning with client team
TE00425,M0128,A034,2024-09-18,1,725,725,Conducted client strategy conference
TE00426,M0114,A006,2025-05-15,7,375,2625,Reviewed billing and budget status
TE00427,M0110,A002,2026-04-23,8,550,4400,Prepared for witness interview
TE00428,M0138,A027,2023-12-15,3,400,1200,Prepared matter status update
TE00429,M0035,A032,2026-03-22,4.5,550,2475,Drafted correspondence and legal memorandum
TE00430,M0084,A014,2026-06-06,1.5,600,900,Performed legal research
TE00431,M0107,A020,2025-07-01,2.5,625,1562.5,Analyzed regulatory and compliance requirements
TE00432,M0101,A005,2026-02-07,2.5,625,1562.5,Reviewed discovery materials
TE00433,M0131,A003,2025-10-16,3.5,425,1487.5,Reviewed case documents and prepared analysis
TE00434,M0037,A014,2026-02-26,4.5,600,2700,Coordinated matter planning with client team
TE00435,M0083,A029,2024-08-05,6.5,600,3900,Reviewed case documents and prepared analysis
TE00436,M0073,A012,2026-03-09,3.5,400,1400,Drafted correspondence and legal memorandum
TE00437,M0099,A022,2024-12-28,6.5,675,4387.5,Analyzed regulatory and compliance requirements
TE00438,M0094,A012,2025-11-30,2,400,800,Reviewed case documents and prepared analysis
TE00439,M0024,A014,2024-06-21,7.5,600,4500,Drafted correspondence and legal memorandum
TE00440,M0055,A007,2026-03-27,6,675,4050,Performed legal research
TE00441,M0117,A036,2023-02-07,2.5,375,937.5,Reviewed billing and budget status
TE00442,M0026,A004,2026-07-11,1.5,725,1087.5,Reviewed case documents and prepared analysis
TE00443,M0149,A005,2024-02-15,4.5,625,2812.5,Reviewed billing and budget status
TE00444,M0007,A001,2025-04-07,4,650,2600,Analyzed regulatory and compliance requirements
TE00445,M0025,A019,2024-03-19,3,725,2175,Prepared for witness interview
TE00446,M0114,A022,2024-08-04,3,675,2025,Analyzed regulatory and compliance requirements
TE00447,M0016,A023,2023-04-17,3,575,1725,Drafted correspondence and legal memorandum
TE00448,M0038,A008,2023-07-07,7.5,575,4312.5,Conducted client strategy conference
TE00449,M0132,A025,2025-08-19,6,750,4500,Drafted correspondence and legal memorandum
TE00450,M0029,A001,2025-04-05,2.5,650,1625,Reviewed billing and budget status
TE00451,M0022,A025,2026-01-13,5.5,750,4125,Drafted correspondence and legal memorandum
TE00452,M0076,A028,2023-08-05,2.5,700,1750,Reviewed case documents and prepared analysis
TE00453,M0026,A033,2025-09-10,7.5,425,3187.5,Performed legal research
TE00454,M0130,A015,2025-04-17,6,475,2850,Prepared matter status update
TE00455,M0144,A018,2025-08-01,7.5,425,3187.5,Prepared matter status update
TE00456,M0135,A021,2026-04-09,4.5,375,1687.5,Drafted correspondence and legal memorandum
TE00457,M0010,A015,2025-06-24,2.5,475,1187.5,Drafted correspondence and legal memorandum
TE00458,M0101,A001,2025-11-10,7.5,650,4875,Analyzed regulatory and compliance requirements
TE00459,M0075,A003,2024-01-11,0.5,425,212.5,Analyzed regulatory and compliance requirements
TE00460,M0133,A024,2025-06-20,7,450,3150,Conducted client strategy conference
TE00461,M0120,A011,2026-06-08,7,525,3675,Coordinated matter planning with client team
TE00462,M0125,A011,2026-03-07,3,525,1575,Conducted client strategy conference
TE00463,M0045,A016,2025-06-23,3.5,650,2275,Prepared for witness interview
TE00464,M0081,A024,2025-08-06,2.5,450,1125,Analyzed regulatory and compliance requirements
TE00465,M0139,A013,2023-06-08,6.5,700,4550,Drafted correspondence and legal memorandum
TE00466,M0073,A029,2026-03-06,5,600,3000,Prepared matter status update
TE00467,M0023,A027,2025-07-15,5,400,2000,Performed legal research
TE00468,M0116,A001,2025-01-14,1,650,650,Analyzed regulatory and compliance requirements
TE00469,M0060,A025,2024-07-08,2.5,750,1875,Reviewed discovery materials
TE00470,M0145,A006,2025-11-11,8,375,3000,Reviewed discovery materials
TE00471,M0132,A032,2026-02-27,2,550,1100,Performed legal research
TE00472,M0032,A013,2025-10-28,4.5,700,3150,Coordinated matter planning with client team
TE00473,M0087,A012,2026-02-10,1.5,400,600,Prepared matter status update
TE00474,M0136,A025,2026-02-25,4,750,3000,Prepared for witness interview
TE00475,M0060,A005,2024-08-06,6.5,625,4062.5,Reviewed billing and budget status
TE00476,M0003,A037,2025-01-13,7.5,675,5062.5,Reviewed billing and budget status
TE00477,M0011,A014,2024-06-29,6.5,600,3900,Analyzed regulatory and compliance requirements
TE00478,M0027,A005,2024-06-24,8,625,5000,Coordinated matter planning with client team
TE00479,M0054,A034,2025-12-30,4,725,2900,Prepared for witness interview
TE00480,M0052,A006,2023-08-24,2,375,750,Coordinated matter planning with client team
TE00481,M0148,A025,2025-02-08,4,750,3000,Prepared for witness interview
TE00482,M0046,A028,2025-06-28,1.5,700,1050,Reviewed case documents and prepared analysis
TE00483,M0042,A030,2025-09-06,5,475,2375,Drafted correspondence and legal memorandum
TE00484,M0147,A019,2023-05-18,2.5,725,1812.5,Drafted correspondence and legal memorandum
TE00485,M0076,A001,2024-06-12,2,650,1300,Prepared for witness interview
TE00486,M0068,A004,2023-12-13,2.5,725,1812.5,Reviewed case documents and prepared analysis
TE00487,M0131,A019,2025-12-10,3.5,725,2537.5,Drafted correspondence and legal memorandum
TE00488,M0074,A023,2025-12-06,7,575,4025,Reviewed discovery materials
TE00489,M0003,A017,2025-06-30,1,550,550,Prepared for witness interview
TE00490,M0123,A008,2026-02-12,4.5,575,2587.5,Reviewed case documents and prepared analysis
TE00491,M0030,A022,2025-05-29,3.5,675,2362.5,Analyzed regulatory and compliance requirements
TE00492,M0102,A001,2025-10-01,7.5,650,4875,Coordinated matter planning with client team
TE00493,M0057,A014,2024-12-24,6.5,600,3900,Conducted client strategy conference
TE00494,M0098,A018,2023-12-15,6,425,2550,Reviewed billing and budget status
TE00495,M0018,A027,2025-02-03,2,400,800,Prepared matter status update
TE00496,M0127,A014,2023-06-12,7.5,600,4500,Reviewed billing and budget status
TE00497,M0033,A031,2024-11-10,3,650,1950,Conducted client strategy conference
TE00498,M0123,A035,2026-06-04,6,625,3750,Reviewed discovery materials
TE00499,M0109,A020,2025-03-07,7,625,4375,Performed legal research
TE00500,M0028,A009,2025-05-27,5,450,2250,Reviewed billing and budget status
TE00501,M0109,A027,2025-05-30,7,400,2800,Reviewed discovery materials
TE00502,M0011,A013,2025-01-23,4,700,2800,Performed legal research
TE00503,M0012,A020,2025-11-21,2,625,1250,Reviewed billing and budget status
TE00504,M0096,A011,2025-12-26,0.5,525,262.5,Reviewed case documents and prepared analysis
TE00505,M0136,A014,2026-06-03,7.5,600,4500,Prepared matter status update
TE00506,M0148,A035,2024-08-31,2.5,625,1562.5,Performed legal research
TE00507,M0126,A009,2025-08-05,4.5,450,2025,Prepared for witness interview
TE00508,M0083,A009,2025-07-15,5.5,450,2475,Performed legal research
TE00509,M0036,A007,2025-03-02,6,675,4050,Reviewed billing and budget status
TE00510,M0130,A013,2026-05-07,2.5,700,1750,Analyzed regulatory and compliance requirements
TE00511,M0114,A037,2025-07-14,7,675,4725,Reviewed case documents and prepared analysis
TE00512,M0119,A007,2024-02-02,0.5,675,337.5,Reviewed discovery materials
TE00513,M0101,A024,2026-04-15,5,450,2250,Performed legal research
TE00514,M0090,A028,2024-11-13,3.5,700,2450,Coordinated matter planning with client team
TE00515,M0079,A002,2026-04-11,2.5,550,1375,Prepared matter status update
TE00516,M0009,A003,2023-10-19,3,425,1275,Coordinated matter planning with client team
TE00517,M0085,A012,2026-07-05,3.5,400,1400,Coordinated matter planning with client team
TE00518,M0148,A036,2024-12-28,4,375,1500,Performed legal research
TE00519,M0083,A034,2025-12-16,8,725,5800,Performed legal research
TE00520,M0092,A036,2024-10-14,8,375,3000,Performed legal research
TE00521,M0025,A018,2025-09-07,5.5,425,2337.5,Reviewed billing and budget status
TE00522,M0148,A030,2025-02-26,7.5,475,3562.5,Analyzed regulatory and compliance requirements
TE00523,M0030,A024,2026-02-03,1.5,450,675,Conducted client strategy conference
TE00524,M0107,A006,2025-04-15,6,375,2250,Performed legal research
TE00525,M0136,A029,2025-11-21,6,600,3600,Drafted correspondence and legal memorandum
TE00526,M0144,A015,2024-11-18,0.5,475,237.5,Conducted client strategy conference
TE00527,M0017,A024,2024-01-10,6.5,450,2925,Coordinated matter planning with client team
TE00528,M0001,A016,2025-04-26,0.5,650,325,Coordinated matter planning with client team
TE00529,M0086,A037,2025-03-18,5,675,3375,Prepared matter status update
TE00530,M0062,A036,2024-02-12,8,375,3000,Analyzed regulatory and compliance requirements
TE00531,M0067,A035,2023-02-22,4,625,2500,Analyzed regulatory and compliance requirements
TE00532,M0016,A016,2026-03-08,6.5,650,4225,Prepared matter status update
TE00533,M0091,A010,2024-03-23,6,750,4500,Analyzed regulatory and compliance requirements
TE00534,M0088,A001,2024-03-06,4,650,2600,Reviewed billing and budget status
TE00535,M0125,A029,2024-05-12,1.5,600,900,Analyzed regulatory and compliance requirements
TE00536,M0020,A011,2026-05-03,6.5,525,3412.5,Coordinated matter planning with client team
TE00537,M0106,A014,2025-08-17,1.5,600,900,Drafted correspondence and legal memorandum
TE00538,M0049,A027,2023-05-10,3.5,400,1400,Reviewed billing and budget status
TE00539,M0091,A037,2026-05-14,3.5,675,2362.5,Drafted correspondence and legal memorandum
TE00540,M0083,A004,2024-06-17,4,725,2900,Reviewed case documents and prepared analysis
TE00541,M0017,A003,2024-04-25,3.5,425,1487.5,Coordinated matter planning with client team
TE00542,M0045,A029,2025-08-27,1,600,600,Conducted client strategy conference
TE00543,M0136,A029,2025-11-27,2.5,600,1500,Analyzed regulatory and compliance requirements
TE00544,M0144,A003,2024-06-03,7,425,2975,Drafted correspondence and legal memorandum
TE00545,M0085,A006,2026-06-08,6.5,375,2437.5,Prepared matter status update
TE00546,M0041,A025,2026-07-08,4.5,750,3375,Reviewed discovery materials
TE00547,M0121,A011,2024-08-13,1.5,525,787.5,Reviewed discovery materials
TE00548,M0050,A008,2026-07-29,3,575,1725,Prepared for witness interview
TE00549,M0130,A022,2026-01-18,4,675,2700,Performed legal research
TE00550,M0084,A026,2025-10-02,7.5,525,3937.5,Reviewed case documents and prepared analysis
TE00551,M0147,A031,2023-05-20,6,650,3900,Prepared for witness interview
TE00552,M0092,A018,2024-10-07,2,425,850,Performed legal research
TE00553,M0150,A005,2025-06-07,3.5,625,2187.5,Conducted client strategy conference
TE00554,M0083,A002,2024-08-29,3,550,1650,Conducted client strategy conference
TE00555,M0030,A005,2023-06-21,3.5,625,2187.5,Reviewed case documents and prepared analysis
TE00556,M0034,A008,2026-06-15,3,575,1725,Reviewed discovery materials
TE00557,M0022,A013,2024-09-16,7.5,700,5250,Reviewed case documents and prepared analysis
TE00558,M0113,A021,2026-01-17,5.5,375,2062.5,Prepared for witness interview
TE00559,M0023,A023,2025-05-07,4.5,575,2587.5,Drafted correspondence and legal memorandum
TE00560,M0027,A019,2024-04-16,0.5,725,362.5,Performed legal research
TE00561,M0094,A020,2025-03-04,3,625,1875,Prepared matter status update
TE00562,M0053,A001,2026-05-02,2,650,1300,Performed legal research
TE00563,M0144,A035,2025-03-21,6,625,3750,Conducted client strategy conference
TE00564,M0031,A015,2026-06-29,6.5,475,3087.5,Analyzed regulatory and compliance requirements
TE00565,M0074,A021,2026-06-15,7.5,375,2812.5,Performed legal research
TE00566,M0142,A021,2025-11-15,3,375,1125,Prepared matter status update
TE00567,M0102,A031,2026-03-17,5,650,3250,Analyzed regulatory and compliance requirements
TE00568,M0024,A003,2025-12-07,4.5,425,1912.5,Reviewed case documents and prepared analysis
TE00569,M0073,A029,2025-02-13,6.5,600,3900,Reviewed billing and budget status
TE00570,M0034,A030,2026-04-06,8,475,3800,Reviewed case documents and prepared analysis
TE00571,M0024,A024,2026-04-28,6.5,450,2925,Coordinated matter planning with client team
TE00572,M0058,A030,2023-12-05,7,475,3325,Prepared matter status update
TE00573,M0115,A031,2026-02-11,7.5,650,4875,Prepared matter status update
TE00574,M0139,A024,2023-07-08,7.5,450,3375,Reviewed billing and budget status
TE00575,M0134,A020,2025-05-23,3,625,1875,Coordinated matter planning with client team
TE00576,M0043,A018,2026-01-02,3.5,425,1487.5,Reviewed billing and budget status
TE00577,M0111,A008,2026-04-15,4.5,575,2587.5,Performed legal research
TE00578,M0070,A002,2026-02-17,7,550,3850,Reviewed case documents and prepared analysis
TE00579,M0085,A028,2026-06-04,4.5,700,3150,Conducted client strategy conference
TE00580,M0107,A017,2025-05-20,4.5,550,2475,Reviewed case documents and prepared analysis
TE00581,M0135,A028,2025-11-27,4.5,700,3150,Performed legal research
TE00582,M0064,A006,2026-01-13,5.5,375,2062.5,Prepared for witness interview
TE00583,M0126,A014,2026-07-30,7,600,4200,Reviewed case documents and prepared analysis
TE00584,M0127,A030,2023-09-14,7.5,475,3562.5,Prepared for witness interview
TE00585,M0138,A022,2023-12-23,7,675,4725,Reviewed case documents and prepared analysis
TE00586,M0010,A030,2023-04-27,1.5,475,712.5,Drafted correspondence and legal memorandum
TE00587,M0105,A007,2025-02-16,2,675,1350,Prepared matter status update
TE00588,M0005,A015,2023-07-14,5,475,2375,Reviewed discovery materials
TE00589,M0033,A021,2025-04-18,7,375,2625,Coordinated matter planning with client team
TE00590,M0016,A027,2025-07-03,2.5,400,1000,Coordinated matter planning with client team
TE00591,M0142,A033,2026-02-12,6,425,2550,Conducted client strategy conference
TE00592,M0005,A016,2026-05-01,4.5,650,2925,Prepared for witness interview
TE00593,M0052,A034,2023-07-08,6,725,4350,Prepared for witness interview
TE00594,M0067,A001,2023-03-20,5,650,3250,Drafted correspondence and legal memorandum
TE00595,M0143,A009,2025-11-19,7.5,450,3375,Drafted correspondence and legal memorandum
TE00596,M0077,A013,2024-02-19,4,700,2800,Prepared for witness interview
TE00597,M0123,A035,2025-11-25,0.5,625,312.5,Reviewed case documents and prepared analysis
TE00598,M0027,A028,2024-04-09,6.5,700,4550,Reviewed discovery materials
TE00599,M0101,A020,2026-04-06,4.5,625,2812.5,Prepared matter status update
TE00600,M0106,A020,2024-10-27,2,625,1250,Performed legal research
TE00601,M0010,A025,2025-10-04,8,750,6000,Reviewed billing and budget status
TE00602,M0022,A027,2025-12-01,4,400,1600,Reviewed case documents and prepared analysis
TE00603,M0066,A013,2025-08-26,7.5,700,5250,Analyzed regulatory and compliance requirements
TE00604,M0144,A010,2026-06-18,7,750,5250,Prepared for witness interview
TE00605,M0130,A023,2025-11-05,2.5,575,1437.5,Prepared matter status update
TE00606,M0007,A009,2025-05-15,2.5,450,1125,Reviewed discovery materials
TE00607,M0143,A028,2025-04-14,1,700,700,Reviewed billing and budget status
TE00608,M0062,A019,2023-09-23,4,725,2900,Reviewed discovery materials
TE00609,M0031,A022,2025-01-19,1,675,675,Reviewed discovery materials
TE00610,M0125,A011,2026-02-16,1.5,525,787.5,Prepared matter status update
TE00611,M0082,A010,2025-10-04,6,750,4500,Drafted correspondence and legal memorandum
TE00612,M0083,A020,2026-04-18,0.5,625,312.5,Prepared matter status update
TE00613,M0135,A034,2025-07-13,7,725,5075,Conducted client strategy conference
TE00614,M0092,A018,2026-01-10,4.5,425,1912.5,Coordinated matter planning with client team
TE00615,M0007,A013,2025-09-01,5.5,700,3850,Performed legal research
TE00616,M0109,A031,2025-11-19,7.5,650,4875,Reviewed discovery materials
TE00617,M0107,A025,2025-07-15,2.5,750,1875,Reviewed case documents and prepared analysis
TE00618,M0051,A034,2025-02-06,0.5,725,362.5,Reviewed case documents and prepared analysis
TE00619,M0119,A022,2024-01-14,8,675,5400,Conducted client strategy conference
TE00620,M0052,A008,2024-10-01,4,575,2300,Reviewed case documents and prepared analysis
TE00621,M0102,A028,2025-11-28,4.5,700,3150,Performed legal research
TE00622,M0120,A001,2026-04-14,5.5,650,3575,Prepared matter status update
TE00623,M0028,A005,2025-05-28,6,625,3750,Coordinated matter planning with client team
TE00624,M0074,A021,2026-01-12,1,375,375,Drafted correspondence and legal memorandum
TE00625,M0150,A007,2026-07-24,2,675,1350,Reviewed billing and budget status
TE00626,M0111,A008,2026-04-10,2.5,575,1437.5,Reviewed case documents and prepared analysis
TE00627,M0133,A003,2025-12-18,7,425,2975,Prepared matter status update
TE00628,M0003,A020,2024-07-25,3,625,1875,Coordinated matter planning with client team
TE00629,M0090,A037,2025-06-12,6.5,675,4387.5,Reviewed discovery materials
TE00630,M0093,A016,2024-05-01,0.5,650,325,Conducted client strategy conference
TE00631,M0134,A001,2025-05-04,4,650,2600,Analyzed regulatory and compliance requirements
TE00632,M0095,A006,2025-01-14,4,375,1500,Analyzed regulatory and compliance requirements
TE00633,M0030,A027,2024-10-15,8,400,3200,Prepared matter status update
TE00634,M0138,A012,2023-10-30,1,400,400,Conducted client strategy conference
TE00635,M0037,A013,2025-12-17,5.5,700,3850,Reviewed discovery materials
TE00636,M0079,A023,2026-02-03,5,575,2875,Conducted client strategy conference
TE00637,M0015,A015,2025-10-17,3.5,475,1662.5,Performed legal research
TE00638,M0141,A024,2026-02-16,5.5,450,2475,Drafted correspondence and legal memorandum
TE00639,M0126,A004,2025-05-11,5.5,725,3987.5,Drafted correspondence and legal memorandum
TE00640,M0103,A031,2026-04-19,4.5,650,2925,Conducted client strategy conference
TE00641,M0076,A001,2025-03-26,8,650,5200,Prepared for witness interview
TE00642,M0036,A020,2024-09-13,5,625,3125,Reviewed billing and budget status
TE00643,M0015,A022,2025-08-08,5.5,675,3712.5,Reviewed discovery materials
TE00644,M0021,A031,2025-01-08,3,650,1950,Analyzed regulatory and compliance requirements
TE00645,M0021,A013,2023-09-14,6.5,700,4550,Analyzed regulatory and compliance requirements
TE00646,M0079,A034,2026-01-24,5.5,725,3987.5,Analyzed regulatory and compliance requirements
TE00647,M0086,A019,2025-01-05,6.5,725,4712.5,Drafted correspondence and legal memorandum
TE00648,M0141,A016,2026-04-22,6,650,3900,Analyzed regulatory and compliance requirements
TE00649,M0026,A034,2025-12-29,1,725,725,Analyzed regulatory and compliance requirements
TE00650,M0023,A015,2025-01-26,5.5,475,2612.5,Reviewed discovery materials
TE00651,M0010,A037,2025-04-23,7,675,4725,Conducted client strategy conference
TE00652,M0137,A005,2024-11-30,1.5,625,937.5,Prepared matter status update
TE00653,M0059,A024,2024-01-21,2,450,900,Coordinated matter planning with client team
TE00654,M0145,A030,2026-03-12,0.5,475,237.5,Coordinated matter planning with client team
TE00655,M0110,A019,2026-06-09,6.5,725,4712.5,Drafted correspondence and legal memorandum
TE00656,M0074,A032,2026-05-17,7,550,3850,Reviewed discovery materials
TE00657,M0073,A011,2025-04-15,7.5,525,3937.5,Analyzed regulatory and compliance requirements
TE00658,M0012,A009,2026-01-02,0.5,450,225,Conducted client strategy conference
TE00659,M0113,A021,2025-11-11,8,375,3000,Prepared matter status update
TE00660,M0016,A014,2026-06-22,5.5,600,3300,Prepared for witness interview
TE00661,M0045,A026,2026-05-04,4.5,525,2362.5,Reviewed case documents and prepared analysis
TE00662,M0137,A030,2024-05-28,4.5,475,2137.5,Prepared for witness interview
TE00663,M0146,A027,2024-07-08,3,400,1200,Conducted client strategy conference
TE00664,M0098,A024,2023-11-24,3,450,1350,Reviewed discovery materials
TE00665,M0045,A028,2026-02-11,6,700,4200,Reviewed discovery materials
TE00666,M0108,A005,2025-02-10,1,625,625,Reviewed billing and budget status
TE00667,M0011,A026,2025-06-17,3.5,525,1837.5,Reviewed billing and budget status
TE00668,M0093,A007,2024-11-05,2,675,1350,Coordinated matter planning with client team
TE00669,M0070,A020,2026-04-26,1.5,625,937.5,Reviewed discovery materials
TE00670,M0134,A005,2023-03-29,6.5,625,4062.5,Drafted correspondence and legal memorandum
TE00671,M0060,A012,2026-02-04,3,400,1200,Reviewed discovery materials
TE00672,M0099,A031,2025-01-10,6,650,3900,Reviewed discovery materials
TE00673,M0067,A036,2023-03-30,1,375,375,Reviewed billing and budget status
TE00674,M0145,A003,2026-06-28,2.5,425,1062.5,Performed legal research
TE00675,M0124,A017,2024-12-29,2,550,1100,Reviewed billing and budget status
TE00676,M0023,A033,2025-09-12,6.5,425,2762.5,Coordinated matter planning with client team
TE00677,M0052,A029,2024-04-24,6,600,3600,Coordinated matter planning with client team
TE00678,M0068,A037,2023-12-21,6,675,4050,Coordinated matter planning with client team
TE00679,M0034,A029,2026-01-16,1,600,600,Reviewed discovery materials
TE00680,M0018,A005,2025-06-20,3.5,625,2187.5,Performed legal research
TE00681,M0037,A016,2026-03-09,6.5,650,4225,Reviewed billing and budget status
TE00682,M0033,A009,2025-01-26,1,450,450,Reviewed billing and budget status
TE00683,M0016,A029,2024-11-27,1.5,600,900,Coordinated matter planning with client team
TE00684,M0106,A021,2024-08-04,1,375,375,Reviewed billing and budget status
TE00685,M0106,A011,2024-12-10,3,525,1575,Reviewed billing and budget status
TE00686,M0079,A023,2026-03-30,0.5,575,287.5,Reviewed discovery materials
TE00687,M0118,A001,2026-05-10,8,650,5200,Drafted correspondence and legal memorandum
TE00688,M0003,A036,2026-01-15,7.5,375,2812.5,Conducted client strategy conference
TE00689,M0025,A022,2025-04-17,1.5,675,1012.5,Prepared matter status update
TE00690,M0098,A023,2023-11-08,5.5,575,3162.5,Conducted client strategy conference
TE00691,M0133,A016,2026-06-26,3.5,650,2275,Analyzed regulatory and compliance requirements
TE00692,M0119,A015,2024-03-06,4.5,475,2137.5,Prepared matter status update
TE00693,M0012,A027,2025-02-16,2,400,800,Drafted correspondence and legal memorandum
TE00694,M0132,A015,2026-05-22,0.5,475,237.5,Prepared for witness interview
TE00695,M0071,A021,2026-07-30,7,375,2625,Conducted client strategy conference
TE00696,M0094,A013,2026-06-17,5.5,700,3850,Analyzed regulatory and compliance requirements
TE00697,M0010,A024,2025-07-30,2,450,900,Reviewed case documents and prepared analysis
TE00698,M0053,A003,2026-06-15,7,425,2975,Performed legal research
TE00699,M0112,A027,2023-10-14,2,400,800,Analyzed regulatory and compliance requirements
TE00700,M0038,A036,2023-11-09,5,375,1875,Reviewed billing and budget status
TE00701,M0041,A003,2026-01-08,6.5,425,2762.5,Conducted client strategy conference
TE00702,M0091,A003,2025-06-07,7,425,2975,Prepared for witness interview
TE00703,M0133,A022,2026-01-27,5.5,675,3712.5,Reviewed case documents and prepared analysis
TE00704,M0044,A021,2025-10-20,6.5,375,2437.5,Prepared for witness interview
TE00705,M0031,A006,2026-07-04,1,375,375,Coordinated matter planning with client team
TE00706,M0149,A026,2024-03-11,3,525,1575,Drafted correspondence and legal memorandum
TE00707,M0109,A012,2025-10-04,1.5,400,600,Performed legal research
TE00708,M0063,A018,2025-11-29,2,425,850,Reviewed discovery materials
TE00709,M0019,A027,2026-03-10,8,400,3200,Analyzed regulatory and compliance requirements
TE00710,M0009,A035,2024-06-26,0.5,625,312.5,Conducted client strategy conference
TE00711,M0053,A021,2026-07-15,5.5,375,2062.5,Prepared for witness interview
TE00712,M0033,A018,2025-07-27,2.5,425,1062.5,Reviewed case documents and prepared analysis
TE00713,M0080,A002,2024-08-28,4.5,550,2475,Reviewed billing and budget status
TE00714,M0094,A005,2026-06-11,1.5,625,937.5,Prepared for witness interview
TE00715,M0095,A016,2025-12-05,6,650,3900,Reviewed discovery materials
TE00716,M0036,A027,2026-06-16,5.5,400,2200,Drafted correspondence and legal memorandum
TE00717,M0022,A012,2025-09-28,3.5,400,1400,Prepared for witness interview
TE00718,M0007,A015,2025-06-12,5,475,2375,Conducted client strategy conference
TE00719,M0065,A015,2026-02-13,4.5,475,2137.5,Drafted correspondence and legal memorandum
TE00720,M0049,A018,2023-08-07,4.5,425,1912.5,Reviewed case documents and prepared analysis
TE00721,M0092,A034,2025-05-17,8,725,5800,Prepared matter status update
TE00722,M0082,A013,2026-01-13,2.5,700,1750,Prepared for witness interview
TE00723,M0003,A035,2026-01-24,2,625,1250,Drafted correspondence and legal memorandum
TE00724,M0136,A028,2025-11-27,5,700,3500,Prepared for witness interview
TE00725,M0124,A024,2024-12-12,2,450,900,Conducted client strategy conference
TE00726,M0146,A010,2026-01-08,3,750,2250,Reviewed discovery materials
TE00727,M0063,A033,2025-05-31,6.5,425,2762.5,Prepared for witness interview
TE00728,M0103,A029,2023-07-08,6.5,600,3900,Drafted correspondence and legal memorandum
TE00729,M0022,A033,2025-10-05,1.5,425,637.5,Conducted client strategy conference
TE00730,M0093,A013,2023-12-16,2.5,700,1750,Reviewed case documents and prepared analysis
TE00731,M0057,A005,2024-02-27,0.5,625,312.5,Analyzed regulatory and compliance requirements
TE00732,M0092,A032,2025-04-17,1.5,550,825,Performed legal research
TE00733,M0060,A028,2024-10-28,4,700,2800,Coordinated matter planning with client team
TE00734,M0027,A025,2024-06-19,4,750,3000,Coordinated matter planning with client team
TE00735,M0075,A013,2023-09-05,6.5,700,4550,Prepared matter status update
TE00736,M0052,A037,2023-10-23,7,675,4725,Prepared for witness interview
TE00737,M0143,A037,2026-02-06,3,675,2025,Prepared matter status update
TE00738,M0130,A015,2024-10-17,3,475,1425,Reviewed case documents and prepared analysis
TE00739,M0138,A022,2024-02-08,4,675,2700,Coordinated matter planning with client team
TE00740,M0102,A005,2025-11-04,8,625,5000,Prepared for witness interview
TE00741,M0057,A025,2024-07-19,3,750,2250,Analyzed regulatory and compliance requirements
TE00742,M0065,A021,2026-01-15,6,375,2250,Analyzed regulatory and compliance requirements
TE00743,M0037,A012,2026-02-07,3.5,400,1400,Reviewed discovery materials
TE00744,M0037,A018,2025-12-19,4.5,425,1912.5,Conducted client strategy conference
TE00745,M0096,A025,2025-12-15,0.5,750,375,Analyzed regulatory and compliance requirements
TE00746,M0079,A012,2026-01-18,7.5,400,3000,Conducted client strategy conference
TE00747,M0135,A006,2026-04-30,7.5,375,2812.5,Analyzed regulatory and compliance requirements
TE00748,M0007,A012,2025-06-04,4,400,1600,Conducted client strategy conference
TE00749,M0069,A022,2025-10-31,7,675,4725,Prepared for witness interview
TE00750,M0059,A014,2024-02-19,2.5,600,1500,Reviewed billing and budget status
TE00751,M0088,A028,2024-03-29,2.5,700,1750,Performed legal research
TE00752,M0116,A003,2025-02-11,5,425,2125,Reviewed case documents and prepared analysis
TE00753,M0019,A035,2026-07-09,7.5,625,4687.5,Analyzed regulatory and compliance requirements
TE00754,M0051,A033,2025-08-30,3,425,1275,Reviewed billing and budget status
TE00755,M0145,A020,2026-06-12,6.5,625,4062.5,Performed legal research
TE00756,M0120,A010,2026-03-21,7,750,5250,Performed legal research
TE00757,M0040,A006,2025-11-07,2.5,375,937.5,Prepared for witness interview
TE00758,M0110,A019,2026-01-04,0.5,725,362.5,Reviewed discovery materials
TE00759,M0122,A011,2023-11-28,3.5,525,1837.5,Analyzed regulatory and compliance requirements
TE00760,M0112,A011,2025-10-01,2,525,1050,Prepared matter status update
TE00761,M0069,A014,2025-11-24,1,600,600,Analyzed regulatory and compliance requirements
TE00762,M0086,A012,2025-12-02,8,400,3200,Reviewed case documents and prepared analysis
TE00763,M0117,A004,2023-10-15,5.5,725,3987.5,Coordinated matter planning with client team
TE00764,M0120,A002,2025-11-18,1,550,550,Conducted client strategy conference
TE00765,M0043,A005,2024-10-07,5,625,3125,Drafted correspondence and legal memorandum
TE00766,M0138,A027,2023-11-14,2.5,400,1000,Reviewed case documents and prepared analysis
TE00767,M0064,A007,2024-10-20,7.5,675,5062.5,Drafted correspondence and legal memorandum
TE00768,M0102,A023,2025-12-14,6,575,3450,Prepared for witness interview
TE00769,M0108,A018,2025-04-14,7.5,425,3187.5,Performed legal research
TE00770,M0075,A020,2025-12-18,4.5,625,2812.5,Reviewed case documents and prepared analysis
TE00771,M0083,A017,2026-04-06,7.5,550,4125,Conducted client strategy conference
TE00772,M0013,A015,2025-03-02,7.5,475,3562.5,Conducted client strategy conference
TE00773,M0055,A003,2026-07-02,6.5,425,2762.5,Analyzed regulatory and compliance requirements
TE00774,M0044,A032,2026-06-07,5.5,550,3025,Reviewed billing and budget status
TE00775,M0127,A015,2023-08-06,6,475,2850,Drafted correspondence and legal memorandum
TE00776,M0094,A009,2026-02-11,5.5,450,2475,Analyzed regulatory and compliance requirements
TE00777,M0042,A028,2025-12-22,0.5,700,350,Coordinated matter planning with client team
TE00778,M0116,A017,2024-07-23,6.5,550,3575,Performed legal research
TE00779,M0012,A015,2026-03-15,4.5,475,2137.5,Reviewed billing and budget status
TE00780,M0131,A006,2026-04-02,3,375,1125,Reviewed discovery materials
TE00781,M0073,A024,2023-08-05,6,450,2700,Performed legal research
TE00782,M0058,A027,2024-03-20,3,400,1200,Analyzed regulatory and compliance requirements
TE00783,M0040,A020,2026-03-14,7.5,625,4687.5,Prepared matter status update
TE00784,M0049,A002,2023-09-09,2,550,1100,Reviewed discovery materials
TE00785,M0001,A014,2026-04-05,0.5,600,300,Conducted client strategy conference
TE00786,M0065,A031,2026-06-21,7.5,650,4875,Reviewed billing and budget status
TE00787,M0140,A023,2026-07-10,7.5,575,4312.5,Drafted correspondence and legal memorandum
TE00788,M0037,A028,2026-01-27,5.5,700,3850,Reviewed billing and budget status
TE00789,M0097,A020,2023-08-20,3.5,625,2187.5,Conducted client strategy conference
TE00790,M0106,A023,2025-06-22,7,575,4025,Reviewed discovery materials
TE00791,M0042,A034,2025-12-19,3.5,725,2537.5,Coordinated matter planning with client team
TE00792,M0018,A009,2025-04-08,8,450,3600,Prepared for witness interview
TE00793,M0033,A033,2025-10-15,8,425,3400,Analyzed regulatory and compliance requirements
TE00794,M0018,A035,2026-04-03,1,625,625,Analyzed regulatory and compliance requirements
TE00795,M0097,A023,2023-08-11,1.5,575,862.5,Analyzed regulatory and compliance requirements
TE00796,M0059,A030,2024-02-05,6,475,2850,Drafted correspondence and legal memorandum
TE00797,M0036,A015,2024-08-14,2.5,475,1187.5,Performed legal research
TE00798,M0017,A021,2024-05-28,4,375,1500,Drafted correspondence and legal memorandum
TE00799,M0062,A037,2025-11-01,1,675,675,Reviewed case documents and prepared analysis
TE00800,M0012,A009,2024-08-14,8,450,3600,Prepared for witness interview
TE00801,M0054,A030,2026-05-10,5.5,475,2612.5,Analyzed regulatory and compliance requirements
TE00802,M0114,A031,2026-05-13,5,650,3250,Coordinated matter planning with client team
TE00803,M0032,A018,2025-12-28,6.5,425,2762.5,Drafted correspondence and legal memorandum
TE00804,M0026,A024,2025-06-17,6,450,2700,Coordinated matter planning with client team
TE00805,M0064,A025,2025-12-18,5.5,750,4125,Reviewed discovery materials
TE00806,M0143,A022,2026-04-24,1.5,675,1012.5,Prepared matter status update
TE00807,M0057,A021,2024-03-10,3.5,375,1312.5,Reviewed billing and budget status
TE00808,M0031,A008,2025-08-24,5.5,575,3162.5,Reviewed discovery materials
TE00809,M0145,A034,2026-06-05,7.5,725,5437.5,Performed legal research
TE00810,M0095,A015,2025-02-22,7.5,475,3562.5,Reviewed case documents and prepared analysis
TE00811,M0093,A035,2024-06-08,3,625,1875,Analyzed regulatory and compliance requirements
TE00812,M0016,A013,2025-12-18,3.5,700,2450,Drafted correspondence and legal memorandum
TE00813,M0005,A006,2025-04-16,1.5,375,562.5,Drafted correspondence and legal memorandum
TE00814,M0134,A032,2023-05-02,5.5,550,3025,Coordinated matter planning with client team
TE00815,M0047,A015,2025-03-24,4.5,475,2137.5,Reviewed discovery materials
TE00816,M0130,A026,2026-05-08,2.5,525,1312.5,Conducted client strategy conference
TE00817,M0144,A020,2025-02-04,2.5,625,1562.5,Conducted client strategy conference
TE00818,M0079,A034,2025-11-15,7.5,725,5437.5,Prepared for witness interview
TE00819,M0009,A007,2024-05-13,0.5,675,337.5,Drafted correspondence and legal memorandum
TE00820,M0082,A001,2026-06-08,8,650,5200,Analyzed regulatory and compliance requirements
TE00821,M0051,A006,2026-07-12,7,375,2625,Coordinated matter planning with client team
TE00822,M0068,A001,2024-05-05,5,650,3250,Performed legal research
TE00823,M0042,A001,2026-07-02,1.5,650,975,Reviewed discovery materials
TE00824,M0042,A013,2026-07-15,1,700,700,Prepared matter status update
TE00825,M0007,A007,2025-04-29,4,675,2700,Analyzed regulatory and compliance requirements
TE00826,M0023,A030,2025-01-28,1,475,475,Prepared matter status update
TE00827,M0052,A005,2023-11-27,8,625,5000,Prepared matter status update
TE00828,M0131,A002,2026-07-18,5,550,2750,Prepared for witness interview
TE00829,M0085,A014,2026-07-24,2.5,600,1500,Conducted client strategy conference
TE00830,M0135,A023,2025-07-28,0.5,575,287.5,Prepared for witness interview
TE00831,M0065,A033,2025-10-14,4.5,425,1912.5,Performed legal research
TE00832,M0053,A028,2025-12-10,6.5,700,4550,Reviewed billing and budget status
TE00833,M0109,A015,2025-04-18,4.5,475,2137.5,Drafted correspondence and legal memorandum
TE00834,M0065,A027,2026-07-09,1.5,400,600,Drafted correspondence and legal memorandum
TE00835,M0012,A030,2026-02-15,3,475,1425,Conducted client strategy conference
TE00836,M0099,A031,2025-04-07,1,650,650,Analyzed regulatory and compliance requirements
TE00837,M0059,A016,2023-03-25,0.5,650,325,Analyzed regulatory and compliance requirements
TE00838,M0080,A025,2026-05-14,3.5,750,2625,Reviewed discovery materials
TE00839,M0085,A007,2026-01-10,0.5,675,337.5,Reviewed discovery materials
TE00840,M0027,A013,2024-07-05,6.5,700,4550,Analyzed regulatory and compliance requirements
TE00841,M0057,A026,2024-07-11,3,525,1575,Drafted correspondence and legal memorandum
TE00842,M0112,A018,2026-06-08,5.5,425,2337.5,Drafted correspondence and legal memorandum
TE00843,M0007,A012,2025-03-17,3,400,1200,Drafted correspondence and legal memorandum
TE00844,M0023,A029,2025-03-27,5.5,600,3300,Prepared for witness interview
TE00845,M0077,A032,2023-07-09,1.5,550,825,Reviewed billing and budget status
TE00846,M0071,A013,2025-10-28,2,700,1400,Prepared matter status update
TE00847,M0083,A002,2024-09-23,4.5,550,2475,Analyzed regulatory and compliance requirements
TE00848,M0140,A028,2026-06-27,7.5,700,5250,Prepared for witness interview
TE00849,M0047,A028,2025-05-04,1,700,700,Performed legal research
TE00850,M0045,A026,2025-12-26,8,525,4200,Reviewed billing and budget status
TE00851,M0038,A019,2023-07-26,1.5,725,1087.5,Drafted correspondence and legal memorandum
TE00852,M0035,A026,2025-09-15,2,525,1050,Drafted correspondence and legal memorandum
TE00853,M0141,A016,2025-12-05,2.5,650,1625,Reviewed billing and budget status
TE00854,M0130,A029,2025-06-20,7,600,4200,Reviewed billing and budget status
TE00855,M0082,A016,2026-07-13,0.5,650,325,Coordinated matter planning with client team
TE00856,M0127,A034,2023-12-21,3,725,2175,Prepared for witness interview
TE00857,M0075,A010,2026-07-04,6,750,4500,Reviewed case documents and prepared analysis
TE00858,M0108,A032,2025-02-21,2.5,550,1375,Conducted client strategy conference
TE00859,M0128,A015,2024-10-18,3,475,1425,Reviewed discovery materials
TE00860,M0053,A005,2026-05-13,7,625,4375,Reviewed case documents and prepared analysis
TE00861,M0079,A034,2025-11-15,3.5,725,2537.5,Reviewed case documents and prepared analysis
TE00862,M0068,A030,2024-03-04,4,475,1900,Analyzed regulatory and compliance requirements
TE00863,M0138,A028,2023-10-20,4,700,2800,Reviewed billing and budget status
TE00864,M0126,A034,2025-05-05,6.5,725,4712.5,Prepared matter status update
TE00865,M0027,A003,2024-03-06,3,425,1275,Reviewed billing and budget status
TE00866,M0021,A035,2023-12-12,4,625,2500,Prepared matter status update
TE00867,M0044,A012,2026-02-09,0.5,400,200,Analyzed regulatory and compliance requirements
TE00868,M0001,A021,2025-08-07,7,375,2625,Coordinated matter planning with client team
TE00869,M0032,A031,2026-02-15,8,650,5200,Reviewed case documents and prepared analysis
TE00870,M0084,A020,2025-08-11,2,625,1250,Reviewed case documents and prepared analysis
TE00871,M0023,A012,2026-06-25,2.5,400,1000,Prepared matter status update
TE00872,M0001,A017,2026-03-19,7.5,550,4125,Coordinated matter planning with client team
TE00873,M0098,A015,2023-09-13,5,475,2375,Reviewed discovery materials
TE00874,M0114,A016,2024-11-28,1.5,650,975,Analyzed regulatory and compliance requirements
TE00875,M0084,A002,2024-11-22,2.5,550,1375,Prepared for witness interview
TE00876,M0131,A003,2025-06-09,6,425,2550,Reviewed case documents and prepared analysis
TE00877,M0023,A001,2025-01-14,7,650,4550,Reviewed discovery materials
TE00878,M0128,A021,2024-08-03,5.5,375,2062.5,Reviewed case documents and prepared analysis
TE00879,M0049,A029,2023-08-23,4,600,2400,Conducted client strategy conference
TE00880,M0037,A020,2026-01-11,7,625,4375,Reviewed discovery materials
TE00881,M0073,A006,2026-05-26,5,375,1875,Drafted correspondence and legal memorandum
TE00882,M0031,A012,2025-06-05,2.5,400,1000,Analyzed regulatory and compliance requirements
TE00883,M0139,A002,2023-10-30,2,550,1100,Reviewed billing and budget status
TE00884,M0084,A023,2025-02-04,0.5,575,287.5,Prepared for witness interview
TE00885,M0087,A027,2026-01-07,2,400,800,Analyzed regulatory and compliance requirements
TE00886,M0069,A036,2025-10-16,6.5,375,2437.5,Performed legal research
TE00887,M0039,A031,2024-04-24,7,650,4550,Prepared for witness interview
TE00888,M0108,A007,2025-02-06,6.5,675,4387.5,Conducted client strategy conference
TE00889,M0089,A033,2025-05-24,5.5,425,2337.5,Prepared matter status update
TE00890,M0122,A002,2024-05-22,6.5,550,3575,Prepared matter status update
TE00891,M0034,A012,2026-02-20,0.5,400,200,Prepared for witness interview
TE00892,M0028,A002,2025-07-01,4,550,2200,Reviewed billing and budget status
TE00893,M0108,A036,2025-04-13,2,375,750,Analyzed regulatory and compliance requirements
TE00894,M0063,A021,2026-01-12,7.5,375,2812.5,Coordinated matter planning with client team
TE00895,M0135,A019,2026-02-12,5.5,725,3987.5,Conducted client strategy conference
TE00896,M0137,A032,2024-04-09,1.5,550,825,Reviewed discovery materials
TE00897,M0098,A025,2023-11-09,7.5,750,5625,Reviewed billing and budget status
TE00898,M0097,A007,2023-07-28,1,675,675,Prepared matter status update
TE00899,M0109,A028,2025-11-01,3.5,700,2450,Reviewed discovery materials
TE00900,M0045,A010,2025-06-18,1,750,750,Performed legal research
TE00901,M0073,A015,2024-07-21,4,475,1900,Prepared matter status update
TE00902,M0094,A005,2025-05-31,1.5,625,937.5,Prepared for witness interview
TE00903,M0015,A011,2025-11-06,4,525,2100,Reviewed discovery materials
TE00904,M0056,A003,2025-04-28,5.5,425,2337.5,Analyzed regulatory and compliance requirements
TE00905,M0140,A015,2025-08-27,5.5,475,2612.5,Performed legal research
TE00906,M0134,A009,2025-12-18,8,450,3600,Drafted correspondence and legal memorandum
TE00907,M0093,A019,2025-07-30,7.5,725,5437.5,Analyzed regulatory and compliance requirements
TE00908,M0047,A020,2025-02-25,6.5,625,4062.5,Reviewed billing and budget status
TE00909,M0049,A024,2023-09-07,1,450,450,Prepared for witness interview
TE00910,M0033,A023,2024-08-13,4.5,575,2587.5,Reviewed billing and budget status
TE00911,M0044,A022,2025-10-05,4,675,2700,Coordinated matter planning with client team
TE00912,M0001,A029,2026-01-04,4,600,2400,Conducted client strategy conference
TE00913,M0076,A024,2024-04-25,4.5,450,2025,Conducted client strategy conference
TE00914,M0116,A002,2026-06-21,7.5,550,4125,Reviewed billing and budget status
TE00915,M0045,A024,2026-04-14,8,450,3600,Reviewed discovery materials
TE00916,M0137,A028,2024-08-26,2,700,1400,Analyzed regulatory and compliance requirements
TE00917,M0026,A013,2025-01-24,6.5,700,4550,Performed legal research
TE00918,M0134,A033,2026-01-25,5,425,2125,Prepared for witness interview
TE00919,M0090,A005,2023-07-15,6.5,625,4062.5,Prepared for witness interview
TE00920,M0127,A024,2024-01-14,3,450,1350,Prepared for witness interview
TE00921,M0137,A015,2024-06-20,6.5,475,3087.5,Prepared matter status update
TE00922,M0104,A002,2026-04-19,5,550,2750,Reviewed billing and budget status
TE00923,M0131,A031,2025-07-29,7.5,650,4875,Prepared for witness interview
TE00924,M0147,A023,2023-04-25,0.5,575,287.5,Drafted correspondence and legal memorandum
TE00925,M0117,A029,2023-09-08,3,600,1800,Coordinated matter planning with client team
TE00926,M0123,A014,2026-03-24,7,600,4200,Performed legal research
TE00927,M0091,A024,2025-02-10,7.5,450,3375,Reviewed billing and budget status
TE00928,M0029,A027,2025-03-19,5,400,2000,Reviewed discovery materials
TE00929,M0036,A016,2024-09-19,1,650,650,Reviewed case documents and prepared analysis
TE00930,M0046,A027,2025-11-29,1.5,400,600,Performed legal research
TE00931,M0131,A001,2024-07-29,0.5,650,325,Performed legal research
TE00932,M0122,A026,2024-03-21,4.5,525,2362.5,Reviewed billing and budget status
TE00933,M0144,A033,2025-12-28,5,425,2125,Reviewed discovery materials
TE00934,M0028,A032,2025-06-09,1.5,550,825,Prepared for witness interview
TE00935,M0139,A022,2023-09-27,2,675,1350,Prepared matter status update
TE00936,M0053,A002,2026-07-18,4.5,550,2475,Performed legal research
TE00937,M0067,A002,2023-06-06,1.5,550,825,Conducted client strategy conference
TE00938,M0088,A025,2024-02-17,2.5,750,1875,Performed legal research
TE00939,M0114,A024,2025-06-24,4.5,450,2025,Prepared for witness interview
TE00940,M0023,A001,2026-06-05,3.5,650,2275,Drafted correspondence and legal memorandum
TE00941,M0048,A012,2026-01-05,1.5,400,600,Reviewed discovery materials
TE00942,M0133,A014,2025-06-07,1.5,600,900,Reviewed discovery materials
TE00943,M0054,A007,2026-03-31,4.5,675,3037.5,Reviewed discovery materials
TE00944,M0056,A009,2024-11-14,5.5,450,2475,Conducted client strategy conference
TE00945,M0039,A031,2024-04-14,6.5,650,4225,Prepared matter status update
TE00946,M0085,A035,2026-01-18,6,625,3750,Reviewed case documents and prepared analysis
TE00947,M0101,A032,2026-02-28,3.5,550,1925,Reviewed case documents and prepared analysis
TE00948,M0149,A032,2024-05-12,8,550,4400,Conducted client strategy conference
TE00949,M0046,A005,2026-04-04,8,625,5000,Reviewed case documents and prepared analysis
TE00950,M0098,A029,2023-12-20,1.5,600,900,Reviewed case documents and prepared analysis
TE00951,M0053,A027,2026-03-07,8,400,3200,Coordinated matter planning with client team
TE00952,M0091,A020,2025-06-03,4,625,2500,Analyzed regulatory and compliance requirements
TE00953,M0086,A005,2024-09-18,7.5,625,4687.5,Drafted correspondence and legal memorandum
TE00954,M0146,A011,2024-08-29,7.5,525,3937.5,Drafted correspondence and legal memorandum
TE00955,M0076,A007,2024-05-17,1.5,675,1012.5,Reviewed case documents and prepared analysis
TE00956,M0095,A024,2026-02-07,7.5,450,3375,Analyzed regulatory and compliance requirements
TE00957,M0120,A003,2025-12-25,1,425,425,Prepared matter status update
TE00958,M0118,A003,2026-02-06,7.5,425,3187.5,Coordinated matter planning with client team
TE00959,M0096,A035,2025-10-27,7,625,4375,Coordinated matter planning with client team
TE00960,M0136,A025,2026-02-01,5.5,750,4125,Prepared for witness interview
TE00961,M0012,A032,2026-04-11,7.5,550,4125,Coordinated matter planning with client team
TE00962,M0080,A023,2024-06-27,6.5,575,3737.5,Drafted correspondence and legal memorandum
TE00963,M0116,A003,2026-07-02,4,425,1700,Performed legal research
TE00964,M0024,A011,2026-04-09,6,525,3150,Reviewed discovery materials
TE00965,M0111,A018,2025-12-14,2,425,850,Prepared matter status update
TE00966,M0047,A024,2025-02-28,3,450,1350,Analyzed regulatory and compliance requirements
TE00967,M0065,A029,2025-11-29,4.5,600,2700,Prepared matter status update
TE00968,M0048,A029,2026-03-01,4.5,600,2700,Prepared for witness interview
TE00969,M0148,A006,2025-03-22,3.5,375,1312.5,Conducted client strategy conference
TE00970,M0102,A026,2026-02-18,1,525,525,Conducted client strategy conference
TE00971,M0047,A036,2024-12-26,4.5,375,1687.5,Performed legal research
TE00972,M0132,A017,2026-02-08,0.5,550,275,Performed legal research
TE00973,M0069,A023,2025-12-29,6,575,3450,Drafted correspondence and legal memorandum
TE00974,M0031,A027,2026-05-19,6,400,2400,Prepared for witness interview
TE00975,M0099,A023,2025-01-14,1.5,575,862.5,Conducted client strategy conference
TE00976,M0106,A024,2024-05-20,7,450,3150,Reviewed discovery materials
TE00977,M0049,A028,2023-09-11,1.5,700,1050,Prepared for witness interview
TE00978,M0125,A034,2026-01-06,6.5,725,4712.5,Reviewed case documents and prepared analysis
TE00979,M0067,A036,2023-05-28,8,375,3000,Reviewed billing and budget status
TE00980,M0061,A029,2025-12-27,6.5,600,3900,Conducted client strategy conference
TE00981,M0066,A021,2026-07-03,2.5,375,937.5,Prepared matter status update
TE00982,M0015,A029,2026-01-19,3,600,1800,Performed legal research
TE00983,M0028,A012,2025-06-30,4.5,400,1800,Prepared matter status update
TE00984,M0059,A028,2023-04-09,4.5,700,3150,Reviewed billing and budget status
TE00985,M0064,A020,2025-09-29,0.5,625,312.5,Analyzed regulatory and compliance requirements
TE00986,M0144,A020,2026-03-17,1,625,625,Drafted correspondence and legal memorandum
TE00987,M0058,A020,2024-05-23,8,625,5000,Conducted client strategy conference
TE00988,M0003,A008,2024-11-21,3,575,1725,Drafted correspondence and legal memorandum
TE00989,M0078,A022,2024-07-16,6,675,4050,Coordinated matter planning with client team
TE00990,M0129,A026,2023-06-11,6.5,525,3412.5,Prepared matter status update
TE00991,M0017,A010,2025-03-18,2.5,750,1875,Reviewed discovery materials
TE00992,M0020,A029,2026-01-24,3,600,1800,Prepared for witness interview
TE00993,M0065,A011,2026-01-11,7,525,3675,Drafted correspondence and legal memorandum
TE00994,M0039,A024,2024-03-28,6.5,450,2925,Analyzed regulatory and compliance requirements
TE00995,M0029,A017,2025-02-15,2.5,550,1375,Drafted correspondence and legal memorandum
TE00996,M0079,A030,2026-01-14,2,475,950,Analyzed regulatory and compliance requirements
TE00997,M0028,A024,2025-04-05,4,450,1800,Performed legal research
TE00998,M0138,A016,2024-02-24,3,650,1950,Analyzed regulatory and compliance requirements
TE00999,M0088,A011,2024-05-09,7.5,525,3937.5,Reviewed billing and budget status
TE01000,M0117,A011,2023-10-27,3.5,525,1837.5,Drafted correspondence and legal memorandum
TE01001,M0032,A030,2025-09-25,7,475,3325,Prepared matter status update
TE01002,M0062,A032,2023-10-18,6.5,550,3575,Drafted correspondence and legal memorandum
TE01003,M0136,A028,2026-04-05,4.5,700,3150,Reviewed discovery materials
TE01004,M0082,A010,2025-12-04,3.5,750,2625,Coordinated matter planning with client team
TE01005,M0111,A003,2025-12-27,8,425,3400,Conducted client strategy conference
TE01006,M0138,A022,2023-11-24,7,675,4725,Prepared for witness interview
TE01007,M0083,A012,2024-06-30,7.5,400,3000,Analyzed regulatory and compliance requirements
TE01008,M0088,A004,2023-07-01,5,725,3625,Performed legal research
TE01009,M0111,A006,2026-07-24,3,375,1125,Reviewed case documents and prepared analysis
TE01010,M0114,A001,2024-08-04,5,650,3250,Coordinated matter planning with client team
TE01011,M0018,A010,2026-02-22,4.5,750,3375,Reviewed discovery materials
TE01012,M0010,A015,2024-11-24,6,475,2850,Coordinated matter planning with client team
TE01013,M0026,A019,2025-11-20,6,725,4350,Coordinated matter planning with client team
TE01014,M0127,A008,2023-06-10,2.5,575,1437.5,Analyzed regulatory and compliance requirements
TE01015,M0066,A021,2025-11-26,1,375,375,Prepared matter status update
TE01016,M0074,A033,2025-11-19,0.5,425,212.5,Conducted client strategy conference
TE01017,M0070,A021,2026-06-05,8,375,3000,Performed legal research
TE01018,M0136,A012,2026-05-03,3.5,400,1400,Reviewed billing and budget status
TE01019,M0065,A012,2026-07-17,8,400,3200,Reviewed billing and budget status
TE01020,M0049,A033,2023-08-09,6,425,2550,Prepared matter status update
TE01021,M0001,A017,2025-12-23,3.5,550,1925,Reviewed discovery materials
TE01022,M0088,A014,2024-02-19,5.5,600,3300,Reviewed billing and budget status
TE01023,M0054,A018,2025-11-26,7.5,425,3187.5,Reviewed discovery materials
TE01024,M0018,A035,2026-01-14,3,625,1875,Reviewed case documents and prepared analysis
TE01025,M0112,A005,2026-07-11,8,625,5000,Prepared for witness interview
TE01026,M0020,A021,2025-12-09,5,375,1875,Prepared for witness interview
TE01027,M0094,A001,2025-09-22,4,650,2600,Prepared matter status update
TE01028,M0150,A025,2026-03-10,6.5,750,4875,Prepared for witness interview
TE01029,M0075,A033,2023-09-24,5.5,425,2337.5,Prepared for witness interview
TE01030,M0007,A003,2025-07-03,3.5,425,1487.5,Conducted client strategy conference
TE01031,M0060,A024,2025-02-12,7.5,450,3375,Reviewed discovery materials
TE01032,M0039,A022,2024-07-16,6,675,4050,Reviewed discovery materials
TE01033,M0129,A021,2023-04-20,7,375,2625,Reviewed billing and budget status
TE01034,M0085,A020,2026-07-25,4.5,625,2812.5,Conducted client strategy conference
TE01035,M0057,A003,2024-12-03,1,425,425,Conducted client strategy conference
TE01036,M0081,A014,2025-12-09,5.5,600,3300,Prepared for witness interview
TE01037,M0001,A005,2026-04-19,3,625,1875,Prepared matter status update
TE01038,M0142,A003,2024-02-26,1.5,425,637.5,Coordinated matter planning with client team
TE01039,M0051,A007,2026-02-19,1,675,675,Conducted client strategy conference
TE01040,M0015,A010,2026-02-12,4,750,3000,Reviewed discovery materials
TE01041,M0029,A024,2025-04-09,7,450,3150,Drafted correspondence and legal memorandum
TE01042,M0062,A033,2023-03-21,7.5,425,3187.5,Analyzed regulatory and compliance requirements
TE01043,M0067,A009,2023-05-13,4.5,450,2025,Analyzed regulatory and compliance requirements
TE01044,M0037,A026,2025-12-13,8,525,4200,Reviewed billing and budget status
TE01045,M0107,A020,2025-05-27,3,625,1875,Reviewed billing and budget status
TE01046,M0150,A015,2026-01-24,3,475,1425,Coordinated matter planning with client team
TE01047,M0144,A032,2024-11-30,4.5,550,2475,Reviewed case documents and prepared analysis
TE01048,M0045,A024,2026-06-27,2,450,900,Performed legal research
TE01049,M0148,A021,2024-12-19,5.5,375,2062.5,Performed legal research
TE01050,M0120,A013,2025-11-04,3,700,2100,Drafted correspondence and legal memorandum
TE01051,M0135,A037,2026-04-11,3.5,675,2362.5,Analyzed regulatory and compliance requirements
TE01052,M0069,A014,2025-10-05,5.5,600,3300,Analyzed regulatory and compliance requirements
TE01053,M0122,A031,2023-10-12,4.5,650,2925,Reviewed billing and budget status
TE01054,M0131,A030,2025-09-07,1.5,475,712.5,Drafted correspondence and legal memorandum
TE01055,M0129,A037,2023-03-06,2.5,675,1687.5,Conducted client strategy conference
TE01056,M0071,A012,2025-11-04,7,400,2800,Reviewed discovery materials
TE01057,M0100,A034,2024-11-07,7.5,725,5437.5,Analyzed regulatory and compliance requirements
TE01058,M0030,A016,2023-09-17,0.5,650,325,Performed legal research
TE01059,M0102,A006,2025-11-28,1.5,375,562.5,Analyzed regulatory and compliance requirements
TE01060,M0013,A009,2025-06-27,5,450,2250,Analyzed regulatory and compliance requirements
TE01061,M0057,A001,2024-10-10,7,650,4550,Coordinated matter planning with client team
TE01062,M0121,A020,2024-08-12,8,625,5000,Reviewed discovery materials
TE01063,M0149,A002,2024-07-21,6,550,3300,Analyzed regulatory and compliance requirements
TE01064,M0117,A008,2023-05-07,7,575,4025,Prepared for witness interview
TE01065,M0056,A036,2024-10-22,0.5,375,187.5,Analyzed regulatory and compliance requirements
TE01066,M0037,A019,2026-02-15,8,725,5800,Drafted correspondence and legal memorandum
TE01067,M0140,A035,2024-12-06,0.5,625,312.5,Conducted client strategy conference
TE01068,M0026,A032,2025-06-15,1.5,550,825,Analyzed regulatory and compliance requirements
TE01069,M0043,A002,2024-12-02,6.5,550,3575,Reviewed billing and budget status
TE01070,M0092,A005,2026-02-03,6,625,3750,Drafted correspondence and legal memorandum
TE01071,M0030,A025,2025-09-17,2.5,750,1875,Reviewed billing and budget status
TE01072,M0057,A008,2024-11-12,6,575,3450,Prepared for witness interview
TE01073,M0027,A008,2024-05-09,1,575,575,Prepared for witness interview
TE01074,M0100,A027,2023-05-28,8,400,3200,Drafted correspondence and legal memorandum
TE01075,M0096,A020,2025-11-15,7,625,4375,Prepared matter status update
TE01076,M0092,A003,2023-09-22,0.5,425,212.5,Reviewed billing and budget status
TE01077,M0140,A026,2025-02-25,7.5,525,3937.5,Performed legal research
TE01078,M0020,A026,2025-06-02,2.5,525,1312.5,Drafted correspondence and legal memorandum
TE01079,M0058,A008,2024-05-12,3,575,1725,Conducted client strategy conference
TE01080,M0096,A020,2026-04-24,0.5,625,312.5,Analyzed regulatory and compliance requirements
TE01081,M0033,A002,2025-01-29,7,550,3850,Drafted correspondence and legal memorandum
TE01082,M0028,A011,2025-04-14,2,525,1050,Reviewed discovery materials
TE01083,M0045,A003,2025-12-25,7.5,425,3187.5,Conducted client strategy conference
TE01084,M0031,A035,2025-02-11,0.5,625,312.5,Conducted client strategy conference
TE01085,M0028,A010,2025-08-09,8,750,6000,Reviewed case documents and prepared analysis
TE01086,M0081,A006,2025-09-25,3.5,375,1312.5,Reviewed billing and budget status
TE01087,M0003,A021,2026-04-26,7.5,375,2812.5,Drafted correspondence and legal memorandum
TE01088,M0123,A010,2026-05-23,6.5,750,4875,Reviewed case documents and prepared analysis
TE01089,M0104,A020,2025-08-20,5.5,625,3437.5,Reviewed billing and budget status
TE01090,M0077,A006,2023-08-23,7,375,2625,Coordinated matter planning with client team
TE01091,M0111,A013,2026-05-07,6.5,700,4550,Reviewed discovery materials
TE01092,M0141,A036,2026-06-21,8,375,3000,Reviewed case documents and prepared analysis
TE01093,M0083,A037,2026-07-24,7,675,4725,Analyzed regulatory and compliance requirements
TE01094,M0148,A003,2024-12-14,0.5,425,212.5,Reviewed case documents and prepared analysis
TE01095,M0141,A026,2026-07-04,2,525,1050,Drafted correspondence and legal memorandum
TE01096,M0148,A011,2025-01-20,8,525,4200,Drafted correspondence and legal memorandum
TE01097,M0019,A030,2026-06-02,3.5,475,1662.5,Coordinated matter planning with client team
TE01098,M0081,A012,2025-08-15,1.5,400,600,Conducted client strategy conference
TE01099,M0070,A011,2026-02-20,7.5,525,3937.5,Prepared matter status update
TE01100,M0054,A024,2024-08-09,2.5,450,1125,Prepared for witness interview
TE01101,M0105,A019,2025-08-18,5,725,3625,Reviewed discovery materials
TE01102,M0146,A004,2025-10-07,2,725,1450,Reviewed case documents and prepared analysis
TE01103,M0035,A006,2024-08-10,1.5,375,562.5,Performed legal research
TE01104,M0119,A010,2024-03-15,2.5,750,1875,Drafted correspondence and legal memorandum
TE01105,M0103,A028,2024-04-08,6,700,4200,Prepared for witness interview
TE01106,M0145,A035,2026-05-24,5.5,625,3437.5,Conducted client strategy conference
TE01107,M0133,A028,2025-07-29,3,700,2100,Analyzed regulatory and compliance requirements
TE01108,M0095,A023,2025-12-18,1.5,575,862.5,Reviewed billing and budget status
TE01109,M0099,A029,2025-04-29,7.5,600,4500,Reviewed case documents and prepared analysis
TE01110,M0032,A030,2026-07-25,2,475,950,Prepared matter status update
TE01111,M0012,A036,2026-05-31,8,375,3000,Performed legal research
TE01112,M0010,A016,2023-06-30,7,650,4550,Reviewed discovery materials
TE01113,M0046,A031,2024-07-21,0.5,650,325,Analyzed regulatory and compliance requirements
TE01114,M0017,A016,2025-05-15,6,650,3900,Performed legal research
TE01115,M0060,A003,2026-05-30,1,425,425,Drafted correspondence and legal memorandum
TE01116,M0034,A033,2026-03-14,3,425,1275,Prepared for witness interview
TE01117,M0048,A012,2026-04-25,6.5,400,2600,Conducted client strategy conference
TE01118,M0038,A013,2023-10-03,2.5,700,1750,Conducted client strategy conference
TE01119,M0105,A017,2025-08-12,1.5,550,825,Performed legal research
TE01120,M0113,A030,2025-05-28,2.5,475,1187.5,Performed legal research
TE01121,M0095,A006,2023-12-14,7,375,2625,Prepared for witness interview
TE01122,M0074,A013,2026-02-07,8,700,5600,Prepared matter status update
TE01123,M0027,A022,2024-07-21,7,675,4725,Conducted client strategy conference
TE01124,M0076,A018,2024-03-02,5,425,2125,Drafted correspondence and legal memorandum
TE01125,M0048,A004,2026-04-11,2.5,725,1812.5,Drafted correspondence and legal memorandum
TE01126,M0083,A011,2024-10-22,8,525,4200,Prepared matter status update
TE01127,M0036,A007,2025-06-12,0.5,675,337.5,Analyzed regulatory and compliance requirements
TE01128,M0044,A005,2025-09-05,5.5,625,3437.5,Analyzed regulatory and compliance requirements
TE01129,M0149,A013,2024-11-08,2.5,700,1750,Performed legal research
TE01130,M0114,A009,2024-09-07,5,450,2250,Reviewed discovery materials
TE01131,M0072,A005,2025-07-22,3.5,625,2187.5,Conducted client strategy conference
TE01132,M0142,A007,2024-07-16,4,675,2700,Prepared matter status update
TE01133,M0114,A020,2026-01-26,5.5,625,3437.5,Prepared matter status update
TE01134,M0139,A025,2023-06-17,6,750,4500,Performed legal research
TE01135,M0069,A019,2026-01-10,8,725,5800,Drafted correspondence and legal memorandum
TE01136,M0027,A007,2024-02-05,8,675,5400,Conducted client strategy conference
TE01137,M0110,A023,2026-05-03,3.5,575,2012.5,Reviewed case documents and prepared analysis
TE01138,M0003,A037,2024-07-24,8,675,5400,Analyzed regulatory and compliance requirements
TE01139,M0095,A037,2025-09-08,5,675,3375,Conducted client strategy conference
TE01140,M0066,A023,2024-09-18,2,575,1150,Analyzed regulatory and compliance requirements
TE01141,M0068,A013,2023-09-15,6.5,700,4550,Drafted correspondence and legal memorandum
TE01142,M0081,A020,2025-04-24,6,625,3750,Prepared matter status update
TE01143,M0007,A016,2025-04-01,5.5,650,3575,Performed legal research
TE01144,M0042,A019,2025-06-24,1.5,725,1087.5,Prepared matter status update
TE01145,M0100,A035,2026-04-15,8,625,5000,Prepared matter status update
TE01146,M0105,A006,2025-06-29,3.5,375,1312.5,Coordinated matter planning with client team
TE01147,M0101,A004,2026-01-24,3.5,725,2537.5,Drafted correspondence and legal memorandum
TE01148,M0077,A026,2024-01-27,6,525,3150,Drafted correspondence and legal memorandum
TE01149,M0110,A010,2026-04-18,4.5,750,3375,Analyzed regulatory and compliance requirements
TE01150,M0051,A027,2025-07-17,1,400,400,Performed legal research
TE01151,M0041,A024,2025-07-24,4,450,1800,Performed legal research
TE01152,M0070,A028,2026-06-04,4.5,700,3150,Analyzed regulatory and compliance requirements
TE01153,M0144,A016,2026-04-11,1.5,650,975,Analyzed regulatory and compliance requirements
TE01154,M0016,A020,2023-08-18,4,625,2500,Performed legal research
TE01155,M0007,A033,2025-04-12,4.5,425,1912.5,Analyzed regulatory and compliance requirements
TE01156,M0026,A013,2025-02-07,5.5,700,3850,Analyzed regulatory and compliance requirements
TE01157,M0001,A005,2026-05-08,3.5,625,2187.5,Conducted client strategy conference
TE01158,M0100,A029,2025-10-31,3.5,600,2100,Performed legal research
TE01159,M0070,A035,2026-04-25,7,625,4375,Reviewed billing and budget status
TE01160,M0085,A024,2026-05-09,5.5,450,2475,Performed legal research
TE01161,M0063,A026,2025-02-07,2,525,1050,Reviewed billing and budget status
TE01162,M0067,A021,2023-06-11,1.5,375,562.5,Drafted correspondence and legal memorandum
TE01163,M0013,A020,2025-04-04,5,625,3125,Reviewed case documents and prepared analysis
TE01164,M0044,A015,2025-08-07,7,475,3325,Reviewed billing and budget status
TE01165,M0057,A025,2024-08-22,4.5,750,3375,Performed legal research
TE01166,M0097,A007,2024-02-25,3.5,675,2362.5,Prepared matter status update
TE01167,M0120,A024,2026-05-17,7.5,450,3375,Prepared for witness interview
TE01168,M0015,A036,2026-05-20,5.5,375,2062.5,Reviewed case documents and prepared analysis
TE01169,M0135,A020,2026-06-21,1,625,625,Conducted client strategy conference
TE01170,M0055,A037,2026-04-15,2,675,1350,Reviewed discovery materials
TE01171,M0030,A031,2025-11-27,3,650,1950,Reviewed billing and budget status
TE01172,M0052,A009,2025-10-22,8,450,3600,Analyzed regulatory and compliance requirements
TE01173,M0111,A018,2026-02-05,6,425,2550,Reviewed billing and budget status
TE01174,M0120,A018,2026-06-25,1.5,425,637.5,Drafted correspondence and legal memorandum
TE01175,M0052,A021,2023-10-06,7,375,2625,Reviewed billing and budget status
TE01176,M0106,A025,2025-02-26,6,750,4500,Reviewed billing and budget status
TE01177,M0051,A008,2024-08-25,3,575,1725,Reviewed billing and budget status
TE01178,M0150,A009,2025-07-01,3.5,450,1575,Drafted correspondence and legal memorandum
TE01179,M0095,A027,2024-02-26,1.5,400,600,Conducted client strategy conference
TE01180,M0099,A022,2025-01-15,3,675,2025,Drafted correspondence and legal memorandum
TE01181,M0058,A012,2024-01-21,2,400,800,Drafted correspondence and legal memorandum
TE01182,M0021,A027,2025-10-20,8,400,3200,Analyzed regulatory and compliance requirements
TE01183,M0027,A017,2024-07-10,8,550,4400,Coordinated matter planning with client team
TE01184,M0029,A033,2025-02-23,6.5,425,2762.5,Performed legal research
TE01185,M0050,A032,2024-11-20,6,550,3300,Analyzed regulatory and compliance requirements
TE01186,M0034,A010,2026-03-28,2.5,750,1875,Performed legal research
TE01187,M0036,A001,2025-03-18,8,650,5200,Performed legal research
TE01188,M0014,A004,2025-05-27,1,725,725,Conducted client strategy conference
TE01189,M0136,A028,2026-04-19,3,700,2100,Reviewed case documents and prepared analysis
TE01190,M0003,A021,2024-10-05,2.5,375,937.5,Prepared for witness interview
TE01191,M0143,A028,2026-06-29,7.5,700,5250,Coordinated matter planning with client team
TE01192,M0041,A009,2026-03-18,3.5,450,1575,Analyzed regulatory and compliance requirements
TE01193,M0128,A011,2025-03-05,2,525,1050,Prepared matter status update
TE01194,M0098,A032,2023-06-29,7,550,3850,Prepared matter status update
TE01195,M0099,A032,2024-11-24,2,550,1100,Conducted client strategy conference
TE01196,M0061,A023,2026-06-06,4,575,2300,Analyzed regulatory and compliance requirements
TE01197,M0113,A028,2025-07-12,6,700,4200,Performed legal research
TE01198,M0125,A015,2024-10-19,7.5,475,3562.5,Conducted client strategy conference
TE01199,M0110,A015,2026-06-07,4,475,1900,Prepared for witness interview
TE01200,M0003,A004,2025-09-27,7.5,725,5437.5,Reviewed discovery materials
TE01201,M0003,A030,2024-07-17,4,475,1900,Conducted client strategy conference
TE01202,M0086,A004,2024-11-13,2.5,725,1812.5,Drafted correspondence and legal memorandum
TE01203,M0009,A008,2024-01-05,7,575,4025,Reviewed discovery materials
TE01204,M0054,A005,2026-05-29,3.5,625,2187.5,Coordinated matter planning with client team
TE01205,M0062,A034,2025-09-28,0.5,725,362.5,Drafted correspondence and legal memorandum
TE01206,M0036,A010,2025-01-31,5.5,750,4125,Reviewed billing and budget status
TE01207,M0026,A019,2025-05-09,3.5,725,2537.5,Coordinated matter planning with client team
TE01208,M0147,A015,2023-06-12,5.5,475,2612.5,Coordinated matter planning with client team
TE01209,M0019,A022,2026-07-30,1,675,675,Reviewed billing and budget status
TE01210,M0026,A028,2025-11-10,4.5,700,3150,Coordinated matter planning with client team
TE01211,M0093,A005,2024-04-03,1,625,625,Reviewed case documents and prepared analysis
TE01212,M0135,A036,2026-03-26,0.5,375,187.5,Coordinated matter planning with client team
TE01213,M0057,A030,2024-11-19,6,475,2850,Reviewed billing and budget status
TE01214,M0141,A015,2025-12-12,3.5,475,1662.5,Prepared for witness interview
TE01215,M0112,A021,2024-08-11,7,375,2625,Prepared matter status update
TE01216,M0034,A023,2026-03-26,3,575,1725,Reviewed discovery materials
TE01217,M0050,A030,2025-11-05,8,475,3800,Coordinated matter planning with client team
TE01218,M0073,A034,2025-12-14,6.5,725,4712.5,Reviewed billing and budget status
TE01219,M0147,A016,2023-05-03,6,650,3900,Prepared matter status update
TE01220,M0122,A031,2025-09-29,3.5,650,2275,Coordinated matter planning with client team
TE01221,M0023,A013,2025-06-05,0.5,700,350,Conducted client strategy conference
TE01222,M0063,A001,2024-02-04,7,650,4550,Analyzed regulatory and compliance requirements
TE01223,M0057,A032,2024-11-19,0.5,550,275,Analyzed regulatory and compliance requirements
TE01224,M0117,A016,2023-02-23,7.5,650,4875,Drafted correspondence and legal memorandum
TE01225,M0013,A006,2025-09-14,5,375,1875,Prepared matter status update
TE01226,M0099,A010,2024-12-09,0.5,750,375,Reviewed billing and budget status
TE01227,M0077,A025,2023-05-24,6.5,750,4875,Coordinated matter planning with client team
TE01228,M0097,A012,2023-10-06,7,400,2800,Analyzed regulatory and compliance requirements
TE01229,M0139,A018,2023-11-16,2.5,425,1062.5,Reviewed billing and budget status
TE01230,M0003,A001,2025-04-23,4,650,2600,Reviewed discovery materials
TE01231,M0107,A008,2025-05-05,1,575,575,Analyzed regulatory and compliance requirements
TE01232,M0068,A005,2023-09-04,3,625,1875,Prepared for witness interview
TE01233,M0064,A003,2025-01-31,4.5,425,1912.5,Reviewed discovery materials
TE01234,M0087,A010,2026-04-05,5.5,750,4125,Prepared for witness interview
TE01235,M0048,A021,2026-05-11,1,375,375,Reviewed billing and budget status
TE01236,M0011,A003,2026-05-27,2.5,425,1062.5,Drafted correspondence and legal memorandum
TE01237,M0060,A017,2024-05-10,7.5,550,4125,Conducted client strategy conference
TE01238,M0037,A022,2026-03-08,8,675,5400,Reviewed billing and budget status
TE01239,M0104,A036,2025-10-20,3.5,375,1312.5,Prepared for witness interview
TE01240,M0111,A001,2026-01-24,2,650,1300,Prepared matter status update
TE01241,M0078,A030,2023-11-18,3,475,1425,Performed legal research
TE01242,M0111,A017,2026-02-27,2.5,550,1375,Drafted correspondence and legal memorandum
TE01243,M0078,A017,2023-09-22,3,550,1650,Conducted client strategy conference
TE01244,M0099,A014,2024-12-19,1,600,600,Prepared matter status update
TE01245,M0140,A011,2025-06-26,5.5,525,2887.5,Reviewed billing and budget status
TE01246,M0114,A037,2026-03-23,2.5,675,1687.5,Prepared matter status update
TE01247,M0146,A025,2026-01-22,4,750,3000,Drafted correspondence and legal memorandum
TE01248,M0017,A019,2026-01-24,4.5,725,3262.5,Prepared for witness interview
TE01249,M0127,A037,2023-10-21,6,675,4050,Drafted correspondence and legal memorandum
TE01250,M0007,A003,2025-08-23,5.5,425,2337.5,Drafted correspondence and legal memorandum
TE01251,M0141,A008,2026-02-15,1,575,575,Conducted client strategy conference
TE01252,M0078,A036,2023-10-12,4.5,375,1687.5,Reviewed case documents and prepared analysis
TE01253,M0077,A024,2024-01-09,4,450,1800,Prepared for witness interview
TE01254,M0083,A021,2025-10-23,4,375,1500,Performed legal research
TE01255,M0024,A018,2025-12-27,3,425,1275,Prepared for witness interview
TE01256,M0136,A012,2026-03-06,8,400,3200,Coordinated matter planning with client team
TE01257,M0013,A022,2026-04-03,3.5,675,2362.5,Prepared matter status update
TE01258,M0049,A006,2023-08-24,5.5,375,2062.5,Analyzed regulatory and compliance requirements
TE01259,M0028,A027,2025-08-22,6.5,400,2600,Analyzed regulatory and compliance requirements
TE01260,M0022,A035,2025-12-03,6.5,625,4062.5,Performed legal research
TE01261,M0072,A014,2024-03-17,4.5,600,2700,Reviewed case documents and prepared analysis
TE01262,M0019,A012,2026-02-01,1.5,400,600,Prepared matter status update
TE01263,M0060,A005,2025-08-18,7.5,625,4687.5,Reviewed case documents and prepared analysis
TE01264,M0135,A025,2025-07-16,2,750,1500,Reviewed discovery materials
TE01265,M0140,A002,2026-03-26,0.5,550,275,Reviewed billing and budget status
TE01266,M0109,A032,2025-09-18,6.5,550,3575,Prepared matter status update
TE01267,M0115,A017,2026-07-24,6,550,3300,Prepared for witness interview
TE01268,M0050,A007,2025-08-05,1,675,675,Reviewed billing and budget status
TE01269,M0059,A001,2023-04-06,5.5,650,3575,Prepared for witness interview
TE01270,M0017,A030,2025-07-10,5.5,475,2612.5,Prepared matter status update
TE01271,M0025,A021,2025-07-18,5.5,375,2062.5,Reviewed billing and budget status
TE01272,M0130,A016,2025-04-25,5,650,3250,Reviewed case documents and prepared analysis
TE01273,M0115,A015,2026-03-23,1,475,475,Drafted correspondence and legal memorandum
TE01274,M0080,A013,2024-01-23,7,700,4900,Reviewed discovery materials
TE01275,M0133,A015,2026-01-02,1.5,475,712.5,Reviewed discovery materials
TE01276,M0055,A018,2025-07-08,5.5,425,2337.5,Prepared for witness interview
TE01277,M0009,A009,2023-12-24,4,450,1800,Prepared matter status update
TE01278,M0101,A020,2025-09-03,7.5,625,4687.5,Analyzed regulatory and compliance requirements
TE01279,M0129,A035,2023-11-05,0.5,625,312.5,Analyzed regulatory and compliance requirements
TE01280,M0038,A031,2023-03-30,1.5,650,975,Drafted correspondence and legal memorandum
TE01281,M0016,A029,2023-06-29,5,600,3000,Reviewed discovery materials
TE01282,M0001,A029,2025-03-28,8,600,4800,Performed legal research
TE01283,M0052,A014,2023-10-16,7.5,600,4500,Reviewed billing and budget status
TE01284,M0015,A010,2026-06-04,6,750,4500,Performed legal research
TE01285,M0128,A037,2024-03-23,2.5,675,1687.5,Performed legal research
TE01286,M0131,A002,2026-02-13,5,550,2750,Reviewed discovery materials
TE01287,M0075,A030,2024-03-22,8,475,3800,Prepared matter status update
TE01288,M0032,A028,2026-03-22,6.5,700,4550,Reviewed billing and budget status
TE01289,M0024,A036,2025-02-07,1,375,375,Reviewed case documents and prepared analysis
TE01290,M0037,A010,2026-03-12,6.5,750,4875,Drafted correspondence and legal memorandum
TE01291,M0024,A001,2024-01-17,7,650,4550,Prepared matter status update
TE01292,M0026,A037,2024-11-08,2.5,675,1687.5,Coordinated matter planning with client team
TE01293,M0113,A028,2026-06-19,7.5,700,5250,Drafted correspondence and legal memorandum
TE01294,M0108,A007,2025-03-07,6,675,4050,Drafted correspondence and legal memorandum
TE01295,M0054,A009,2025-07-06,7.5,450,3375,Prepared for witness interview
TE01296,M0038,A005,2023-10-18,3.5,625,2187.5,Coordinated matter planning with client team
TE01297,M0046,A003,2026-06-20,7,425,2975,Performed legal research
TE01298,M0125,A020,2025-12-09,7.5,625,4687.5,Prepared matter status update
TE01299,M0007,A015,2025-04-12,2.5,475,1187.5,Coordinated matter planning with client team
TE01300,M0085,A007,2026-01-05,4.5,675,3037.5,Reviewed billing and budget status
TE01301,M0034,A014,2026-05-31,4,600,2400,Performed legal research
TE01302,M0044,A028,2025-08-03,5,700,3500,Prepared matter status update
TE01303,M0110,A032,2026-05-22,4.5,550,2475,Coordinated matter planning with client team
TE01304,M0072,A028,2023-08-29,0.5,700,350,Analyzed regulatory and compliance requirements
TE01305,M0136,A024,2026-06-05,4,450,1800,Coordinated matter planning with client team
TE01306,M0135,A022,2026-06-04,4,675,2700,Analyzed regulatory and compliance requirements
TE01307,M0119,A026,2023-12-11,5.5,525,2887.5,Drafted correspondence and legal memorandum
TE01308,M0030,A010,2026-01-17,0.5,750,375,Prepared matter status update
TE01309,M0071,A012,2025-12-15,7.5,400,3000,Prepared for witness interview
TE01310,M0021,A011,2023-08-19,0.5,525,262.5,Drafted correspondence and legal memorandum
TE01311,M0035,A004,2024-01-18,7.5,725,5437.5,Reviewed billing and budget status
TE01312,M0051,A013,2025-08-24,0.5,700,350,Coordinated matter planning with client team
TE01313,M0036,A013,2026-05-14,3,700,2100,Analyzed regulatory and compliance requirements
TE01314,M0123,A016,2026-07-07,5.5,650,3575,Reviewed discovery materials
TE01315,M0018,A023,2025-03-11,7,575,4025,Reviewed billing and budget status
TE01316,M0022,A037,2024-10-01,5,675,3375,Drafted correspondence and legal memorandum
TE01317,M0129,A003,2023-04-18,4,425,1700,Coordinated matter planning with client team
TE01318,M0089,A026,2025-08-10,7,525,3675,Conducted client strategy conference
TE01319,M0007,A005,2025-03-28,3,625,1875,Prepared for witness interview
TE01320,M0077,A016,2023-03-24,3,650,1950,Prepared matter status update
TE01321,M0028,A030,2025-08-04,4.5,475,2137.5,Drafted correspondence and legal memorandum
TE01322,M0139,A028,2023-11-14,2,700,1400,Conducted client strategy conference
TE01323,M0110,A001,2026-02-21,1,650,650,Reviewed case documents and prepared analysis
TE01324,M0072,A024,2023-06-27,2.5,450,1125,Coordinated matter planning with client team
TE01325,M0048,A026,2026-04-26,2.5,525,1312.5,Prepared matter status update
TE01326,M0062,A011,2023-09-24,5.5,525,2887.5,Prepared matter status update
TE01327,M0137,A012,2024-10-11,0.5,400,200,Performed legal research
TE01328,M0037,A034,2025-12-23,4,725,2900,Reviewed billing and budget status
TE01329,M0046,A009,2026-03-12,4,450,1800,Reviewed case documents and prepared analysis
TE01330,M0005,A004,2026-05-18,7,725,5075,Reviewed case documents and prepared analysis
TE01331,M0049,A030,2023-07-26,6,475,2850,Drafted correspondence and legal memorandum
TE01332,M0098,A007,2023-08-13,3,675,2025,Reviewed case documents and prepared analysis
TE01333,M0147,A020,2023-06-18,0.5,625,312.5,Drafted correspondence and legal memorandum
TE01334,M0023,A003,2026-01-26,7,425,2975,Prepared matter status update
TE01335,M0041,A010,2025-09-15,7,750,5250,Reviewed case documents and prepared analysis
TE01336,M0051,A024,2026-03-02,4.5,450,2025,Drafted correspondence and legal memorandum
TE01337,M0117,A036,2023-08-26,7.5,375,2812.5,Prepared matter status update
TE01338,M0109,A026,2025-06-26,3,525,1575,Prepared for witness interview
TE01339,M0060,A028,2026-04-01,6,700,4200,Analyzed regulatory and compliance requirements
TE01340,M0077,A008,2023-09-27,1,575,575,Drafted correspondence and legal memorandum
TE01341,M0084,A035,2025-01-21,5,625,3125,Reviewed case documents and prepared analysis
TE01342,M0131,A008,2025-11-07,7.5,575,4312.5,Drafted correspondence and legal memorandum
TE01343,M0025,A036,2024-08-16,5.5,375,2062.5,Prepared matter status update
TE01344,M0132,A012,2025-03-12,5,400,2000,Prepared for witness interview
TE01345,M0001,A002,2025-09-02,2.5,550,1375,Reviewed case documents and prepared analysis
TE01346,M0041,A022,2025-12-10,1,675,675,Reviewed case documents and prepared analysis
TE01347,M0148,A026,2024-09-07,2,525,1050,Coordinated matter planning with client team
TE01348,M0078,A027,2023-10-04,6,400,2400,Prepared matter status update
TE01349,M0061,A025,2026-06-14,3,750,2250,Drafted correspondence and legal memorandum
TE01350,M0079,A006,2026-01-21,3,375,1125,Performed legal research
TE01351,M0036,A033,2026-01-04,7.5,425,3187.5,Reviewed discovery materials
TE01352,M0146,A034,2026-04-01,6,725,4350,Prepared matter status update
TE01353,M0099,A023,2025-02-23,1,575,575,Drafted correspondence and legal memorandum
TE01354,M0037,A031,2026-03-08,2,650,1300,Reviewed discovery materials
TE01355,M0130,A018,2024-09-15,8,425,3400,Coordinated matter planning with client team
TE01356,M0047,A001,2024-12-30,6.5,650,4225,Coordinated matter planning with client team
TE01357,M0003,A018,2026-03-08,1,425,425,Reviewed case documents and prepared analysis
TE01358,M0126,A016,2025-03-14,1,650,650,Conducted client strategy conference
TE01359,M0018,A017,2025-07-29,7,550,3850,Analyzed regulatory and compliance requirements
TE01360,M0084,A034,2025-11-08,3,725,2175,Performed legal research
TE01361,M0061,A027,2025-11-25,6,400,2400,Conducted client strategy conference
TE01362,M0130,A033,2025-03-28,7,425,2975,Drafted correspondence and legal memorandum
TE01363,M0117,A011,2023-02-23,2.5,525,1312.5,Coordinated matter planning with client team
TE01364,M0094,A007,2024-12-26,4.5,675,3037.5,Prepared for witness interview
TE01365,M0048,A010,2026-04-20,6.5,750,4875,Coordinated matter planning with client team
TE01366,M0032,A019,2026-07-13,6.5,725,4712.5,Performed legal research
TE01367,M0030,A029,2025-11-13,1.5,600,900,Prepared for witness interview
TE01368,M0007,A013,2025-05-08,7,700,4900,Conducted client strategy conference
TE01369,M0076,A022,2024-09-26,0.5,675,337.5,Reviewed discovery materials
TE01370,M0080,A017,2025-10-23,3.5,550,1925,Drafted correspondence and legal memorandum
TE01371,M0034,A027,2026-04-29,7,400,2800,Drafted correspondence and legal memorandum
TE01372,M0075,A028,2024-09-27,7.5,700,5250,Prepared matter status update
TE01373,M0034,A008,2026-01-21,8,575,4600,Reviewed discovery materials
TE01374,M0055,A003,2025-11-21,2,425,850,Performed legal research
TE01375,M0014,A006,2025-07-01,1,375,375,Drafted correspondence and legal memorandum
TE01376,M0051,A026,2026-06-15,3,525,1575,Reviewed billing and budget status
TE01377,M0059,A018,2024-03-08,1.5,425,637.5,Reviewed billing and budget status
TE01378,M0076,A022,2024-12-21,2.5,675,1687.5,Prepared matter status update
TE01379,M0136,A008,2026-01-29,1.5,575,862.5,Performed legal research
TE01380,M0087,A036,2026-05-19,4.5,375,1687.5,Reviewed billing and budget status
TE01381,M0014,A025,2026-04-08,5.5,750,4125,Reviewed billing and budget status
TE01382,M0121,A025,2026-03-04,6,750,4500,Prepared for witness interview
TE01383,M0144,A006,2025-04-26,4,375,1500,Performed legal research
TE01384,M0052,A004,2023-07-19,7.5,725,5437.5,Analyzed regulatory and compliance requirements
TE01385,M0059,A016,2023-12-23,7.5,650,4875,Analyzed regulatory and compliance requirements
TE01386,M0031,A026,2024-08-03,6.5,525,3412.5,Conducted client strategy conference
TE01387,M0054,A025,2025-07-07,5.5,750,4125,Analyzed regulatory and compliance requirements
TE01388,M0069,A006,2025-12-06,1,375,375,Coordinated matter planning with client team
TE01389,M0012,A027,2025-10-22,4,400,1600,Performed legal research
TE01390,M0092,A008,2024-01-16,4,575,2300,Reviewed case documents and prepared analysis
TE01391,M0054,A006,2024-07-19,2.5,375,937.5,Reviewed billing and budget status
TE01392,M0037,A027,2026-01-17,6.5,400,2600,Reviewed case documents and prepared analysis
TE01393,M0035,A029,2026-06-18,1.5,600,900,Reviewed case documents and prepared analysis
TE01394,M0015,A023,2026-06-15,5,575,2875,Reviewed discovery materials
TE01395,M0120,A004,2026-03-25,7,725,5075,Prepared matter status update
TE01396,M0145,A007,2025-10-27,4,675,2700,Prepared for witness interview
TE01397,M0089,A010,2025-07-16,6.5,750,4875,Reviewed discovery materials
TE01398,M0111,A033,2026-07-19,4,425,1700,Conducted client strategy conference
TE01399,M0140,A003,2025-06-10,7.5,425,3187.5,Prepared for witness interview
TE01400,M0055,A036,2026-04-11,3.5,375,1312.5,Performed legal research
TE01401,M0026,A011,2026-05-27,3.5,525,1837.5,Prepared matter status update
TE01402,M0055,A024,2026-07-03,7,450,3150,Analyzed regulatory and compliance requirements
TE01403,M0067,A013,2023-04-30,2,700,1400,Prepared matter status update
TE01404,M0055,A005,2025-11-03,1,625,625,Prepared matter status update
TE01405,M0084,A033,2025-03-19,5.5,425,2337.5,Prepared matter status update
TE01406,M0070,A037,2025-12-12,1,675,675,Reviewed case documents and prepared analysis
TE01407,M0003,A023,2025-04-09,4.5,575,2587.5,Drafted correspondence and legal memorandum
TE01408,M0029,A015,2025-02-20,1,475,475,Prepared matter status update
TE01409,M0022,A009,2025-11-30,4,450,1800,Analyzed regulatory and compliance requirements
TE01410,M0128,A008,2025-04-05,6.5,575,3737.5,Reviewed billing and budget status
TE01411,M0025,A023,2026-02-23,3.5,575,2012.5,Reviewed discovery materials
TE01412,M0064,A006,2024-09-29,5,375,1875,Drafted correspondence and legal memorandum
TE01413,M0076,A013,2026-01-01,1,700,700,Reviewed billing and budget status
TE01414,M0048,A026,2026-04-03,4.5,525,2362.5,Reviewed billing and budget status
TE01415,M0135,A037,2025-06-13,6.5,675,4387.5,Prepared for witness interview
TE01416,M0116,A013,2025-07-24,2,700,1400,Performed legal research
TE01417,M0091,A002,2024-09-26,5,550,2750,Drafted correspondence and legal memorandum
TE01418,M0034,A002,2026-05-30,6.5,550,3575,Coordinated matter planning with client team
TE01419,M0117,A007,2023-02-05,4,675,2700,Performed legal research
TE01420,M0138,A001,2023-12-01,2.5,650,1625,Reviewed case documents and prepared analysis
TE01421,M0082,A008,2025-07-20,4.5,575,2587.5,Prepared matter status update
TE01422,M0099,A030,2025-04-30,7,475,3325,Reviewed billing and budget status
TE01423,M0025,A020,2025-02-04,2,625,1250,Conducted client strategy conference
TE01424,M0124,A008,2025-05-23,1,575,575,Reviewed case documents and prepared analysis
TE01425,M0048,A003,2026-02-19,4.5,425,1912.5,Drafted correspondence and legal memorandum
TE01426,M0045,A034,2026-07-08,1,725,725,Reviewed billing and budget status
TE01427,M0120,A008,2026-03-10,4,575,2300,Drafted correspondence and legal memorandum
TE01428,M0009,A001,2024-05-30,3,650,1950,Drafted correspondence and legal memorandum
TE01429,M0036,A019,2024-02-09,2,725,1450,Analyzed regulatory and compliance requirements
TE01430,M0075,A014,2025-11-24,7,600,4200,Analyzed regulatory and compliance requirements
TE01431,M0122,A004,2025-07-13,6,725,4350,Performed legal research
TE01432,M0073,A001,2024-02-19,1,650,650,Coordinated matter planning with client team
TE01433,M0016,A001,2025-11-09,0.5,650,325,Drafted correspondence and legal memorandum
TE01434,M0141,A017,2025-12-05,3,550,1650,Performed legal research
TE01435,M0130,A007,2024-12-25,1.5,675,1012.5,Prepared for witness interview
TE01436,M0101,A028,2025-10-22,3.5,700,2450,Reviewed billing and budget status
TE01437,M0101,A020,2025-09-24,8,625,5000,Conducted client strategy conference
TE01438,M0012,A016,2026-06-11,3.5,650,2275,Prepared for witness interview
TE01439,M0146,A029,2024-08-01,4.5,600,2700,Conducted client strategy conference
TE01440,M0099,A014,2025-02-08,6,600,3600,Prepared matter status update
TE01441,M0078,A012,2024-02-11,7.5,400,3000,Reviewed billing and budget status
TE01442,M0099,A031,2025-03-09,0.5,650,325,Prepared for witness interview
TE01443,M0127,A037,2024-01-05,6.5,675,4387.5,Prepared for witness interview
TE01444,M0107,A028,2025-02-08,4.5,700,3150,Prepared for witness interview
TE01445,M0013,A023,2026-01-15,5.5,575,3162.5,Prepared matter status update
TE01446,M0031,A021,2024-05-30,5.5,375,2062.5,Drafted correspondence and legal memorandum
TE01447,M0115,A025,2025-12-10,7,750,5250,Coordinated matter planning with client team
TE01448,M0115,A014,2026-02-09,8,600,4800,Coordinated matter planning with client team
TE01449,M0001,A022,2025-04-16,2.5,675,1687.5,Performed legal research
TE01450,M0037,A013,2026-02-11,3.5,700,2450,Prepared for witness interview
TE01451,M0127,A026,2023-05-25,2.5,525,1312.5,Performed legal research
TE01452,M0135,A003,2025-10-27,1.5,425,637.5,Coordinated matter planning with client team
TE01453,M0125,A031,2026-01-26,1.5,650,975,Analyzed regulatory and compliance requirements
TE01454,M0114,A004,2024-10-29,1.5,725,1087.5,Coordinated matter planning with client team
TE01455,M0018,A035,2025-04-27,0.5,625,312.5,Performed legal research
TE01456,M0005,A026,2024-08-29,1,525,525,Conducted client strategy conference
TE01457,M0064,A022,2024-01-12,3.5,675,2362.5,Prepared for witness interview
TE01458,M0046,A029,2025-12-10,2,600,1200,Coordinated matter planning with client team
TE01459,M0041,A007,2026-04-11,3.5,675,2362.5,Analyzed regulatory and compliance requirements
TE01460,M0020,A018,2025-09-30,3,425,1275,Prepared matter status update
TE01461,M0147,A015,2023-02-26,0.5,475,237.5,Reviewed case documents and prepared analysis
TE01462,M0125,A022,2025-03-06,6.5,675,4387.5,Reviewed discovery materials
TE01463,M0097,A036,2023-11-19,6,375,2250,Analyzed regulatory and compliance requirements
TE01464,M0017,A013,2024-11-28,4,700,2800,Analyzed regulatory and compliance requirements
TE01465,M0078,A011,2024-03-21,8,525,4200,Reviewed discovery materials
TE01466,M0059,A030,2023-10-25,7,475,3325,Conducted client strategy conference
TE01467,M0039,A016,2024-02-16,3.5,650,2275,Reviewed billing and budget status
TE01468,M0084,A022,2026-05-20,4,675,2700,Performed legal research
TE01469,M0070,A024,2026-07-20,1,450,450,Drafted correspondence and legal memorandum
TE01470,M0014,A014,2025-10-15,4,600,2400,Conducted client strategy conference
TE01471,M0003,A013,2023-07-22,3.5,700,2450,Reviewed billing and budget status
TE01472,M0117,A027,2023-09-10,4,400,1600,Conducted client strategy conference
TE01473,M0150,A035,2026-05-16,3.5,625,2187.5,Drafted correspondence and legal memorandum
TE01474,M0085,A021,2026-04-07,6,375,2250,Prepared matter status update
TE01475,M0032,A023,2025-12-11,5.5,575,3162.5,Conducted client strategy conference
TE01476,M0042,A022,2025-08-02,2.5,675,1687.5,Conducted client strategy conference
TE01477,M0047,A023,2025-04-11,5.5,575,3162.5,Prepared for witness interview
TE01478,M0045,A010,2026-03-12,0.5,750,375,Prepared matter status update
TE01479,M0028,A023,2025-08-14,4,575,2300,Performed legal research
TE01480,M0073,A020,2024-06-09,0.5,625,312.5,Analyzed regulatory and compliance requirements
TE01481,M0010,A015,2024-12-19,3.5,475,1662.5,Reviewed billing and budget status
TE01482,M0137,A006,2025-01-10,6.5,375,2437.5,Prepared for witness interview
TE01483,M0143,A019,2025-08-05,7.5,725,5437.5,Coordinated matter planning with client team
TE01484,M0042,A011,2025-11-04,5,525,2625,Analyzed regulatory and compliance requirements
TE01485,M0033,A014,2026-02-21,2,600,1200,Coordinated matter planning with client team
TE01486,M0088,A017,2023-12-12,2,550,1100,Reviewed discovery materials
TE01487,M0041,A014,2026-07-27,6.5,600,3900,Prepared matter status update
TE01488,M0018,A007,2026-01-31,8,675,5400,Performed legal research
TE01489,M0127,A034,2023-05-22,2,725,1450,Reviewed case documents and prepared analysis
TE01490,M0041,A022,2026-05-13,5.5,675,3712.5,Reviewed case documents and prepared analysis
TE01491,M0011,A035,2026-02-01,2,625,1250,Conducted client strategy conference
TE01492,M0043,A025,2026-03-31,2.5,750,1875,Performed legal research
TE01493,M0071,A015,2026-01-28,1,475,475,Coordinated matter planning with client team
TE01494,M0139,A019,2023-08-16,7.5,725,5437.5,Analyzed regulatory and compliance requirements
TE01495,M0084,A003,2025-01-17,8,425,3400,Reviewed billing and budget status
TE01496,M0081,A002,2025-08-30,4,550,2200,Performed legal research
TE01497,M0103,A007,2023-08-01,5.5,675,3712.5,Reviewed billing and budget status
TE01498,M0039,A025,2024-07-06,3,750,2250,Performed legal research
TE01499,M0144,A030,2024-10-08,4.5,475,2137.5,Drafted correspondence and legal memorandum
TE01500,M0027,A019,2024-03-17,2.5,725,1812.5,Prepared for witness interview
TE01501,M0021,A010,2023-08-17,3.5,750,2625,Prepared matter status update
TE01502,M0105,A013,2024-09-09,6,700,4200,Conducted client strategy conference
TE01503,M0148,A021,2025-03-08,7,375,2625,Prepared matter status update
TE01504,M0115,A007,2026-02-24,2,675,1350,Prepared matter status update
TE01505,M0064,A033,2025-03-23,6.5,425,2762.5,Prepared for witness interview
TE01506,M0058,A034,2024-02-23,1,725,725,Reviewed billing and budget status
TE01507,M0025,A036,2025-10-04,8,375,3000,Reviewed billing and budget status
TE01508,M0069,A020,2026-02-04,7.5,625,4687.5,Performed legal research
TE01509,M0150,A014,2025-03-28,3.5,600,2100,Conducted client strategy conference
TE01510,M0029,A008,2025-05-24,3,575,1725,Prepared matter status update
TE01511,M0025,A024,2025-06-17,2,450,900,Reviewed billing and budget status
TE01512,M0144,A034,2024-11-11,2,725,1450,Coordinated matter planning with client team
TE01513,M0136,A023,2026-02-11,3,575,1725,Analyzed regulatory and compliance requirements
TE01514,M0132,A008,2025-07-29,8,575,4600,Prepared for witness interview
TE01515,M0124,A015,2025-10-07,7,475,3325,Prepared matter status update
TE01516,M0127,A025,2023-05-23,5,750,3750,Coordinated matter planning with client team
TE01517,M0067,A019,2023-04-05,7.5,725,5437.5,Reviewed discovery materials
TE01518,M0036,A009,2026-02-23,5,450,2250,Reviewed discovery materials
TE01519,M0070,A006,2025-12-25,1.5,375,562.5,Drafted correspondence and legal memorandum
TE01520,M0082,A027,2025-03-16,1.5,400,600,Coordinated matter planning with client team
TE01521,M0110,A003,2026-03-23,2.5,425,1062.5,Reviewed billing and budget status
TE01522,M0067,A004,2023-06-04,5,725,3625,Reviewed billing and budget status
TE01523,M0027,A004,2024-04-20,8,725,5800,Reviewed billing and budget status
TE01524,M0053,A012,2025-12-05,3.5,400,1400,Analyzed regulatory and compliance requirements
TE01525,M0046,A011,2026-04-17,3,525,1575,Coordinated matter planning with client team
TE01526,M0054,A008,2024-12-01,0.5,575,287.5,Conducted client strategy conference
TE01527,M0091,A004,2025-06-28,6.5,725,4712.5,Drafted correspondence and legal memorandum
TE01528,M0107,A019,2025-06-11,5,725,3625,Drafted correspondence and legal memorandum
TE01529,M0029,A032,2025-02-28,2.5,550,1375,Prepared matter status update
TE01530,M0086,A032,2024-10-14,7,550,3850,Reviewed discovery materials
TE01531,M0120,A008,2026-01-28,5.5,575,3162.5,Reviewed case documents and prepared analysis
TE01532,M0028,A016,2025-04-20,7,650,4550,Drafted correspondence and legal memorandum
TE01533,M0040,A020,2025-03-21,5,625,3125,Prepared for witness interview
TE01534,M0024,A017,2025-02-17,2.5,550,1375,Reviewed case documents and prepared analysis
TE01535,M0071,A011,2026-03-25,5,525,2625,Reviewed case documents and prepared analysis
TE01536,M0017,A030,2026-05-01,2.5,475,1187.5,Prepared matter status update
TE01537,M0044,A023,2025-12-04,5,575,2875,Analyzed regulatory and compliance requirements
TE01538,M0027,A003,2024-03-16,8,425,3400,Prepared matter status update
TE01539,M0029,A037,2025-05-24,1.5,675,1012.5,Performed legal research
TE01540,M0020,A020,2025-12-08,3.5,625,2187.5,Conducted client strategy conference
TE01541,M0019,A031,2026-02-18,2,650,1300,Drafted correspondence and legal memorandum
TE01542,M0061,A028,2023-06-15,1.5,700,1050,Reviewed billing and budget status
TE01543,M0042,A009,2026-02-10,4,450,1800,Drafted correspondence and legal memorandum
TE01544,M0148,A008,2025-02-22,8,575,4600,Analyzed regulatory and compliance requirements
TE01545,M0107,A036,2025-02-14,5,375,1875,Reviewed billing and budget status
TE01546,M0140,A015,2025-11-07,8,475,3800,Prepared for witness interview
TE01547,M0033,A009,2025-08-31,7.5,450,3375,Reviewed case documents and prepared analysis
TE01548,M0052,A037,2023-12-29,4,675,2700,Analyzed regulatory and compliance requirements
TE01549,M0137,A023,2024-07-30,2.5,575,1437.5,Performed legal research
TE01550,M0009,A007,2023-12-22,6.5,675,4387.5,Reviewed billing and budget status
TE01551,M0140,A021,2025-05-29,4.5,375,1687.5,Reviewed billing and budget status
TE01552,M0069,A016,2026-02-09,2,650,1300,Analyzed regulatory and compliance requirements
TE01553,M0134,A012,2024-12-18,7,400,2800,Conducted client strategy conference
TE01554,M0054,A010,2025-02-28,3.5,750,2625,Drafted correspondence and legal memorandum
TE01555,M0086,A009,2025-11-01,7.5,450,3375,Coordinated matter planning with client team
TE01556,M0026,A029,2025-01-01,6,600,3600,Drafted correspondence and legal memorandum
TE01557,M0120,A029,2026-06-11,1.5,600,900,Analyzed regulatory and compliance requirements
TE01558,M0094,A021,2025-06-17,5,375,1875,Performed legal research
TE01559,M0040,A032,2025-11-03,5.5,550,3025,Performed legal research
TE01560,M0053,A029,2026-02-07,3.5,600,2100,Reviewed discovery materials
TE01561,M0128,A009,2024-11-05,2.5,450,1125,Analyzed regulatory and compliance requirements
TE01562,M0116,A007,2025-03-20,7,675,4725,Reviewed billing and budget status
TE01563,M0025,A019,2025-04-21,6,725,4350,Coordinated matter planning with client team
TE01564,M0003,A018,2025-07-22,6.5,425,2762.5,Conducted client strategy conference
TE01565,M0144,A020,2025-02-23,5.5,625,3437.5,Performed legal research
TE01566,M0057,A026,2024-10-13,1.5,525,787.5,Coordinated matter planning with client team
TE01567,M0087,A033,2026-04-08,5,425,2125,Reviewed discovery materials
TE01568,M0097,A030,2023-10-19,5,475,2375,Analyzed regulatory and compliance requirements
TE01569,M0038,A004,2023-09-28,1,725,725,Conducted client strategy conference
TE01570,M0097,A024,2024-01-19,4.5,450,2025,Drafted correspondence and legal memorandum
TE01571,M0095,A026,2023-09-07,4.5,525,2362.5,Drafted correspondence and legal memorandum
TE01572,M0007,A001,2025-02-27,3.5,650,2275,Prepared for witness interview
TE01573,M0012,A020,2026-06-24,2.5,625,1562.5,Reviewed case documents and prepared analysis
TE01574,M0131,A011,2025-11-15,8,525,4200,Coordinated matter planning with client team
TE01575,M0066,A028,2025-10-30,1.5,700,1050,Reviewed discovery materials
TE01576,M0145,A006,2026-04-06,4.5,375,1687.5,Reviewed discovery materials
TE01577,M0056,A032,2024-11-18,2.5,550,1375,Analyzed regulatory and compliance requirements
TE01578,M0061,A006,2024-05-25,6.5,375,2437.5,Performed legal research
TE01579,M0091,A025,2023-08-08,4,750,3000,Performed legal research
TE01580,M0038,A003,2023-11-18,3,425,1275,Analyzed regulatory and compliance requirements
TE01581,M0054,A022,2026-03-24,4.5,675,3037.5,Analyzed regulatory and compliance requirements
TE01582,M0032,A036,2025-10-21,6.5,375,2437.5,Reviewed case documents and prepared analysis
TE01583,M0001,A010,2026-04-24,5,750,3750,Reviewed case documents and prepared analysis
TE01584,M0061,A011,2023-09-20,4,525,2100,Prepared for witness interview
TE01585,M0098,A002,2023-07-22,2.5,550,1375,Prepared for witness interview
TE01586,M0078,A019,2023-11-12,3,725,2175,Coordinated matter planning with client team
TE01587,M0111,A013,2026-04-16,3.5,700,2450,Conducted client strategy conference
TE01588,M0077,A018,2024-04-04,4.5,425,1912.5,Conducted client strategy conference
TE01589,M0003,A018,2025-09-16,7,425,2975,Coordinated matter planning with client team
TE01590,M0001,A030,2025-09-05,5.5,475,2612.5,Reviewed case documents and prepared analysis
TE01591,M0115,A013,2025-08-25,1,700,700,Reviewed billing and budget status
TE01592,M0113,A010,2026-01-18,2,750,1500,Analyzed regulatory and compliance requirements
TE01593,M0137,A014,2024-07-18,6.5,600,3900,Prepared matter status update
TE01594,M0083,A018,2026-05-14,0.5,425,212.5,Conducted client strategy conference
TE01595,M0021,A013,2024-07-14,3,700,2100,Drafted correspondence and legal memorandum
TE01596,M0082,A032,2024-08-07,6.5,550,3575,Reviewed case documents and prepared analysis
TE01597,M0103,A012,2023-11-20,4.5,400,1800,Drafted correspondence and legal memorandum
TE01598,M0077,A030,2023-04-01,5,475,2375,Reviewed case documents and prepared analysis
TE01599,M0132,A001,2025-05-15,1.5,650,975,Performed legal research
TE01600,M0056,A012,2024-12-02,7,400,2800,Performed legal research
TE01601,M0019,A035,2026-01-05,5.5,625,3437.5,Reviewed discovery materials
TE01602,M0007,A020,2025-02-07,5,625,3125,Conducted client strategy conference
TE01603,M0035,A018,2025-08-28,1.5,425,637.5,Coordinated matter planning with client team
TE01604,M0064,A028,2023-09-13,7,700,4900,Performed legal research
TE01605,M0047,A016,2025-01-08,7.5,650,4875,Performed legal research
TE01606,M0110,A011,2026-06-28,1,525,525,Analyzed regulatory and compliance requirements
TE01607,M0005,A020,2026-01-20,6.5,625,4062.5,Analyzed regulatory and compliance requirements
TE01608,M0030,A002,2025-06-06,5.5,550,3025,Reviewed billing and budget status
TE01609,M0043,A028,2023-08-01,6,700,4200,Reviewed discovery materials
TE01610,M0101,A031,2025-11-13,4,650,2600,Performed legal research
TE01611,M0032,A013,2025-08-30,7,700,4900,Reviewed discovery materials
TE01612,M0123,A019,2026-07-19,3.5,725,2537.5,Reviewed case documents and prepared analysis
TE01613,M0082,A009,2026-02-16,7,450,3150,Reviewed case documents and prepared analysis
TE01614,M0066,A004,2025-11-12,7.5,725,5437.5,Performed legal research
TE01615,M0013,A012,2026-07-31,2,400,800,Performed legal research
TE01616,M0103,A023,2023-09-26,0.5,575,287.5,Drafted correspondence and legal memorandum
TE01617,M0112,A029,2024-05-31,1,600,600,Conducted client strategy conference
TE01618,M0104,A007,2026-04-22,7.5,675,5062.5,Reviewed case documents and prepared analysis
TE01619,M0148,A009,2025-02-28,1,450,450,Reviewed discovery materials
TE01620,M0025,A018,2024-05-25,3,425,1275,Performed legal research
TE01621,M0071,A007,2026-06-05,2.5,675,1687.5,Prepared matter status update
TE01622,M0143,A005,2025-04-12,7,625,4375,Conducted client strategy conference
TE01623,M0077,A031,2023-07-29,6.5,650,4225,Reviewed billing and budget status
TE01624,M0052,A009,2025-10-02,7,450,3150,Reviewed billing and budget status
TE01625,M0105,A015,2025-10-24,1,475,475,Prepared matter status update
TE01626,M0001,A018,2025-05-21,7.5,425,3187.5,Reviewed discovery materials
TE01627,M0033,A035,2026-06-04,5,625,3125,Reviewed case documents and prepared analysis
TE01628,M0005,A017,2026-04-28,1.5,550,825,Reviewed discovery materials
TE01629,M0139,A007,2023-12-24,4.5,675,3037.5,Reviewed billing and budget status
TE01630,M0009,A009,2024-05-16,3,450,1350,Coordinated matter planning with client team
TE01631,M0085,A022,2026-04-26,3,675,2025,Reviewed case documents and prepared analysis
TE01632,M0044,A026,2026-01-13,8,525,4200,Prepared for witness interview
TE01633,M0109,A030,2025-07-06,6,475,2850,Reviewed case documents and prepared analysis
TE01634,M0136,A028,2026-05-02,7,700,4900,Drafted correspondence and legal memorandum
TE01635,M0037,A007,2026-01-15,1,675,675,Coordinated matter planning with client team
TE01636,M0120,A025,2026-01-01,2,750,1500,Performed legal research
TE01637,M0007,A008,2025-02-19,6.5,575,3737.5,Prepared for witness interview
TE01638,M0140,A022,2026-06-13,6,675,4050,Drafted correspondence and legal memorandum
TE01639,M0114,A008,2025-02-10,6,575,3450,Coordinated matter planning with client team
TE01640,M0057,A008,2024-10-08,8,575,4600,Prepared for witness interview
TE01641,M0072,A034,2024-06-11,0.5,725,362.5,Conducted client strategy conference
TE01642,M0115,A026,2026-04-12,2.5,525,1312.5,Reviewed case documents and prepared analysis
TE01643,M0073,A001,2025-10-16,6.5,650,4225,Reviewed case documents and prepared analysis
TE01644,M0023,A028,2025-06-06,2,700,1400,Analyzed regulatory and compliance requirements
TE01645,M0007,A010,2025-03-15,2,750,1500,Drafted correspondence and legal memorandum
TE01646,M0030,A009,2023-05-31,0.5,450,225,Reviewed case documents and prepared analysis
TE01647,M0101,A007,2025-07-11,4.5,675,3037.5,Prepared matter status update
TE01648,M0072,A031,2025-12-20,0.5,650,325,Reviewed case documents and prepared analysis
TE01649,M0142,A025,2026-05-01,3,750,2250,Drafted correspondence and legal memorandum
TE01650,M0037,A017,2025-12-19,4.5,550,2475,Prepared matter status update
TE01651,M0094,A011,2026-05-09,7,525,3675,Reviewed discovery materials
TE01652,M0066,A029,2025-04-27,1,600,600,Prepared for witness interview
TE01653,M0147,A022,2023-03-12,6,675,4050,Conducted client strategy conference
TE01654,M0089,A037,2025-07-09,5,675,3375,Reviewed discovery materials
TE01655,M0034,A015,2026-01-18,1.5,475,712.5,Analyzed regulatory and compliance requirements
TE01656,M0033,A024,2026-02-10,3,450,1350,Analyzed regulatory and compliance requirements
TE01657,M0136,A018,2025-12-08,7.5,425,3187.5,Analyzed regulatory and compliance requirements
TE01658,M0133,A026,2024-06-19,4.5,525,2362.5,Coordinated matter planning with client team
TE01659,M0005,A029,2025-11-17,7,600,4200,Coordinated matter planning with client team
TE01660,M0003,A033,2024-12-06,7,425,2975,Drafted correspondence and legal memorandum
TE01661,M0077,A024,2023-06-16,7.5,450,3375,Reviewed billing and budget status
TE01662,M0121,A019,2025-03-14,5.5,725,3987.5,Reviewed case documents and prepared analysis
TE01663,M0041,A032,2026-04-03,7,550,3850,Coordinated matter planning with client team
TE01664,M0086,A032,2025-02-01,0.5,550,275,Analyzed regulatory and compliance requirements
TE01665,M0083,A011,2025-11-19,4,525,2100,Analyzed regulatory and compliance requirements
TE01666,M0076,A011,2024-04-08,1,525,525,Drafted correspondence and legal memorandum
TE01667,M0070,A014,2026-02-01,7,600,4200,Analyzed regulatory and compliance requirements
TE01668,M0118,A002,2026-06-24,3.5,550,1925,Conducted client strategy conference
TE01669,M0053,A024,2026-05-26,7.5,450,3375,Performed legal research
TE01670,M0001,A030,2025-09-03,2,475,950,Performed legal research
TE01671,M0011,A019,2025-03-08,4,725,2900,Prepared matter status update
TE01672,M0064,A022,2025-06-11,4,675,2700,Performed legal research
TE01673,M0057,A005,2024-09-26,2,625,1250,Reviewed discovery materials
TE01674,M0022,A022,2026-03-07,3,675,2025,Reviewed billing and budget status
TE01675,M0043,A027,2025-04-07,3.5,400,1400,Prepared matter status update
TE01676,M0111,A001,2026-02-24,3,650,1950,Performed legal research
TE01677,M0145,A035,2026-03-13,1,625,625,Drafted correspondence and legal memorandum
TE01678,M0102,A032,2026-05-31,5,550,2750,Coordinated matter planning with client team
TE01679,M0070,A014,2026-07-24,2.5,600,1500,Reviewed billing and budget status
TE01680,M0013,A017,2025-12-05,1.5,550,825,Drafted correspondence and legal memorandum
TE01681,M0107,A027,2025-07-19,4,400,1600,Reviewed billing and budget status
TE01682,M0063,A007,2026-05-27,3,675,2025,Reviewed discovery materials
TE01683,M0036,A009,2024-03-30,1,450,450,Reviewed billing and budget status
TE01684,M0141,A021,2026-06-19,3,375,1125,Reviewed case documents and prepared analysis
TE01685,M0051,A015,2026-06-16,4,475,1900,Conducted client strategy conference
TE01686,M0086,A001,2026-07-30,3,650,1950,Analyzed regulatory and compliance requirements
TE01687,M0003,A004,2025-06-23,2.5,725,1812.5,Conducted client strategy conference
TE01688,M0104,A037,2025-08-28,5,675,3375,Analyzed regulatory and compliance requirements
TE01689,M0106,A019,2024-04-05,3,725,2175,Conducted client strategy conference
TE01690,M0046,A003,2025-09-29,4,425,1700,Reviewed case documents and prepared analysis
TE01691,M0129,A015,2023-02-19,7.5,475,3562.5,Reviewed billing and budget status
TE01692,M0040,A023,2025-06-11,3,575,1725,Prepared for witness interview
TE01693,M0045,A006,2026-02-13,8,375,3000,Analyzed regulatory and compliance requirements
TE01694,M0145,A037,2025-12-19,2.5,675,1687.5,Analyzed regulatory and compliance requirements
TE01695,M0024,A033,2024-11-17,0.5,425,212.5,Coordinated matter planning with client team
TE01696,M0141,A031,2026-02-27,0.5,650,325,Prepared matter status update
TE01697,M0037,A015,2026-01-17,5,475,2375,Reviewed discovery materials
TE01698,M0138,A009,2023-11-09,5,450,2250,Performed legal research
TE01699,M0145,A012,2026-03-31,2,400,800,Drafted correspondence and legal memorandum
TE01700,M0078,A037,2023-10-18,2,675,1350,Performed legal research
TE01701,M0029,A025,2025-06-08,5.5,750,4125,Performed legal research
TE01702,M0013,A008,2026-01-03,0.5,575,287.5,Reviewed billing and budget status
TE01703,M0054,A010,2025-05-23,3,750,2250,Reviewed billing and budget status
TE01704,M0003,A021,2024-07-29,5.5,375,2062.5,Performed legal research
TE01705,M0131,A035,2024-09-29,5,625,3125,Drafted correspondence and legal memorandum
TE01706,M0143,A022,2026-05-31,2.5,675,1687.5,Analyzed regulatory and compliance requirements
TE01707,M0136,A036,2026-05-19,1.5,375,562.5,Prepared matter status update
TE01708,M0018,A032,2026-04-08,8,550,4400,Reviewed case documents and prepared analysis
TE01709,M0102,A030,2025-07-15,4.5,475,2137.5,Reviewed billing and budget status
TE01710,M0067,A022,2023-05-29,6,675,4050,Analyzed regulatory and compliance requirements
TE01711,M0035,A025,2025-04-14,6,750,4500,Reviewed discovery materials
TE01712,M0120,A036,2026-06-26,2.5,375,937.5,Analyzed regulatory and compliance requirements
TE01713,M0140,A004,2026-04-13,3,725,2175,Analyzed regulatory and compliance requirements
TE01714,M0137,A007,2024-11-17,2.5,675,1687.5,Reviewed case documents and prepared analysis
TE01715,M0043,A010,2025-07-13,7,750,5250,Analyzed regulatory and compliance requirements
TE01716,M0070,A027,2026-07-20,2.5,400,1000,Reviewed billing and budget status
TE01717,M0030,A019,2025-05-15,1,725,725,Performed legal research
TE01718,M0081,A025,2025-09-24,7,750,5250,Conducted client strategy conference
TE01719,M0093,A004,2025-06-12,3,725,2175,Prepared for witness interview
TE01720,M0028,A016,2025-04-04,3,650,1950,Reviewed billing and budget status
TE01721,M0112,A025,2023-07-13,6,750,4500,Conducted client strategy conference
TE01722,M0010,A024,2025-10-16,6,450,2700,Conducted client strategy conference
TE01723,M0132,A002,2025-05-03,8,550,4400,Conducted client strategy conference
TE01724,M0121,A024,2025-07-16,3,450,1350,Analyzed regulatory and compliance requirements
TE01725,M0148,A027,2025-03-19,2.5,400,1000,Performed legal research
TE01726,M0030,A010,2024-02-23,7,750,5250,Reviewed discovery materials
TE01727,M0064,A022,2024-09-01,3,675,2025,Performed legal research
TE01728,M0142,A012,2024-07-12,3.5,400,1400,Drafted correspondence and legal memorandum
TE01729,M0082,A028,2026-03-21,5.5,700,3850,Reviewed billing and budget status
TE01730,M0027,A029,2024-05-07,0.5,600,300,Drafted correspondence and legal memorandum
TE01731,M0013,A028,2026-01-23,6,700,4200,Reviewed discovery materials
TE01732,M0071,A033,2026-04-17,5,425,2125,Reviewed discovery materials
TE01733,M0143,A035,2026-04-11,5.5,625,3437.5,Drafted correspondence and legal memorandum
TE01734,M0043,A010,2024-08-24,8,750,6000,Prepared matter status update
TE01735,M0063,A016,2025-07-09,3,650,1950,Reviewed discovery materials
TE01736,M0112,A034,2023-06-23,1,725,725,Prepared matter status update
TE01737,M0060,A020,2025-07-24,2,625,1250,Analyzed regulatory and compliance requirements
TE01738,M0081,A024,2026-05-25,1,450,450,Reviewed discovery materials
TE01739,M0106,A035,2026-03-25,5.5,625,3437.5,Reviewed discovery materials
TE01740,M0099,A019,2025-02-22,0.5,725,362.5,Coordinated matter planning with client team
TE01741,M0050,A024,2024-11-05,0.5,450,225,Performed legal research
TE01742,M0120,A026,2025-12-20,8,525,4200,Performed legal research
TE01743,M0083,A005,2024-06-16,0.5,625,312.5,Analyzed regulatory and compliance requirements
TE01744,M0009,A024,2024-05-19,5.5,450,2475,Conducted client strategy conference
TE01745,M0080,A016,2025-08-02,3,650,1950,Conducted client strategy conference
TE01746,M0029,A016,2025-03-06,7,650,4550,Coordinated matter planning with client team
TE01747,M0023,A030,2025-08-24,0.5,475,237.5,Reviewed discovery materials
TE01748,M0094,A025,2025-08-17,3.5,750,2625,Prepared matter status update
TE01749,M0045,A026,2025-10-12,2,525,1050,Reviewed case documents and prepared analysis
TE01750,M0065,A031,2025-10-02,8,650,5200,Reviewed case documents and prepared analysis
TE01751,M0086,A005,2025-04-22,5.5,625,3437.5,Reviewed discovery materials
TE01752,M0105,A029,2024-12-22,1,600,600,Performed legal research
TE01753,M0028,A025,2025-04-23,5.5,750,4125,Coordinated matter planning with client team
TE01754,M0072,A035,2025-08-19,1.5,625,937.5,Prepared for witness interview
TE01755,M0123,A034,2025-12-14,5.5,725,3987.5,Drafted correspondence and legal memorandum
TE01756,M0129,A027,2023-07-01,0.5,400,200,Reviewed discovery materials
TE01757,M0069,A027,2026-03-04,4,400,1600,Conducted client strategy conference
TE01758,M0033,A015,2025-01-08,1.5,475,712.5,Reviewed billing and budget status
TE01759,M0018,A001,2025-12-02,7.5,650,4875,Prepared for witness interview
TE01760,M0092,A008,2026-03-03,8,575,4600,Prepared for witness interview
TE01761,M0047,A020,2025-01-05,1,625,625,Prepared matter status update
TE01762,M0048,A033,2026-04-28,4.5,425,1912.5,Reviewed billing and budget status
TE01763,M0125,A026,2024-10-15,3.5,525,1837.5,Prepared for witness interview
TE01764,M0097,A034,2024-02-29,4.5,725,3262.5,Drafted correspondence and legal memorandum
TE01765,M0068,A027,2024-05-08,1.5,400,600,Performed legal research
TE01766,M0031,A021,2025-11-28,5.5,375,2062.5,Drafted correspondence and legal memorandum
TE01767,M0034,A029,2026-05-02,7,600,4200,Conducted client strategy conference
TE01768,M0025,A013,2026-03-20,3,700,2100,Reviewed billing and budget status
TE01769,M0143,A027,2026-04-11,4.5,400,1800,Reviewed discovery materials
TE01770,M0007,A029,2025-07-08,7.5,600,4500,Analyzed regulatory and compliance requirements
TE01771,M0013,A022,2025-05-06,7,675,4725,Reviewed discovery materials
TE01772,M0007,A017,2025-05-09,6,550,3300,Performed legal research
TE01773,M0141,A006,2026-06-06,7.5,375,2812.5,Performed legal research
TE01774,M0027,A028,2024-07-14,4,700,2800,Prepared for witness interview
TE01775,M0059,A018,2023-07-14,5.5,425,2337.5,Reviewed discovery materials
TE01776,M0058,A027,2023-11-22,2,400,800,Reviewed case documents and prepared analysis
TE01777,M0017,A036,2023-11-16,6,375,2250,Analyzed regulatory and compliance requirements
TE01778,M0120,A020,2026-07-19,7,625,4375,Reviewed discovery materials
TE01779,M0060,A022,2025-02-04,3,675,2025,Prepared for witness interview
TE01780,M0054,A003,2024-08-19,7,425,2975,Analyzed regulatory and compliance requirements
TE01781,M0120,A034,2026-07-15,6.5,725,4712.5,Conducted client strategy conference
TE01782,M0092,A015,2025-01-21,7,475,3325,Reviewed discovery materials
TE01783,M0035,A019,2026-05-23,4.5,725,3262.5,Reviewed billing and budget status
TE01784,M0054,A014,2026-06-10,1.5,600,900,Coordinated matter planning with client team
TE01785,M0142,A002,2025-09-29,0.5,550,275,Coordinated matter planning with client team
TE01786,M0076,A019,2023-05-25,6.5,725,4712.5,Reviewed discovery materials
TE01787,M0035,A025,2025-02-13,5,750,3750,Prepared matter status update
TE01788,M0051,A001,2025-03-02,0.5,650,325,Analyzed regulatory and compliance requirements
TE01789,M0020,A014,2026-07-07,3,600,1800,Analyzed regulatory and compliance requirements
TE01790,M0130,A032,2025-07-13,3.5,550,1925,Reviewed billing and budget status
TE01791,M0088,A006,2023-10-18,3,375,1125,Conducted client strategy conference
TE01792,M0072,A006,2023-11-05,7,375,2625,Prepared for witness interview
TE01793,M0073,A004,2024-09-07,1.5,725,1087.5,Reviewed billing and budget status
TE01794,M0001,A017,2025-07-06,7,550,3850,Prepared matter status update
TE01795,M0078,A029,2024-01-28,4,600,2400,Reviewed case documents and prepared analysis
TE01796,M0061,A028,2026-01-19,6.5,700,4550,Performed legal research
TE01797,M0035,A031,2025-03-16,2.5,650,1625,Reviewed billing and budget status
TE01798,M0103,A031,2025-01-01,7.5,650,4875,Performed legal research
TE01799,M0132,A027,2025-12-13,2.5,400,1000,Conducted client strategy conference
TE01800,M0069,A010,2026-04-18,2,750,1500,Prepared for witness interview
TE01801,M0147,A017,2023-03-13,1,550,550,Performed legal research
TE01802,M0094,A030,2025-08-19,5.5,475,2612.5,Conducted client strategy conference
TE01803,M0068,A012,2024-03-04,7,400,2800,Prepared for witness interview
TE01804,M0067,A024,2023-04-26,6.5,450,2925,Reviewed discovery materials
TE01805,M0072,A030,2026-05-05,8,475,3800,Prepared for witness interview
TE01806,M0100,A003,2024-03-30,6.5,425,2762.5,Reviewed case documents and prepared analysis
TE01807,M0133,A037,2024-05-16,2,675,1350,Prepared for witness interview
TE01808,M0038,A018,2023-06-19,7.5,425,3187.5,Reviewed billing and budget status
TE01809,M0120,A004,2026-01-19,6,725,4350,Reviewed billing and budget status
TE01810,M0015,A030,2026-04-15,2.5,475,1187.5,Reviewed case documents and prepared analysis
TE01811,M0110,A026,2026-03-24,4,525,2100,Analyzed regulatory and compliance requirements
TE01812,M0010,A022,2024-11-20,7.5,675,5062.5,Prepared matter status update
TE01813,M0079,A023,2025-09-09,4.5,575,2587.5,Conducted client strategy conference
TE01814,M0142,A015,2025-08-09,7,475,3325,Performed legal research
TE01815,M0020,A004,2026-02-16,1.5,725,1087.5,Conducted client strategy conference
TE01816,M0104,A006,2026-04-01,2.5,375,937.5,Coordinated matter planning with client team
TE01817,M0109,A016,2025-03-20,6.5,650,4225,Coordinated matter planning with client team
TE01818,M0003,A026,2024-10-16,3,525,1575,Coordinated matter planning with client team
TE01819,M0125,A019,2025-07-05,6,725,4350,Reviewed billing and budget status
TE01820,M0078,A037,2024-05-28,3.5,675,2362.5,Reviewed case documents and prepared analysis
TE01821,M0127,A005,2023-08-31,7.5,625,4687.5,Coordinated matter planning with client team
TE01822,M0041,A017,2026-02-19,2.5,550,1375,Reviewed case documents and prepared analysis
TE01823,M0001,A037,2025-07-10,6.5,675,4387.5,Reviewed billing and budget status
TE01824,M0127,A011,2023-07-18,1.5,525,787.5,Analyzed regulatory and compliance requirements
TE01825,M0138,A035,2024-03-10,1.5,625,937.5,Reviewed billing and budget status
TE01826,M0086,A014,2025-07-16,4,600,2400,Coordinated matter planning with client team
TE01827,M0090,A035,2026-05-22,7,625,4375,Analyzed regulatory and compliance requirements
TE01828,M0009,A008,2024-08-20,0.5,575,287.5,Conducted client strategy conference
TE01829,M0136,A019,2026-06-13,4.5,725,3262.5,Drafted correspondence and legal memorandum
TE01830,M0055,A016,2025-06-05,6.5,650,4225,Reviewed discovery materials
TE01831,M0022,A030,2024-03-14,6.5,475,3087.5,Reviewed discovery materials
TE01832,M0100,A006,2025-09-27,4.5,375,1687.5,Reviewed billing and budget status
TE01833,M0112,A023,2023-12-06,8,575,4600,Reviewed billing and budget status
TE01834,M0110,A010,2026-04-04,2,750,1500,Performed legal research
TE01835,M0085,A011,2026-05-08,1.5,525,787.5,Performed legal research
TE01836,M0117,A017,2023-04-03,1.5,550,825,Prepared for witness interview
TE01837,M0137,A019,2024-12-04,3,725,2175,Conducted client strategy conference
TE01838,M0129,A006,2023-07-04,2.5,375,937.5,Coordinated matter planning with client team
TE01839,M0133,A003,2024-12-03,1.5,425,637.5,Conducted client strategy conference
TE01840,M0124,A015,2026-02-20,2.5,475,1187.5,Coordinated matter planning with client team
TE01841,M0116,A025,2024-09-13,8,750,6000,Performed legal research
TE01842,M0059,A001,2023-10-22,5,650,3250,Drafted correspondence and legal memorandum
TE01843,M0045,A028,2026-04-07,3,700,2100,Reviewed case documents and prepared analysis
TE01844,M0052,A015,2026-05-12,1.5,475,712.5,Prepared matter status update
TE01845,M0071,A004,2025-12-31,5.5,725,3987.5,Performed legal research
TE01846,M0028,A035,2025-08-09,2.5,625,1562.5,Conducted client strategy conference
TE01847,M0074,A014,2026-05-21,7.5,600,4500,Performed legal research
TE01848,M0132,A023,2026-02-23,8,575,4600,Analyzed regulatory and compliance requirements
TE01849,M0075,A012,2025-03-05,7,400,2800,Prepared for witness interview
TE01850,M0076,A014,2026-05-11,7,600,4200,Reviewed case documents and prepared analysis
TE01851,M0114,A021,2026-04-24,7.5,375,2812.5,Reviewed case documents and prepared analysis
TE01852,M0131,A026,2024-07-26,0.5,525,262.5,Analyzed regulatory and compliance requirements
TE01853,M0071,A017,2025-12-22,3.5,550,1925,Performed legal research
TE01854,M0032,A014,2026-07-28,1.5,600,900,Drafted correspondence and legal memorandum
TE01855,M0061,A036,2023-07-01,3,375,1125,Prepared for witness interview
TE01856,M0016,A013,2026-04-15,3,700,2100,Reviewed discovery materials
TE01857,M0038,A003,2023-03-23,6.5,425,2762.5,Analyzed regulatory and compliance requirements
TE01858,M0015,A030,2025-08-22,1,475,475,Prepared matter status update
TE01859,M0021,A024,2024-01-20,7,450,3150,Performed legal research
TE01860,M0039,A027,2024-04-08,6.5,400,2600,Drafted correspondence and legal memorandum
TE01861,M0116,A029,2025-07-21,6,600,3600,Performed legal research
TE01862,M0080,A004,2025-04-17,2,725,1450,Reviewed discovery materials
TE01863,M0143,A035,2025-05-07,8,625,5000,Prepared for witness interview
TE01864,M0005,A037,2024-03-31,7,675,4725,Coordinated matter planning with client team
TE01865,M0097,A027,2024-02-06,3.5,400,1400,Prepared for witness interview
TE01866,M0083,A004,2026-01-15,2,725,1450,Reviewed case documents and prepared analysis
TE01867,M0087,A017,2026-04-12,7,550,3850,Coordinated matter planning with client team
TE01868,M0055,A018,2025-08-09,0.5,425,212.5,Reviewed billing and budget status
TE01869,M0066,A012,2025-01-10,2.5,400,1000,Prepared for witness interview
TE01870,M0101,A019,2025-09-11,8,725,5800,Reviewed case documents and prepared analysis
TE01871,M0027,A023,2024-05-06,0.5,575,287.5,Conducted client strategy conference
TE01872,M0099,A028,2025-03-01,4.5,700,3150,Prepared matter status update
TE01873,M0059,A028,2024-01-05,2.5,700,1750,Coordinated matter planning with client team
TE01874,M0121,A028,2025-10-31,7,700,4900,Reviewed case documents and prepared analysis
TE01875,M0128,A035,2024-05-20,6.5,625,4062.5,Prepared matter status update
TE01876,M0083,A020,2025-12-24,6.5,625,4062.5,Reviewed billing and budget status
TE01877,M0038,A002,2023-05-01,7,550,3850,Performed legal research
TE01878,M0099,A014,2024-11-23,3,600,1800,Reviewed billing and budget status
TE01879,M0035,A017,2025-07-08,7.5,550,4125,Conducted client strategy conference
TE01880,M0037,A021,2026-03-12,1.5,375,562.5,Performed legal research
TE01881,M0020,A010,2026-04-21,5.5,750,4125,Prepared matter status update
TE01882,M0143,A027,2026-04-28,6,400,2400,Coordinated matter planning with client team
TE01883,M0083,A013,2024-06-18,2,700,1400,Prepared for witness interview
TE01884,M0052,A002,2025-02-07,7.5,550,4125,Reviewed discovery materials
TE01885,M0080,A024,2025-08-16,6,450,2700,Conducted client strategy conference
TE01886,M0130,A035,2025-01-02,2.5,625,1562.5,Prepared matter status update
TE01887,M0117,A024,2023-07-10,5,450,2250,Reviewed billing and budget status
TE01888,M0096,A013,2025-10-07,5,700,3500,Prepared for witness interview
TE01889,M0121,A005,2025-04-08,5.5,625,3437.5,Performed legal research
TE01890,M0038,A019,2023-07-09,6.5,725,4712.5,Drafted correspondence and legal memorandum
TE01891,M0060,A023,2025-02-22,2.5,575,1437.5,Reviewed billing and budget status
TE01892,M0101,A011,2026-03-26,1.5,525,787.5,Reviewed discovery materials
TE01893,M0034,A033,2025-10-28,2.5,425,1062.5,Reviewed discovery materials
TE01894,M0062,A011,2025-06-09,2.5,525,1312.5,Performed legal research
TE01895,M0003,A010,2024-06-13,0.5,750,375,Reviewed billing and budget status
TE01896,M0148,A012,2024-09-04,2,400,800,Coordinated matter planning with client team
TE01897,M0102,A021,2026-02-27,8,375,3000,Performed legal research
TE01898,M0001,A002,2025-07-11,7,550,3850,Performed legal research
TE01899,M0073,A036,2025-01-01,7,375,2625,Performed legal research
TE01900,M0139,A007,2023-08-30,2,675,1350,Prepared for witness interview
TE01901,M0116,A031,2024-02-11,8,650,5200,Prepared matter status update
TE01902,M0062,A012,2025-11-06,4,400,1600,Prepared for witness interview
TE01903,M0052,A026,2025-07-24,4.5,525,2362.5,Performed legal research
TE01904,M0132,A008,2025-09-17,4,575,2300,Prepared for witness interview
TE01905,M0066,A034,2025-10-21,7,725,5075,Conducted client strategy conference
TE01906,M0009,A029,2024-04-26,5,600,3000,Reviewed case documents and prepared analysis
TE01907,M0026,A004,2025-12-23,6.5,725,4712.5,Reviewed billing and budget status
TE01908,M0147,A030,2023-05-03,7.5,475,3562.5,Reviewed discovery materials
TE01909,M0030,A030,2024-03-27,3,475,1425,Conducted client strategy conference
TE01910,M0146,A035,2025-11-16,7.5,625,4687.5,Performed legal research
TE01911,M0050,A027,2025-05-04,6,400,2400,Prepared matter status update
TE01912,M0135,A030,2025-09-23,5,475,2375,Coordinated matter planning with client team
TE01913,M0003,A024,2025-05-06,1,450,450,Prepared for witness interview
TE01914,M0118,A002,2025-12-04,0.5,550,275,Prepared matter status update
TE01915,M0093,A021,2025-04-24,4.5,375,1687.5,Reviewed case documents and prepared analysis
TE01916,M0073,A031,2024-09-06,7.5,650,4875,Prepared for witness interview
TE01917,M0119,A015,2024-02-11,7.5,475,3562.5,Reviewed discovery materials
TE01918,M0111,A025,2026-04-01,4.5,750,3375,Prepared for witness interview
TE01919,M0021,A003,2024-07-26,2.5,425,1062.5,Performed legal research
TE01920,M0050,A025,2025-01-29,1,750,750,Reviewed case documents and prepared analysis
TE01921,M0134,A009,2023-08-25,5,450,2250,Reviewed billing and budget status
TE01922,M0128,A017,2024-06-30,1.5,550,825,Performed legal research
TE01923,M0104,A001,2026-03-02,6,650,3900,Reviewed billing and budget status
TE01924,M0028,A010,2025-07-01,2.5,750,1875,Reviewed billing and budget status
TE01925,M0016,A028,2025-01-24,1.5,700,1050,Reviewed discovery materials
TE01926,M0088,A032,2024-04-24,2.5,550,1375,Reviewed discovery materials
TE01927,M0102,A026,2026-01-14,7.5,525,3937.5,Coordinated matter planning with client team
TE01928,M0053,A013,2026-05-20,6.5,700,4550,Reviewed discovery materials
TE01929,M0127,A024,2023-07-30,1.5,450,675,Prepared matter status update
TE01930,M0127,A029,2023-10-10,3.5,600,2100,Reviewed billing and budget status
TE01931,M0013,A004,2026-05-20,8,725,5800,Prepared matter status update
TE01932,M0005,A003,2025-11-14,3.5,425,1487.5,Drafted correspondence and legal memorandum
TE01933,M0050,A007,2025-04-01,2,675,1350,Prepared matter status update
TE01934,M0060,A010,2025-08-04,8,750,6000,Analyzed regulatory and compliance requirements
TE01935,M0119,A011,2024-04-17,5,525,2625,Drafted correspondence and legal memorandum
TE01936,M0005,A036,2024-07-29,1.5,375,562.5,Drafted correspondence and legal memorandum
TE01937,M0096,A032,2026-03-02,7,550,3850,Performed legal research
TE01938,M0037,A019,2026-02-01,3,725,2175,Coordinated matter planning with client team
TE01939,M0089,A024,2025-11-12,4.5,450,2025,Analyzed regulatory and compliance requirements
TE01940,M0062,A030,2024-01-01,0.5,475,237.5,Prepared for witness interview
TE01941,M0061,A016,2024-08-11,4,650,2600,Drafted correspondence and legal memorandum
TE01942,M0138,A033,2024-02-04,2.5,425,1062.5,Reviewed discovery materials
TE01943,M0038,A002,2023-09-09,3.5,550,1925,Drafted correspondence and legal memorandum
TE01944,M0135,A019,2025-04-29,1.5,725,1087.5,Reviewed billing and budget status
TE01945,M0090,A030,2023-04-25,2,475,950,Prepared matter status update
TE01946,M0098,A015,2023-12-14,6.5,475,3087.5,Reviewed case documents and prepared analysis
TE01947,M0143,A009,2025-10-21,6.5,450,2925,Conducted client strategy conference
TE01948,M0003,A018,2026-05-27,7,425,2975,Performed legal research
TE01949,M0018,A020,2025-05-02,7.5,625,4687.5,Drafted correspondence and legal memorandum
TE01950,M0036,A022,2025-05-08,5,675,3375,Analyzed regulatory and compliance requirements
TE01951,M0136,A037,2026-02-09,3.5,675,2362.5,Drafted correspondence and legal memorandum
TE01952,M0100,A031,2025-01-19,3,650,1950,Performed legal research
TE01953,M0133,A033,2025-05-08,6.5,425,2762.5,Analyzed regulatory and compliance requirements
TE01954,M0116,A026,2025-02-10,1,525,525,Coordinated matter planning with client team
TE01955,M0061,A020,2024-08-30,5,625,3125,Drafted correspondence and legal memorandum
TE01956,M0051,A015,2025-06-11,2.5,475,1187.5,Reviewed billing and budget status
TE01957,M0076,A024,2024-10-06,2,450,900,Reviewed case documents and prepared analysis
TE01958,M0022,A016,2025-08-30,3,650,1950,Performed legal research
TE01959,M0142,A035,2024-07-21,2,625,1250,Reviewed billing and budget status
TE01960,M0007,A030,2025-03-27,0.5,475,237.5,Reviewed discovery materials
TE01961,M0081,A003,2025-11-12,4,425,1700,Conducted client strategy conference
TE01962,M0126,A011,2025-06-05,5.5,525,2887.5,Drafted correspondence and legal memorandum
TE01963,M0020,A011,2025-09-16,6,525,3150,Coordinated matter planning with client team
TE01964,M0045,A002,2026-05-24,5,550,2750,Coordinated matter planning with client team
TE01965,M0074,A016,2026-03-02,8,650,5200,Performed legal research
TE01966,M0078,A018,2024-08-09,7.5,425,3187.5,Reviewed billing and budget status
TE01967,M0007,A010,2025-07-03,4.5,750,3375,Performed legal research
TE01968,M0111,A005,2026-07-27,5.5,625,3437.5,Reviewed billing and budget status
TE01969,M0075,A015,2025-06-01,7,475,3325,Reviewed billing and budget status
TE01970,M0056,A012,2025-04-09,1,400,400,Drafted correspondence and legal memorandum
TE01971,M0147,A021,2023-06-01,1,375,375,Reviewed discovery materials
TE01972,M0042,A011,2026-05-16,3,525,1575,Prepared for witness interview
TE01973,M0035,A007,2024-06-09,2.5,675,1687.5,Reviewed case documents and prepared analysis
TE01974,M0047,A007,2025-01-20,2.5,675,1687.5,Prepared matter status update
TE01975,M0050,A005,2026-04-28,4.5,625,2812.5,Conducted client strategy conference
TE01976,M0099,A027,2024-11-12,5.5,400,2200,Reviewed discovery materials
TE01977,M0148,A020,2024-12-13,8,625,5000,Conducted client strategy conference
TE01978,M0064,A010,2023-09-29,6,750,4500,Analyzed regulatory and compliance requirements
TE01979,M0029,A011,2025-03-24,3.5,525,1837.5,Coordinated matter planning with client team
TE01980,M0144,A017,2025-03-07,0.5,550,275,Reviewed billing and budget status
TE01981,M0015,A010,2025-08-13,7,750,5250,Analyzed regulatory and compliance requirements
TE01982,M0078,A010,2024-04-08,3,750,2250,Prepared for witness interview
TE01983,M0018,A023,2026-07-16,5.5,575,3162.5,Prepared for witness interview
TE01984,M0005,A020,2025-03-17,5.5,625,3437.5,Coordinated matter planning with client team
TE01985,M0021,A002,2024-05-04,5.5,550,3025,Performed legal research
TE01986,M0005,A024,2025-03-26,2.5,450,1125,Prepared for witness interview
TE01987,M0084,A023,2024-07-27,6,575,3450,Analyzed regulatory and compliance requirements
TE01988,M0145,A033,2026-05-09,2,425,850,Prepared for witness interview
TE01989,M0032,A009,2026-01-17,2.5,450,1125,Reviewed discovery materials
TE01990,M0044,A020,2025-07-22,5.5,625,3437.5,Performed legal research
TE01991,M0050,A005,2025-02-02,7.5,625,4687.5,Analyzed regulatory and compliance requirements
TE01992,M0051,A030,2024-10-29,2,475,950,Coordinated matter planning with client team
TE01993,M0086,A021,2025-07-04,4.5,375,1687.5,Reviewed billing and budget status
TE01994,M0103,A030,2023-09-30,4.5,475,2137.5,Drafted correspondence and legal memorandum
TE01995,M0042,A031,2025-11-16,2,650,1300,Coordinated matter planning with client team
TE01996,M0118,A001,2026-07-16,5.5,650,3575,Analyzed regulatory and compliance requirements
TE01997,M0131,A034,2026-07-21,4.5,725,3262.5,Prepared for witness interview
TE01998,M0142,A021,2024-08-14,4.5,375,1687.5,Reviewed discovery materials
TE01999,M0082,A009,2025-08-25,3.5,450,1575,Performed legal research
TE02000,M0026,A019,2025-04-07,0.5,725,362.5,Reviewed discovery materials
TE02001,M0118,A022,2026-05-16,2.5,675,1687.5,Reviewed billing and budget status
TE02002,M0108,A025,2025-04-25,2,750,1500,Performed legal research
TE02003,M0120,A030,2026-03-07,5,475,2375,Prepared for witness interview
TE02004,M0020,A022,2025-08-26,7.5,675,5062.5,Conducted client strategy conference
TE02005,M0113,A008,2026-06-02,8,575,4600,Drafted correspondence and legal memorandum
TE02006,M0085,A023,2026-07-20,7.5,575,4312.5,Prepared matter status update
TE02007,M0094,A022,2025-05-05,7,675,4725,Drafted correspondence and legal memorandum
TE02008,M0067,A011,2023-04-12,7,525,3675,Prepared for witness interview
TE02009,M0127,A006,2024-01-21,5.5,375,2062.5,Coordinated matter planning with client team
TE02010,M0136,A013,2025-12-29,5,700,3500,Conducted client strategy conference
TE02011,M0035,A032,2025-02-16,0.5,550,275,Reviewed discovery materials
TE02012,M0060,A008,2025-12-12,1,575,575,Analyzed regulatory and compliance requirements
TE02013,M0045,A001,2025-07-03,2,650,1300,Prepared for witness interview
TE02014,M0080,A026,2025-10-31,3.5,525,1837.5,Reviewed billing and budget status
TE02015,M0013,A031,2025-07-11,3,650,1950,Reviewed billing and budget status
TE02016,M0037,A007,2026-01-07,4.5,675,3037.5,Reviewed discovery materials
TE02017,M0036,A012,2024-05-26,2,400,800,Reviewed case documents and prepared analysis
TE02018,M0051,A029,2025-12-14,7.5,600,4500,Coordinated matter planning with client team
TE02019,M0055,A019,2026-05-28,1.5,725,1087.5,Drafted correspondence and legal memorandum
TE02020,M0112,A004,2024-02-19,1.5,725,1087.5,Reviewed billing and budget status
TE02021,M0094,A017,2026-02-05,0.5,550,275,Prepared for witness interview
TE02022,M0128,A036,2024-10-04,5.5,375,2062.5,Reviewed billing and budget status
TE02023,M0107,A024,2025-04-07,5,450,2250,Prepared matter status update
TE02024,M0073,A005,2026-07-01,1,625,625,Drafted correspondence and legal memorandum
TE02025,M0145,A014,2026-02-14,7,600,4200,Reviewed case documents and prepared analysis
TE02026,M0098,A005,2023-12-11,7.5,625,4687.5,Prepared matter status update
TE02027,M0140,A011,2026-02-19,1.5,525,787.5,Coordinated matter planning with client team
TE02028,M0065,A024,2026-02-19,0.5,450,225,Prepared matter status update
TE02029,M0087,A025,2026-06-28,6.5,750,4875,Reviewed discovery materials
TE02030,M0068,A026,2023-11-02,4.5,525,2362.5,Conducted client strategy conference
TE02031,M0007,A037,2025-04-03,5,675,3375,Drafted correspondence and legal memorandum
TE02032,M0145,A011,2026-04-03,3,525,1575,Conducted client strategy conference
TE02033,M0128,A036,2025-02-15,0.5,375,187.5,Drafted correspondence and legal memorandum
TE02034,M0070,A013,2025-10-23,8,700,5600,Analyzed regulatory and compliance requirements
TE02035,M0097,A017,2024-04-13,2.5,550,1375,Prepared matter status update
TE02036,M0096,A021,2025-11-24,6.5,375,2437.5,Performed legal research
TE02037,M0015,A007,2026-03-30,5.5,675,3712.5,Prepared for witness interview
TE02038,M0078,A026,2024-09-10,2,525,1050,Reviewed billing and budget status
TE02039,M0055,A013,2025-02-20,4,700,2800,Analyzed regulatory and compliance requirements
TE02040,M0073,A013,2025-06-18,8,700,5600,Prepared for witness interview
TE02041,M0126,A026,2024-11-02,6.5,525,3412.5,Reviewed case documents and prepared analysis
TE02042,M0019,A035,2026-01-07,3,625,1875,Prepared matter status update
TE02043,M0133,A025,2025-04-10,6.5,750,4875,Conducted client strategy conference
TE02044,M0078,A036,2023-09-24,2,375,750,Drafted correspondence and legal memorandum
TE02045,M0103,A013,2024-07-13,5,700,3500,Drafted correspondence and legal memorandum
TE02046,M0051,A018,2025-01-09,2.5,425,1062.5,Reviewed billing and budget status
TE02047,M0071,A001,2026-03-15,6.5,650,4225,Reviewed case documents and prepared analysis
TE02048,M0134,A009,2023-01-21,2.5,450,1125,Prepared matter status update
TE02049,M0083,A010,2025-10-27,1.5,750,1125,Coordinated matter planning with client team
TE02050,M0094,A032,2026-07-06,5.5,550,3025,Analyzed regulatory and compliance requirements
TE02051,M0012,A002,2025-01-09,2.5,550,1375,Performed legal research
TE02052,M0106,A001,2025-10-05,4.5,650,2925,Prepared for witness interview
TE02053,M0017,A029,2024-09-06,6.5,600,3900,Performed legal research
TE02054,M0018,A033,2026-01-03,5,425,2125,Performed legal research
TE02055,M0113,A028,2026-01-23,6,700,4200,Reviewed billing and budget status
TE02056,M0087,A001,2026-04-11,6,650,3900,Conducted client strategy conference
TE02057,M0019,A034,2026-01-13,6.5,725,4712.5,Reviewed discovery materials
TE02058,M0113,A022,2025-05-13,6.5,675,4387.5,Reviewed case documents and prepared analysis
TE02059,M0001,A012,2026-05-30,6.5,400,2600,Coordinated matter planning with client team
TE02060,M0061,A008,2026-03-15,4,575,2300,Conducted client strategy conference
TE02061,M0092,A031,2024-05-28,3,650,1950,Prepared for witness interview
TE02062,M0092,A007,2026-03-28,2,675,1350,Reviewed billing and budget status
TE02063,M0028,A036,2025-07-14,7.5,375,2812.5,Analyzed regulatory and compliance requirements
TE02064,M0077,A031,2023-07-21,8,650,5200,Analyzed regulatory and compliance requirements
TE02065,M0036,A035,2025-01-02,7,625,4375,Conducted client strategy conference
TE02066,M0058,A003,2024-03-21,7.5,425,3187.5,Reviewed case documents and prepared analysis
TE02067,M0083,A037,2024-12-18,3,675,2025,Coordinated matter planning with client team
TE02068,M0024,A035,2024-11-25,7.5,625,4687.5,Prepared matter status update
TE02069,M0031,A017,2025-11-08,0.5,550,275,Drafted correspondence and legal memorandum
TE02070,M0041,A023,2025-12-29,0.5,575,287.5,Reviewed discovery materials
TE02071,M0009,A022,2024-01-31,3,675,2025,Reviewed discovery materials
TE02072,M0114,A010,2026-07-10,6.5,750,4875,Reviewed discovery materials
TE02073,M0032,A011,2025-10-27,4,525,2100,Reviewed discovery materials
TE02074,M0096,A008,2025-07-19,3,575,1725,Reviewed case documents and prepared analysis
TE02075,M0142,A012,2025-02-17,7,400,2800,Reviewed discovery materials
TE02076,M0017,A026,2024-08-10,5,525,2625,Conducted client strategy conference
TE02077,M0036,A032,2026-01-22,7,550,3850,Coordinated matter planning with client team
TE02078,M0091,A001,2023-11-25,5,650,3250,Reviewed discovery materials
TE02079,M0003,A014,2026-05-09,6.5,600,3900,Analyzed regulatory and compliance requirements
TE02080,M0119,A035,2024-02-04,5.5,625,3437.5,Drafted correspondence and legal memorandum
TE02081,M0035,A016,2025-07-21,5.5,650,3575,Prepared for witness interview
TE02082,M0115,A026,2026-03-02,7.5,525,3937.5,Coordinated matter planning with client team
TE02083,M0059,A007,2023-03-26,3,675,2025,Prepared for witness interview
TE02084,M0078,A002,2023-12-20,5.5,550,3025,Analyzed regulatory and compliance requirements
TE02085,M0101,A036,2025-05-28,0.5,375,187.5,Reviewed discovery materials
TE02086,M0149,A007,2024-03-26,0.5,675,337.5,Drafted correspondence and legal memorandum
TE02087,M0001,A029,2026-07-13,2.5,600,1500,Reviewed discovery materials
TE02088,M0031,A002,2026-04-26,4,550,2200,Prepared for witness interview
TE02089,M0020,A024,2026-03-18,3,450,1350,Drafted correspondence and legal memorandum
TE02090,M0128,A033,2024-10-16,7.5,425,3187.5,Coordinated matter planning with client team
TE02091,M0071,A001,2026-05-02,4.5,650,2925,Reviewed case documents and prepared analysis
TE02092,M0097,A018,2023-10-27,6.5,425,2762.5,Conducted client strategy conference
TE02093,M0106,A033,2026-04-09,6.5,425,2762.5,Analyzed regulatory and compliance requirements
TE02094,M0148,A029,2024-11-05,3,600,1800,Reviewed discovery materials
TE02095,M0070,A037,2025-09-12,4,675,2700,Coordinated matter planning with client team
TE02096,M0071,A002,2025-11-28,4.5,550,2475,Conducted client strategy conference
TE02097,M0048,A019,2026-03-21,8,725,5800,Prepared matter status update
TE02098,M0101,A029,2026-06-22,3,600,1800,Prepared matter status update
TE02099,M0130,A011,2025-03-26,4.5,525,2362.5,Reviewed discovery materials
TE02100,M0026,A033,2025-07-28,4,425,1700,Reviewed billing and budget status
TE02101,M0023,A034,2025-10-28,4.5,725,3262.5,Performed legal research
TE02102,M0019,A009,2025-12-16,3.5,450,1575,Reviewed billing and budget status
TE02103,M0065,A021,2026-02-03,2.5,375,937.5,Prepared for witness interview
TE02104,M0050,A033,2026-05-09,1,425,425,Conducted client strategy conference
TE02105,M0029,A022,2025-03-25,6.5,675,4387.5,Performed legal research
TE02106,M0049,A005,2023-06-08,6.5,625,4062.5,Reviewed billing and budget status
TE02107,M0044,A015,2025-08-02,1,475,475,Prepared matter status update
TE02108,M0146,A026,2024-09-19,2.5,525,1312.5,Performed legal research
TE02109,M0135,A028,2025-10-18,0.5,700,350,Prepared matter status update
TE02110,M0132,A012,2026-03-13,6.5,400,2600,Reviewed discovery materials
TE02111,M0053,A011,2026-02-06,1,525,525,Coordinated matter planning with client team
TE02112,M0141,A001,2026-02-11,4.5,650,2925,Coordinated matter planning with client team
TE02113,M0050,A031,2025-11-24,5,650,3250,Reviewed billing and budget status
TE02114,M0024,A005,2026-07-17,2.5,625,1562.5,Coordinated matter planning with client team
TE02115,M0102,A006,2026-05-19,6.5,375,2437.5,Reviewed discovery materials
TE02116,M0020,A020,2026-07-30,2,625,1250,Reviewed billing and budget status
TE02117,M0085,A028,2026-05-17,5,700,3500,Analyzed regulatory and compliance requirements
TE02118,M0107,A035,2025-04-09,7.5,625,4687.5,Reviewed billing and budget status
TE02119,M0137,A005,2024-05-18,8,625,5000,Prepared matter status update
TE02120,M0050,A033,2025-03-24,1,425,425,Performed legal research
TE02121,M0036,A004,2025-09-02,7.5,725,5437.5,Analyzed regulatory and compliance requirements
TE02122,M0053,A006,2026-05-07,5,375,1875,Drafted correspondence and legal memorandum
TE02123,M0034,A021,2026-04-03,8,375,3000,Prepared for witness interview
TE02124,M0085,A010,2026-04-16,7.5,750,5625,Reviewed discovery materials
TE02125,M0062,A032,2025-07-28,4,550,2200,Performed legal research
TE02126,M0114,A029,2026-06-08,3,600,1800,Drafted correspondence and legal memorandum
TE02127,M0102,A008,2025-11-13,4,575,2300,Reviewed billing and budget status
TE02128,M0041,A016,2025-12-07,6.5,650,4225,Conducted client strategy conference
TE02129,M0071,A032,2026-05-05,6.5,550,3575,Analyzed regulatory and compliance requirements
TE02130,M0032,A030,2025-11-20,3.5,475,1662.5,Prepared for witness interview
TE02131,M0130,A037,2024-09-14,4,675,2700,Prepared for witness interview
TE02132,M0095,A023,2026-02-08,4.5,575,2587.5,Performed legal research
TE02133,M0119,A028,2024-01-27,6,700,4200,Drafted correspondence and legal memorandum
TE02134,M0045,A003,2026-04-19,3,425,1275,Drafted correspondence and legal memorandum
TE02135,M0010,A033,2023-03-25,4,425,1700,Coordinated matter planning with client team
TE02136,M0073,A036,2025-07-17,1,375,375,Coordinated matter planning with client team
TE02137,M0073,A020,2025-06-15,5,625,3125,Prepared for witness interview
TE02138,M0067,A032,2023-03-07,6,550,3300,Coordinated matter planning with client team
TE02139,M0050,A014,2024-11-26,6.5,600,3900,Coordinated matter planning with client team
TE02140,M0052,A007,2025-10-21,6.5,675,4387.5,Reviewed case documents and prepared analysis
TE02141,M0052,A018,2024-11-02,5.5,425,2337.5,Reviewed discovery materials
TE02142,M0078,A020,2024-05-12,2.5,625,1562.5,Conducted client strategy conference
TE02143,M0017,A010,2024-12-25,5.5,750,4125,Prepared for witness interview
TE02144,M0110,A029,2026-06-16,6.5,600,3900,Analyzed regulatory and compliance requirements
TE02145,M0001,A030,2026-03-15,8,475,3800,Coordinated matter planning with client team
TE02146,M0075,A019,2025-03-06,1,725,725,Performed legal research
TE02147,M0029,A020,2025-04-01,7,625,4375,Reviewed case documents and prepared analysis
TE02148,M0112,A006,2023-08-13,3,375,1125,Performed legal research
TE02149,M0068,A033,2023-10-08,3.5,425,1487.5,Performed legal research
TE02150,M0013,A008,2025-03-10,3.5,575,2012.5,Reviewed case documents and prepared analysis
TE02151,M0137,A029,2024-10-05,8,600,4800,Analyzed regulatory and compliance requirements
TE02152,M0003,A016,2025-09-15,1,650,650,Performed legal research
TE02153,M0027,A027,2024-03-01,6,400,2400,Reviewed discovery materials
TE02154,M0144,A033,2025-10-07,4.5,425,1912.5,Reviewed billing and budget status
TE02155,M0023,A026,2026-01-02,3,525,1575,Analyzed regulatory and compliance requirements
TE02156,M0062,A025,2024-03-22,3.5,750,2625,Prepared for witness interview
TE02157,M0079,A034,2025-07-24,5.5,725,3987.5,Reviewed case documents and prepared analysis
TE02158,M0144,A029,2024-08-15,7,600,4200,Prepared for witness interview
TE02159,M0143,A034,2025-10-21,1.5,725,1087.5,Reviewed billing and budget status
TE02160,M0106,A010,2024-12-17,4.5,750,3375,Reviewed case documents and prepared analysis
TE02161,M0140,A008,2025-03-23,6.5,575,3737.5,Performed legal research
TE02162,M0064,A034,2024-09-09,1.5,725,1087.5,Reviewed case documents and prepared analysis
TE02163,M0012,A034,2025-06-12,3,725,2175,Performed legal research
TE02164,M0019,A004,2026-02-27,3.5,725,2537.5,Reviewed discovery materials
TE02165,M0116,A015,2024-02-15,2.5,475,1187.5,Drafted correspondence and legal memorandum
TE02166,M0060,A033,2025-05-24,5.5,425,2337.5,Coordinated matter planning with client team
TE02167,M0106,A030,2025-11-23,5.5,475,2612.5,Prepared matter status update
TE02168,M0012,A030,2024-10-10,5.5,475,2612.5,Reviewed billing and budget status
TE02169,M0056,A024,2024-12-03,2,450,900,Analyzed regulatory and compliance requirements
TE02170,M0098,A021,2023-07-23,5.5,375,2062.5,Conducted client strategy conference
TE02171,M0026,A013,2025-05-01,3,700,2100,Prepared matter status update
TE02172,M0067,A025,2023-05-01,1.5,750,1125,Reviewed case documents and prepared analysis
TE02173,M0007,A033,2025-03-09,7,425,2975,Performed legal research
TE02174,M0113,A028,2026-07-24,3,700,2100,Analyzed regulatory and compliance requirements
TE02175,M0093,A003,2024-12-17,2,425,850,Prepared for witness interview
TE02176,M0073,A032,2023-07-30,3.5,550,1925,Coordinated matter planning with client team
TE02177,M0064,A021,2023-09-29,1,375,375,Performed legal research
TE02178,M0108,A034,2025-05-25,3.5,725,2537.5,Prepared matter status update
TE02179,M0149,A012,2024-02-21,7,400,2800,Reviewed case documents and prepared analysis
TE02180,M0014,A032,2026-05-20,7.5,550,4125,Prepared for witness interview
TE02181,M0150,A037,2025-06-09,1,675,675,Prepared matter status update
TE02182,M0072,A014,2023-12-24,6.5,600,3900,Reviewed case documents and prepared analysis
TE02183,M0123,A014,2026-03-18,7,600,4200,Performed legal research
TE02184,M0080,A029,2026-07-17,3,600,1800,Prepared for witness interview
TE02185,M0083,A022,2026-04-17,2,675,1350,Analyzed regulatory and compliance requirements
TE02186,M0095,A037,2026-04-05,4,675,2700,Performed legal research
TE02187,M0102,A027,2025-12-03,7,400,2800,Conducted client strategy conference
TE02188,M0005,A025,2024-07-29,8,750,6000,Performed legal research
TE02189,M0088,A026,2024-05-12,1,525,525,Prepared for witness interview
TE02190,M0108,A005,2025-03-02,7,625,4375,Conducted client strategy conference
TE02191,M0029,A004,2025-06-06,8,725,5800,Drafted correspondence and legal memorandum
TE02192,M0110,A014,2026-07-23,4,600,2400,Prepared for witness interview
TE02193,M0140,A004,2025-04-04,3,725,2175,Coordinated matter planning with client team
TE02194,M0078,A022,2024-01-10,6,675,4050,Conducted client strategy conference
TE02195,M0065,A030,2026-01-14,6.5,475,3087.5,Reviewed discovery materials
TE02196,M0041,A024,2026-07-04,6,450,2700,Coordinated matter planning with client team
TE02197,M0035,A028,2025-01-12,3,700,2100,Reviewed discovery materials
TE02198,M0142,A029,2024-07-27,6,600,3600,Analyzed regulatory and compliance requirements
TE02199,M0099,A030,2025-04-19,3.5,475,1662.5,Prepared matter status update
TE02200,M0119,A033,2024-01-22,4,425,1700,Reviewed discovery materials
TE02201,M0021,A007,2026-06-14,2,675,1350,Performed legal research
TE02202,M0089,A018,2025-10-14,7,425,2975,Coordinated matter planning with client team
TE02203,M0036,A027,2025-07-08,6.5,400,2600,Conducted client strategy conference
TE02204,M0049,A018,2023-09-14,4.5,425,1912.5,Coordinated matter planning with client team
TE02205,M0034,A018,2025-11-04,5,425,2125,Reviewed case documents and prepared analysis
TE02206,M0032,A016,2026-01-30,6.5,650,4225,Coordinated matter planning with client team
TE02207,M0076,A009,2025-11-10,1,450,450,Analyzed regulatory and compliance requirements
TE02208,M0141,A031,2026-06-01,5,650,3250,Prepared for witness interview
TE02209,M0084,A007,2025-06-13,7.5,675,5062.5,Drafted correspondence and legal memorandum
TE02210,M0104,A032,2026-05-11,7.5,550,4125,Drafted correspondence and legal memorandum
TE02211,M0068,A002,2023-11-01,1,550,550,Performed legal research
TE02212,M0094,A036,2025-04-05,0.5,375,187.5,Performed legal research
TE02213,M0054,A032,2025-03-22,0.5,550,275,Reviewed case documents and prepared analysis
TE02214,M0135,A014,2025-07-11,2.5,600,1500,Prepared matter status update
TE02215,M0135,A013,2026-05-05,4,700,2800,Coordinated matter planning with client team
TE02216,M0145,A024,2026-03-25,1,450,450,Reviewed discovery materials
TE02217,M0114,A029,2025-09-07,5,600,3000,Conducted client strategy conference
TE02218,M0116,A024,2025-12-29,4,450,1800,Reviewed case documents and prepared analysis
TE02219,M0069,A004,2026-03-22,5.5,725,3987.5,Prepared matter status update
TE02220,M0036,A023,2026-07-12,5.5,575,3162.5,Drafted correspondence and legal memorandum
TE02221,M0091,A005,2024-04-21,6,625,3750,Prepared for witness interview
TE02222,M0094,A001,2026-07-19,7.5,650,4875,Reviewed billing and budget status
TE02223,M0106,A007,2026-07-13,5.5,675,3712.5,Coordinated matter planning with client team
TE02224,M0072,A015,2025-07-12,7,475,3325,Drafted correspondence and legal memorandum
TE02225,M0077,A026,2023-06-02,4.5,525,2362.5,Performed legal research
TE02226,M0038,A015,2023-10-05,7.5,475,3562.5,Reviewed billing and budget status
TE02227,M0114,A013,2025-10-20,2,700,1400,Prepared for witness interview
TE02228,M0076,A005,2024-12-31,5,625,3125,Reviewed case documents and prepared analysis
TE02229,M0130,A015,2024-12-14,2,475,950,Coordinated matter planning with client team
TE02230,M0143,A035,2026-03-18,0.5,625,312.5,Analyzed regulatory and compliance requirements
TE02231,M0050,A002,2025-05-15,3.5,550,1925,Reviewed case documents and prepared analysis
TE02232,M0024,A011,2026-01-18,5.5,525,2887.5,Performed legal research
TE02233,M0032,A007,2026-03-19,4.5,675,3037.5,Reviewed case documents and prepared analysis
TE02234,M0096,A033,2025-09-11,2,425,850,Conducted client strategy conference
TE02235,M0005,A019,2023-08-12,3,725,2175,Drafted correspondence and legal memorandum
TE02236,M0149,A025,2024-05-20,1,750,750,Coordinated matter planning with client team
TE02237,M0088,A006,2024-05-15,6.5,375,2437.5,Reviewed billing and budget status
TE02238,M0142,A004,2025-01-26,6,725,4350,Reviewed billing and budget status
TE02239,M0125,A019,2024-10-31,7.5,725,5437.5,Drafted correspondence and legal memorandum
TE02240,M0129,A027,2023-10-09,2,400,800,Prepared matter status update
TE02241,M0023,A024,2025-01-02,0.5,450,225,Prepared matter status update
TE02242,M0047,A014,2025-05-10,4,600,2400,Reviewed discovery materials
TE02243,M0088,A014,2023-05-24,4.5,600,2700,Reviewed discovery materials
TE02244,M0112,A014,2026-03-18,0.5,600,300,Reviewed case documents and prepared analysis
TE02245,M0030,A007,2025-07-16,3.5,675,2362.5,Prepared matter status update
TE02246,M0055,A032,2026-04-01,3,550,1650,Prepared matter status update
TE02247,M0105,A027,2025-09-10,5,400,2000,Performed legal research
TE02248,M0087,A004,2026-01-25,6,725,4350,Reviewed billing and budget status
TE02249,M0123,A033,2026-03-18,2,425,850,Prepared matter status update
TE02250,M0073,A025,2025-01-24,2,750,1500,Drafted correspondence and legal memorandum
TE02251,M0043,A022,2025-03-17,1.5,675,1012.5,Reviewed case documents and prepared analysis
TE02252,M0062,A032,2024-07-11,5,550,2750,Reviewed case documents and prepared analysis
TE02253,M0126,A026,2025-02-18,2.5,525,1312.5,Conducted client strategy conference
TE02254,M0043,A032,2025-07-26,2.5,550,1375,Coordinated matter planning with client team
TE02255,M0124,A006,2025-10-21,5,375,1875,Prepared for witness interview
TE02256,M0043,A009,2024-09-12,1.5,450,675,Analyzed regulatory and compliance requirements
TE02257,M0082,A010,2026-06-13,1.5,750,1125,Reviewed case documents and prepared analysis
TE02258,M0016,A018,2025-06-04,2,425,850,Conducted client strategy conference
TE02259,M0140,A028,2025-11-17,0.5,700,350,Reviewed discovery materials
TE02260,M0091,A037,2024-11-30,6,675,4050,Prepared matter status update
TE02261,M0101,A009,2026-02-11,2.5,450,1125,Coordinated matter planning with client team
TE02262,M0111,A004,2026-02-06,7,725,5075,Prepared matter status update
TE02263,M0061,A028,2024-12-07,8,700,5600,Reviewed discovery materials
TE02264,M0111,A009,2026-02-06,1,450,450,Prepared matter status update
TE02265,M0136,A010,2026-01-06,5,750,3750,Performed legal research
TE02266,M0124,A032,2025-08-07,0.5,550,275,Reviewed billing and budget status
TE02267,M0133,A022,2026-07-09,5.5,675,3712.5,Reviewed discovery materials
TE02268,M0001,A036,2026-03-18,3.5,375,1312.5,Conducted client strategy conference
TE02269,M0036,A016,2025-02-25,2.5,650,1625,Coordinated matter planning with client team
TE02270,M0072,A006,2024-10-03,2,375,750,Performed legal research
TE02271,M0031,A011,2025-11-14,2.5,525,1312.5,Reviewed case documents and prepared analysis
TE02272,M0095,A034,2025-09-01,2,725,1450,Coordinated matter planning with client team
TE02273,M0051,A035,2025-01-09,4,625,2500,Prepared for witness interview
TE02274,M0088,A031,2023-07-29,2,650,1300,Prepared for witness interview
TE02275,M0033,A016,2025-08-28,6,650,3900,Drafted correspondence and legal memorandum
TE02276,M0079,A027,2026-04-25,7,400,2800,Coordinated matter planning with client team
TE02277,M0119,A037,2024-01-16,7,675,4725,Analyzed regulatory and compliance requirements
TE02278,M0117,A003,2023-07-01,0.5,425,212.5,Reviewed billing and budget status
TE02279,M0048,A008,2026-01-27,2.5,575,1437.5,Performed legal research
TE02280,M0128,A015,2024-05-03,6,475,2850,Performed legal research
TE02281,M0120,A025,2025-11-26,1.5,750,1125,Reviewed discovery materials
TE02282,M0099,A003,2025-01-25,8,425,3400,Analyzed regulatory and compliance requirements
TE02283,M0082,A024,2025-07-12,2.5,450,1125,Reviewed case documents and prepared analysis
TE02284,M0134,A024,2026-03-26,5.5,450,2475,Reviewed discovery materials
TE02285,M0109,A036,2025-07-07,5.5,375,2062.5,Reviewed discovery materials
TE02286,M0129,A036,2023-07-21,1,375,375,Conducted client strategy conference
TE02287,M0010,A037,2024-09-21,2,675,1350,Prepared for witness interview
TE02288,M0103,A004,2025-07-13,5,725,3625,Reviewed discovery materials
TE02289,M0041,A016,2025-09-06,2.5,650,1625,Reviewed billing and budget status
TE02290,M0075,A006,2025-07-08,1,375,375,Reviewed billing and budget status
TE02291,M0103,A025,2024-05-08,4,750,3000,Reviewed case documents and prepared analysis
TE02292,M0011,A029,2025-12-17,2.5,600,1500,Analyzed regulatory and compliance requirements
TE02293,M0021,A023,2024-02-16,5.5,575,3162.5,Reviewed case documents and prepared analysis
TE02294,M0125,A033,2025-07-05,1,425,425,Conducted client strategy conference
TE02295,M0021,A021,2024-04-10,5.5,375,2062.5,Drafted correspondence and legal memorandum
TE02296,M0030,A010,2026-04-29,2,750,1500,Analyzed regulatory and compliance requirements
TE02297,M0143,A032,2025-10-11,5.5,550,3025,Reviewed discovery materials
TE02298,M0106,A007,2025-07-01,0.5,675,337.5,Reviewed billing and budget status
TE02299,M0096,A004,2025-11-30,6.5,725,4712.5,Drafted correspondence and legal memorandum
TE02300,M0003,A001,2025-02-13,0.5,650,325,Reviewed billing and budget status
TE02301,M0132,A006,2026-05-22,8,375,3000,Reviewed case documents and prepared analysis
TE02302,M0126,A024,2026-07-02,8,450,3600,Analyzed regulatory and compliance requirements
TE02303,M0076,A036,2024-12-28,3,375,1125,Drafted correspondence and legal memorandum
TE02304,M0122,A023,2025-10-13,4.5,575,2587.5,Reviewed case documents and prepared analysis
TE02305,M0041,A022,2025-09-08,3.5,675,2362.5,Coordinated matter planning with client team
TE02306,M0083,A026,2024-03-09,7.5,525,3937.5,Reviewed discovery materials
TE02307,M0127,A012,2023-05-22,3,400,1200,Analyzed regulatory and compliance requirements
TE02308,M0118,A013,2025-12-17,3,700,2100,Coordinated matter planning with client team
TE02309,M0086,A028,2026-02-15,3,700,2100,Prepared matter status update
TE02310,M0139,A022,2023-12-18,7.5,675,5062.5,Drafted correspondence and legal memorandum
TE02311,M0009,A036,2024-04-26,8,375,3000,Analyzed regulatory and compliance requirements
TE02312,M0077,A002,2024-02-18,5.5,550,3025,Performed legal research
TE02313,M0077,A023,2024-03-12,2,575,1150,Conducted client strategy conference
TE02314,M0001,A027,2025-03-09,5,400,2000,Analyzed regulatory and compliance requirements
TE02315,M0109,A022,2025-08-20,3,675,2025,Reviewed case documents and prepared analysis
TE02316,M0070,A032,2026-04-26,4,550,2200,Performed legal research
TE02317,M0093,A008,2024-04-27,3.5,575,2012.5,Conducted client strategy conference
TE02318,M0111,A008,2026-07-26,5,575,2875,Drafted correspondence and legal memorandum
TE02319,M0096,A012,2026-07-13,4.5,400,1800,Prepared matter status update
TE02320,M0104,A033,2025-11-17,0.5,425,212.5,Coordinated matter planning with client team
TE02321,M0027,A028,2024-02-02,5,700,3500,Drafted correspondence and legal memorandum
TE02322,M0136,A007,2026-04-10,7.5,675,5062.5,Analyzed regulatory and compliance requirements
TE02323,M0026,A016,2025-11-21,4,650,2600,Analyzed regulatory and compliance requirements
TE02324,M0117,A006,2023-09-27,4,375,1500,Reviewed discovery materials
TE02325,M0044,A016,2026-03-06,3.5,650,2275,Reviewed case documents and prepared analysis
TE02326,M0051,A006,2024-12-01,3.5,375,1312.5,Reviewed discovery materials
TE02327,M0017,A010,2026-05-27,3,750,2250,Conducted client strategy conference
TE02328,M0068,A002,2024-02-05,3.5,550,1925,Coordinated matter planning with client team
TE02329,M0145,A016,2025-12-22,5.5,650,3575,Reviewed case documents and prepared analysis
TE02330,M0063,A019,2025-01-03,3,725,2175,Reviewed case documents and prepared analysis
TE02331,M0019,A004,2026-07-31,7.5,725,5437.5,Reviewed case documents and prepared analysis
TE02332,M0100,A014,2024-05-15,4.5,600,2700,Drafted correspondence and legal memorandum
TE02333,M0014,A033,2026-07-25,0.5,425,212.5,Reviewed billing and budget status
TE02334,M0067,A021,2023-03-08,6,375,2250,Analyzed regulatory and compliance requirements
TE02335,M0108,A008,2025-04-30,1,575,575,Coordinated matter planning with client team
TE02336,M0029,A020,2025-04-09,6,625,3750,Analyzed regulatory and compliance requirements
TE02337,M0099,A019,2025-04-22,5,725,3625,Coordinated matter planning with client team
TE02338,M0046,A001,2025-12-21,8,650,5200,Analyzed regulatory and compliance requirements
TE02339,M0141,A030,2026-06-18,6,475,2850,Reviewed discovery materials
TE02340,M0115,A001,2026-07-16,5.5,650,3575,Reviewed case documents and prepared analysis
TE02341,M0131,A013,2025-11-10,3,700,2100,Reviewed billing and budget status
TE02342,M0148,A010,2025-03-20,0.5,750,375,Conducted client strategy conference
TE02343,M0012,A003,2025-12-16,8,425,3400,Reviewed case documents and prepared analysis
TE02344,M0057,A035,2024-04-05,7.5,625,4687.5,Prepared matter status update
TE02345,M0055,A018,2025-07-09,4.5,425,1912.5,Reviewed case documents and prepared analysis
TE02346,M0031,A027,2025-04-24,1,400,400,Reviewed billing and budget status
TE02347,M0094,A034,2026-03-23,1,725,725,Prepared for witness interview
TE02348,M0066,A005,2025-03-06,7,625,4375,Performed legal research
TE02349,M0067,A026,2023-06-01,0.5,525,262.5,Reviewed billing and budget status
TE02350,M0136,A029,2026-04-06,3,600,1800,Analyzed regulatory and compliance requirements
TE02351,M0134,A021,2025-08-18,4,375,1500,Analyzed regulatory and compliance requirements
TE02352,M0030,A005,2024-05-01,4.5,625,2812.5,Reviewed billing and budget status
TE02353,M0099,A008,2024-12-28,6.5,575,3737.5,Prepared matter status update
TE02354,M0012,A016,2024-09-16,3.5,650,2275,Prepared for witness interview
TE02355,M0035,A032,2026-01-11,1.5,550,825,Reviewed discovery materials
TE02356,M0092,A016,2024-03-26,2,650,1300,Prepared for witness interview
TE02357,M0076,A006,2023-12-11,8,375,3000,Reviewed billing and budget status
TE02358,M0121,A003,2025-07-31,6.5,425,2762.5,Reviewed discovery materials
TE02359,M0037,A018,2026-03-07,4,425,1700,Performed legal research
TE02360,M0060,A013,2025-12-12,2,700,1400,Reviewed discovery materials
TE02361,M0089,A004,2025-11-15,7,725,5075,Reviewed billing and budget status
TE02362,M0058,A016,2024-02-29,0.5,650,325,Reviewed billing and budget status
TE02363,M0081,A014,2026-01-27,4.5,600,2700,Drafted correspondence and legal memorandum
TE02364,M0090,A015,2024-09-27,7.5,475,3562.5,Coordinated matter planning with client team
TE02365,M0106,A025,2026-03-18,2,750,1500,Prepared matter status update
TE02366,M0101,A005,2025-06-26,2.5,625,1562.5,Prepared matter status update
TE02367,M0149,A006,2024-12-22,5.5,375,2062.5,Prepared for witness interview
TE02368,M0039,A025,2024-06-08,4.5,750,3375,Prepared matter status update
TE02369,M0074,A034,2026-05-18,4.5,725,3262.5,Analyzed regulatory and compliance requirements
TE02370,M0124,A030,2025-10-29,6.5,475,3087.5,Drafted correspondence and legal memorandum
TE02371,M0141,A011,2026-04-17,4,525,2100,Reviewed discovery materials
TE02372,M0084,A003,2026-05-07,6,425,2550,Reviewed case documents and prepared analysis
TE02373,M0020,A017,2025-12-11,7.5,550,4125,Reviewed discovery materials
TE02374,M0024,A006,2025-01-30,1.5,375,562.5,Reviewed discovery materials
TE02375,M0020,A011,2025-05-16,4.5,525,2362.5,Reviewed case documents and prepared analysis
TE02376,M0074,A032,2026-06-29,8,550,4400,Performed legal research
TE02377,M0096,A035,2025-12-18,5,625,3125,Analyzed regulatory and compliance requirements
TE02378,M0051,A017,2025-10-26,8,550,4400,Coordinated matter planning with client team
TE02379,M0013,A010,2026-06-24,5,750,3750,Coordinated matter planning with client team
TE02380,M0100,A019,2024-06-20,4,725,2900,Analyzed regulatory and compliance requirements
TE02381,M0088,A009,2024-04-10,3.5,450,1575,Reviewed case documents and prepared analysis
TE02382,M0003,A026,2026-01-14,2.5,525,1312.5,Reviewed billing and budget status
TE02383,M0020,A035,2026-02-25,4,625,2500,Performed legal research
TE02384,M0007,A027,2025-05-24,5.5,400,2200,Reviewed case documents and prepared analysis
TE02385,M0109,A032,2025-12-24,5.5,550,3025,Reviewed billing and budget status
TE02386,M0046,A028,2024-10-31,4.5,700,3150,Performed legal research
TE02387,M0001,A012,2026-05-22,2.5,400,1000,Prepared for witness interview
TE02388,M0028,A022,2025-08-20,4.5,675,3037.5,Prepared matter status update
TE02389,M0076,A006,2025-10-07,7,375,2625,Prepared for witness interview
TE02390,M0035,A031,2024-09-04,1,650,650,Drafted correspondence and legal memorandum
TE02391,M0082,A009,2025-11-12,2,450,900,Reviewed billing and budget status
TE02392,M0126,A016,2025-12-05,1,650,650,Prepared matter status update
TE02393,M0048,A001,2026-01-26,1.5,650,975,Prepared for witness interview
TE02394,M0134,A003,2025-10-18,3.5,425,1487.5,Conducted client strategy conference
TE02395,M0120,A030,2026-04-04,3,475,1425,Prepared matter status update
TE02396,M0032,A008,2026-04-26,3.5,575,2012.5,Reviewed discovery materials
TE02397,M0141,A002,2026-05-09,2,550,1100,Performed legal research
TE02398,M0134,A004,2025-02-18,2,725,1450,Prepared matter status update
TE02399,M0019,A021,2026-05-06,5,375,1875,Conducted client strategy conference
TE02400,M0017,A017,2025-01-08,3.5,550,1925,Coordinated matter planning with client team
TE02401,M0144,A009,2026-05-04,8,450,3600,Conducted client strategy conference
TE02402,M0101,A005,2025-12-02,6,625,3750,Conducted client strategy conference
TE02403,M0108,A029,2025-04-27,6.5,600,3900,Performed legal research
TE02404,M0030,A007,2026-04-07,7,675,4725,Prepared matter status update
TE02405,M0003,A017,2025-06-05,0.5,550,275,Coordinated matter planning with client team
TE02406,M0064,A010,2026-01-26,0.5,750,375,Prepared for witness interview
TE02407,M0024,A015,2024-03-09,1,475,475,Performed legal research
TE02408,M0011,A004,2026-06-09,0.5,725,362.5,Reviewed discovery materials
TE02409,M0031,A009,2025-09-17,3,450,1350,Prepared matter status update
TE02410,M0121,A003,2025-05-15,2,425,850,Drafted correspondence and legal memorandum
TE02411,M0003,A032,2023-06-01,4,550,2200,Conducted client strategy conference
TE02412,M0007,A005,2025-06-02,7.5,625,4687.5,Reviewed case documents and prepared analysis
TE02413,M0089,A028,2025-10-03,0.5,700,350,Conducted client strategy conference
TE02414,M0026,A024,2024-11-03,6,450,2700,Prepared for witness interview
TE02415,M0007,A025,2025-05-16,1.5,750,1125,Coordinated matter planning with client team
TE02416,M0140,A026,2025-07-20,2.5,525,1312.5,Coordinated matter planning with client team
TE02417,M0070,A032,2026-02-12,4,550,2200,Drafted correspondence and legal memorandum
TE02418,M0056,A028,2026-04-21,5,700,3500,Coordinated matter planning with client team
TE02419,M0137,A017,2024-07-05,6,550,3300,Prepared matter status update
TE02420,M0119,A006,2023-12-17,2.5,375,937.5,Prepared matter status update
TE02421,M0036,A007,2025-08-11,8,675,5400,Coordinated matter planning with client team
TE02422,M0134,A027,2023-02-14,4.5,400,1800,Reviewed discovery materials
TE02423,M0109,A029,2025-04-01,5,600,3000,Reviewed billing and budget status
TE02424,M0104,A010,2026-03-13,4.5,750,3375,Conducted client strategy conference
TE02425,M0089,A002,2025-08-10,1,550,550,Performed legal research
TE02426,M0009,A009,2024-01-26,1.5,450,675,Conducted client strategy conference
TE02427,M0011,A034,2026-01-27,8,725,5800,Analyzed regulatory and compliance requirements
TE02428,M0005,A011,2024-03-27,8,525,4200,Reviewed discovery materials
TE02429,M0010,A022,2025-12-21,2.5,675,1687.5,Prepared matter status update
TE02430,M0106,A015,2025-03-26,4.5,475,2137.5,Drafted correspondence and legal memorandum
TE02431,M0088,A008,2023-10-21,2.5,575,1437.5,Performed legal research
TE02432,M0088,A005,2023-06-07,6.5,625,4062.5,Performed legal research
TE02433,M0097,A001,2023-08-25,1,650,650,Prepared matter status update
TE02434,M0009,A037,2024-07-05,3.5,675,2362.5,Drafted correspondence and legal memorandum
TE02435,M0150,A028,2025-05-07,1,700,700,Analyzed regulatory and compliance requirements
TE02436,M0011,A024,2026-03-11,2,450,900,Coordinated matter planning with client team
TE02437,M0089,A021,2025-08-17,3,375,1125,Drafted correspondence and legal memorandum
TE02438,M0120,A027,2026-07-05,8,400,3200,Conducted client strategy conference
TE02439,M0050,A011,2025-02-13,6,525,3150,Prepared for witness interview
TE02440,M0107,A028,2025-03-09,1,700,700,Reviewed discovery materials
TE02441,M0137,A032,2024-06-21,0.5,550,275,Analyzed regulatory and compliance requirements
TE02442,M0005,A001,2023-11-22,1,650,650,Prepared matter status update
TE02443,M0075,A029,2025-02-20,7.5,600,4500,Reviewed case documents and prepared analysis
TE02444,M0085,A026,2026-04-24,5,525,2625,Reviewed billing and budget status
TE02445,M0127,A013,2023-11-05,4,700,2800,Conducted client strategy conference
TE02446,M0023,A035,2026-05-27,6,625,3750,Prepared matter status update
TE02447,M0009,A026,2024-07-22,2.5,525,1312.5,Reviewed billing and budget status
TE02448,M0096,A026,2026-05-13,2.5,525,1312.5,Reviewed discovery materials
TE02449,M0117,A002,2023-05-30,5,550,2750,Reviewed billing and budget status
TE02450,M0037,A019,2026-02-23,5,725,3625,Conducted client strategy conference
TE02451,M0075,A021,2024-03-26,4,375,1500,Prepared matter status update
TE02452,M0145,A035,2026-06-07,3,625,1875,Analyzed regulatory and compliance requirements
TE02453,M0053,A009,2026-07-17,3.5,450,1575,Conducted client strategy conference
TE02454,M0101,A006,2026-01-23,0.5,375,187.5,Performed legal research
TE02455,M0077,A028,2023-04-19,4.5,700,3150,Reviewed discovery materials
TE02456,M0117,A036,2023-06-29,1,375,375,Prepared matter status update
TE02457,M0140,A036,2025-05-18,0.5,375,187.5,Conducted client strategy conference
TE02458,M0148,A029,2025-01-10,4.5,600,2700,Prepared for witness interview
TE02459,M0003,A031,2024-08-01,6,650,3900,Drafted correspondence and legal memorandum
TE02460,M0114,A009,2025-11-11,2.5,450,1125,Drafted correspondence and legal memorandum
TE02461,M0111,A023,2026-07-16,5.5,575,3162.5,Reviewed billing and budget status
TE02462,M0100,A021,2023-09-10,7.5,375,2812.5,Reviewed discovery materials
TE02463,M0001,A021,2026-04-12,5,375,1875,Reviewed discovery materials
TE02464,M0010,A023,2023-08-17,8,575,4600,Drafted correspondence and legal memorandum
TE02465,M0057,A015,2024-12-28,5.5,475,2612.5,Reviewed billing and budget status
TE02466,M0042,A023,2025-09-18,1.5,575,862.5,Performed legal research
TE02467,M0084,A025,2025-09-18,4.5,750,3375,Reviewed case documents and prepared analysis
TE02468,M0137,A014,2024-04-02,1.5,600,900,Prepared for witness interview
TE02469,M0024,A036,2025-12-01,2,375,750,Conducted client strategy conference
TE02470,M0048,A021,2026-01-28,6.5,375,2437.5,Coordinated matter planning with client team
TE02471,M0145,A011,2026-04-24,8,525,4200,Reviewed discovery materials
TE02472,M0056,A001,2024-10-09,4,650,2600,Drafted correspondence and legal memorandum
TE02473,M0066,A021,2026-06-10,3.5,375,1312.5,Performed legal research
TE02474,M0065,A020,2026-01-28,6,625,3750,Conducted client strategy conference
TE02475,M0068,A002,2023-09-09,3.5,550,1925,Reviewed billing and budget status
TE02476,M0032,A026,2025-11-22,6,525,3150,Reviewed case documents and prepared analysis
TE02477,M0030,A024,2023-11-09,6.5,450,2925,Prepared for witness interview
TE02478,M0038,A020,2023-10-14,1.5,625,937.5,Prepared for witness interview
TE02479,M0062,A022,2026-04-07,8,675,5400,Prepared for witness interview
TE02480,M0129,A007,2023-03-08,4.5,675,3037.5,Reviewed billing and budget status
TE02481,M0005,A004,2025-05-08,2.5,725,1812.5,Reviewed discovery materials
TE02482,M0068,A024,2024-03-02,5,450,2250,Reviewed discovery materials
TE02483,M0049,A001,2023-08-26,1,650,650,Prepared matter status update
TE02484,M0095,A009,2024-05-09,5,450,2250,Prepared for witness interview
TE02485,M0102,A025,2025-11-03,4.5,750,3375,Coordinated matter planning with client team
TE02486,M0016,A021,2026-07-17,1,375,375,Conducted client strategy conference
TE02487,M0069,A037,2026-06-21,8,675,5400,Conducted client strategy conference
TE02488,M0124,A001,2025-05-08,6,650,3900,Coordinated matter planning with client team
TE02489,M0110,A013,2026-02-28,0.5,700,350,Analyzed regulatory and compliance requirements
TE02490,M0043,A014,2025-09-19,4.5,600,2700,Reviewed discovery materials
TE02491,M0042,A030,2025-06-21,1,475,475,Analyzed regulatory and compliance requirements
TE02492,M0026,A020,2026-07-23,8,625,5000,Coordinated matter planning with client team
TE02493,M0005,A011,2026-01-26,5.5,525,2887.5,Drafted correspondence and legal memorandum
TE02494,M0077,A028,2023-08-22,1.5,700,1050,Performed legal research
TE02495,M0049,A027,2023-09-01,3.5,400,1400,Drafted correspondence and legal memorandum
TE02496,M0143,A005,2025-11-06,6,625,3750,Analyzed regulatory and compliance requirements
TE02497,M0118,A025,2026-03-28,4,750,3000,Prepared for witness interview
TE02498,M0036,A021,2024-08-14,6,375,2250,Drafted correspondence and legal memorandum
TE02499,M0048,A009,2026-03-26,6.5,450,2925,Prepared for witness interview
TE02500,M0013,A013,2025-03-07,3.5,700,2450,Drafted correspondence and legal memorandum
TE02501,M0148,A003,2024-10-21,2,425,850,Coordinated matter planning with client team
TE02502,M0014,A030,2025-08-19,4,475,1900,Reviewed case documents and prepared analysis
TE02503,M0118,A024,2026-03-24,5,450,2250,Analyzed regulatory and compliance requirements
TE02504,M0018,A021,2026-05-30,2,375,750,Conducted client strategy conference
TE02505,M0064,A017,2023-12-22,3.5,550,1925,Prepared for witness interview
TE02506,M0037,A017,2026-02-02,5.5,550,3025,Prepared matter status update
TE02507,M0049,A011,2023-06-29,3,525,1575,Reviewed discovery materials
TE02508,M0044,A032,2025-10-12,7.5,550,4125,Reviewed billing and budget status
TE02509,M0059,A004,2024-03-02,1.5,725,1087.5,Prepared for witness interview
TE02510,M0098,A032,2023-08-09,1,550,550,Drafted correspondence and legal memorandum
TE02511,M0081,A018,2026-02-27,2,425,850,Coordinated matter planning with client team
TE02512,M0019,A027,2026-03-04,6.5,400,2600,Reviewed case documents and prepared analysis
TE02513,M0003,A035,2025-10-05,4,625,2500,Drafted correspondence and legal memorandum
TE02514,M0054,A016,2025-09-06,2.5,650,1625,Prepared matter status update
TE02515,M0060,A033,2024-12-27,1.5,425,637.5,Prepared matter status update
TE02516,M0023,A031,2026-03-10,1.5,650,975,Prepared for witness interview
TE02517,M0058,A014,2024-06-15,4,600,2400,Prepared for witness interview
TE02518,M0040,A002,2025-03-25,7,550,3850,Reviewed discovery materials
TE02519,M0115,A006,2025-05-02,4.5,375,1687.5,Prepared matter status update
TE02520,M0079,A007,2026-06-14,7.5,675,5062.5,Prepared for witness interview
TE02521,M0052,A029,2025-11-30,1,600,600,Reviewed case documents and prepared analysis
TE02522,M0134,A012,2023-06-24,4,400,1600,Prepared for witness interview
TE02523,M0074,A028,2025-12-13,6,700,4200,Conducted client strategy conference
TE02524,M0129,A029,2023-04-12,6,600,3600,Drafted correspondence and legal memorandum
TE02525,M0108,A037,2025-04-25,2,675,1350,Performed legal research
TE02526,M0149,A037,2024-09-07,7,675,4725,Drafted correspondence and legal memorandum
TE02527,M0049,A024,2023-07-18,6,450,2700,Prepared for witness interview
TE02528,M0021,A022,2023-08-27,3,675,2025,Reviewed case documents and prepared analysis
TE02529,M0029,A007,2025-04-02,6.5,675,4387.5,Prepared for witness interview
TE02530,M0055,A012,2025-05-11,4.5,400,1800,Prepared matter status update
TE02531,M0087,A017,2026-04-14,6.5,550,3575,Conducted client strategy conference
TE02532,M0091,A022,2026-05-18,6,675,4050,Prepared matter status update
TE02533,M0106,A028,2026-02-11,2.5,700,1750,Prepared matter status update
TE02534,M0135,A014,2025-05-16,6.5,600,3900,Conducted client strategy conference
TE02535,M0003,A014,2025-01-08,3,600,1800,Reviewed discovery materials
TE02536,M0034,A030,2026-04-28,4.5,475,2137.5,Prepared matter status update
TE02537,M0071,A003,2025-11-10,0.5,425,212.5,Conducted client strategy conference
TE02538,M0071,A003,2025-10-18,7.5,425,3187.5,Performed legal research
TE02539,M0068,A007,2024-05-13,2.5,675,1687.5,Drafted correspondence and legal memorandum
TE02540,M0111,A007,2026-06-06,2,675,1350,Reviewed billing and budget status
TE02541,M0109,A004,2025-03-15,4,725,2900,Reviewed case documents and prepared analysis
TE02542,M0094,A013,2026-04-15,3,700,2100,Drafted correspondence and legal memorandum
TE02543,M0025,A025,2025-01-20,1,750,750,Reviewed billing and budget status
TE02544,M0085,A035,2026-01-17,2,625,1250,Reviewed case documents and prepared analysis
TE02545,M0113,A023,2026-06-05,1.5,575,862.5,Reviewed billing and budget status
TE02546,M0092,A030,2024-06-23,6.5,475,3087.5,Analyzed regulatory and compliance requirements
TE02547,M0104,A006,2025-11-03,2,375,750,Reviewed case documents and prepared analysis
TE02548,M0147,A016,2023-06-12,1,650,650,Prepared for witness interview
TE02549,M0104,A021,2026-05-22,8,375,3000,Prepared for witness interview
TE02550,M0035,A019,2026-01-26,6,725,4350,Reviewed case documents and prepared analysis
TE02551,M0150,A032,2025-09-26,3,550,1650,Analyzed regulatory and compliance requirements
TE02552,M0001,A015,2025-09-23,4,475,1900,Coordinated matter planning with client team
TE02553,M0069,A023,2026-01-25,3,575,1725,Prepared for witness interview
TE02554,M0042,A032,2025-12-25,4.5,550,2475,Performed legal research
TE02555,M0038,A037,2023-08-26,6.5,675,4387.5,Prepared for witness interview
TE02556,M0071,A015,2026-04-17,5,475,2375,Performed legal research
TE02557,M0046,A011,2026-07-06,1,525,525,Reviewed case documents and prepared analysis
TE02558,M0128,A032,2025-01-09,7,550,3850,Reviewed discovery materials
TE02559,M0148,A020,2024-11-20,4,625,2500,Reviewed billing and budget status
TE02560,M0033,A019,2024-10-03,2,725,1450,Conducted client strategy conference
TE02561,M0101,A019,2026-01-17,4.5,725,3262.5,Drafted correspondence and legal memorandum
TE02562,M0007,A015,2025-04-04,7.5,475,3562.5,Reviewed billing and budget status
TE02563,M0027,A026,2024-02-23,4.5,525,2362.5,Performed legal research
TE02564,M0031,A034,2025-05-31,3.5,725,2537.5,Drafted correspondence and legal memorandum
TE02565,M0075,A001,2023-08-10,2,650,1300,Prepared matter status update
TE02566,M0061,A008,2023-11-14,2,575,1150,Performed legal research
TE02567,M0147,A015,2023-04-06,0.5,475,237.5,Analyzed regulatory and compliance requirements
TE02568,M0078,A035,2024-04-01,4,625,2500,Reviewed billing and budget status
TE02569,M0119,A030,2024-01-27,3,475,1425,Prepared for witness interview
TE02570,M0138,A028,2023-12-26,3,700,2100,Coordinated matter planning with client team
TE02571,M0038,A011,2023-06-01,1.5,525,787.5,Conducted client strategy conference
TE02572,M0146,A019,2026-07-30,3.5,725,2537.5,Prepared matter status update
TE02573,M0094,A036,2026-03-13,0.5,375,187.5,Reviewed discovery materials
TE02574,M0106,A018,2026-03-12,5,425,2125,Reviewed case documents and prepared analysis
TE02575,M0098,A035,2023-12-16,3.5,625,2187.5,Conducted client strategy conference
TE02576,M0005,A031,2024-09-02,3.5,650,2275,Prepared for witness interview
TE02577,M0086,A013,2026-02-27,4,700,2800,Coordinated matter planning with client team
TE02578,M0112,A031,2025-06-26,6.5,650,4225,Prepared matter status update
TE02579,M0052,A036,2025-07-22,1,375,375,Coordinated matter planning with client team
TE02580,M0073,A019,2025-03-03,1,725,725,Analyzed regulatory and compliance requirements
TE02581,M0133,A030,2024-02-11,4.5,475,2137.5,Prepared for witness interview
TE02582,M0137,A028,2024-04-26,1,700,700,Analyzed regulatory and compliance requirements
TE02583,M0019,A023,2025-11-29,7,575,4025,Coordinated matter planning with client team
TE02584,M0128,A010,2024-04-02,2.5,750,1875,Drafted correspondence and legal memorandum
TE02585,M0017,A035,2025-06-28,7,625,4375,Analyzed regulatory and compliance requirements
TE02586,M0150,A015,2026-01-09,6.5,475,3087.5,Prepared for witness interview
TE02587,M0144,A009,2026-01-01,0.5,450,225,Reviewed discovery materials
TE02588,M0127,A034,2023-12-18,5,725,3625,Coordinated matter planning with client team
TE02589,M0071,A026,2026-03-30,2.5,525,1312.5,Prepared for witness interview
TE02590,M0133,A009,2025-01-31,1.5,450,675,Prepared matter status update
TE02591,M0031,A027,2025-10-04,2,400,800,Reviewed case documents and prepared analysis
TE02592,M0101,A032,2025-05-21,5,550,2750,Drafted correspondence and legal memorandum
TE02593,M0055,A032,2025-11-24,4.5,550,2475,Reviewed case documents and prepared analysis
TE02594,M0071,A031,2026-03-28,4,650,2600,Reviewed case documents and prepared analysis
TE02595,M0005,A032,2026-02-05,7,550,3850,Conducted client strategy conference
TE02596,M0029,A035,2025-02-21,2,625,1250,Reviewed billing and budget status
TE02597,M0133,A019,2024-01-04,7,725,5075,Coordinated matter planning with client team
TE02598,M0104,A007,2026-07-12,2,675,1350,Coordinated matter planning with client team
TE02599,M0111,A031,2026-05-10,3,650,1950,Drafted correspondence and legal memorandum
TE02600,M0147,A034,2023-05-10,6.5,725,4712.5,Prepared for witness interview
TE02601,M0005,A014,2026-02-23,0.5,600,300,Analyzed regulatory and compliance requirements
TE02602,M0090,A009,2025-10-01,6.5,450,2925,Performed legal research
TE02603,M0146,A017,2024-11-24,1,550,550,Analyzed regulatory and compliance requirements
TE02604,M0038,A013,2023-08-28,8,700,5600,Analyzed regulatory and compliance requirements
TE02605,M0143,A006,2026-03-31,4.5,375,1687.5,Performed legal research
TE02606,M0056,A024,2025-11-27,6,450,2700,Prepared for witness interview
TE02607,M0063,A035,2026-05-31,3,625,1875,Drafted correspondence and legal memorandum
TE02608,M0122,A005,2024-04-05,3.5,625,2187.5,Drafted correspondence and legal memorandum
TE02609,M0071,A009,2025-09-02,4,450,1800,Drafted correspondence and legal memorandum
TE02610,M0130,A020,2024-11-03,5,625,3125,Conducted client strategy conference
TE02611,M0041,A007,2025-10-02,2,675,1350,Conducted client strategy conference
TE02612,M0022,A027,2024-08-16,7,400,2800,Reviewed case documents and prepared analysis
TE02613,M0149,A003,2024-06-28,1.5,425,637.5,Analyzed regulatory and compliance requirements
TE02614,M0143,A003,2025-11-02,2.5,425,1062.5,Prepared matter status update
TE02615,M0090,A032,2023-07-11,8,550,4400,Conducted client strategy conference
TE02616,M0015,A021,2026-03-24,5.5,375,2062.5,Drafted correspondence and legal memorandum
TE02617,M0005,A021,2024-09-07,2.5,375,937.5,Reviewed billing and budget status
TE02618,M0127,A005,2023-07-26,3,625,1875,Conducted client strategy conference
TE02619,M0001,A020,2024-12-25,5,625,3125,Analyzed regulatory and compliance requirements
TE02620,M0038,A010,2023-09-01,5.5,750,4125,Analyzed regulatory and compliance requirements
TE02621,M0068,A027,2023-10-19,4,400,1600,Performed legal research
TE02622,M0140,A009,2025-09-10,8,450,3600,Coordinated matter planning with client team
TE02623,M0067,A010,2023-03-01,0.5,750,375,Prepared for witness interview
TE02624,M0001,A003,2026-03-18,2.5,425,1062.5,Reviewed discovery materials
TE02625,M0026,A032,2025-05-15,3.5,550,1925,Coordinated matter planning with client team
TE02626,M0098,A008,2023-11-18,7.5,575,4312.5,Prepared for witness interview
TE02627,M0015,A013,2025-11-11,4.5,700,3150,Analyzed regulatory and compliance requirements
TE02628,M0019,A033,2026-03-27,1.5,425,637.5,Conducted client strategy conference
TE02629,M0114,A024,2025-01-21,2,450,900,Prepared matter status update
TE02630,M0007,A021,2025-09-18,3,375,1125,Reviewed billing and budget status
TE02631,M0131,A024,2025-11-10,3,450,1350,Conducted client strategy conference
TE02632,M0149,A013,2023-11-26,2.5,700,1750,Reviewed billing and budget status
TE02633,M0078,A010,2024-01-25,2,750,1500,Reviewed discovery materials
TE02634,M0020,A019,2026-03-21,1,725,725,Reviewed discovery materials
TE02635,M0010,A028,2024-07-06,8,700,5600,Reviewed discovery materials
TE02636,M0095,A002,2023-10-31,5.5,550,3025,Prepared matter status update
TE02637,M0028,A023,2025-06-19,5.5,575,3162.5,Reviewed case documents and prepared analysis
TE02638,M0149,A021,2024-11-12,5.5,375,2062.5,Reviewed case documents and prepared analysis
TE02639,M0117,A007,2023-04-22,3,675,2025,Reviewed discovery materials
TE02640,M0011,A033,2025-01-23,2,425,850,Conducted client strategy conference
TE02641,M0145,A007,2026-07-30,2.5,675,1687.5,Reviewed discovery materials
TE02642,M0106,A019,2026-04-09,1,725,725,Prepared matter status update
TE02643,M0007,A031,2025-05-07,1.5,650,975,Drafted correspondence and legal memorandum
TE02644,M0046,A013,2025-02-11,8,700,5600,Prepared matter status update
TE02645,M0138,A030,2023-10-10,1.5,475,712.5,Conducted client strategy conference
TE02646,M0102,A026,2025-11-18,7.5,525,3937.5,Conducted client strategy conference
TE02647,M0103,A037,2023-06-17,6,675,4050,Drafted correspondence and legal memorandum
TE02648,M0125,A024,2025-01-16,6.5,450,2925,Reviewed discovery materials
TE02649,M0048,A009,2026-02-20,7.5,450,3375,Reviewed discovery materials
TE02650,M0102,A014,2026-05-20,1,600,600,Reviewed billing and budget status
TE02651,M0116,A002,2025-12-20,2.5,550,1375,Reviewed case documents and prepared analysis
TE02652,M0065,A036,2025-11-10,1,375,375,Conducted client strategy conference
TE02653,M0113,A014,2026-04-24,6,600,3600,Prepared for witness interview
TE02654,M0104,A037,2025-09-28,0.5,675,337.5,Coordinated matter planning with client team
TE02655,M0109,A029,2025-09-15,4,600,2400,Analyzed regulatory and compliance requirements
TE02656,M0101,A017,2026-06-15,2,550,1100,Conducted client strategy conference
TE02657,M0125,A021,2026-06-10,3,375,1125,Conducted client strategy conference
TE02658,M0028,A030,2025-08-11,2,475,950,Prepared matter status update
TE02659,M0115,A003,2026-05-18,6.5,425,2762.5,Reviewed billing and budget status
TE02660,M0106,A009,2025-09-19,0.5,450,225,Performed legal research
TE02661,M0141,A019,2026-06-01,3,725,2175,Reviewed case documents and prepared analysis
TE02662,M0096,A014,2026-04-08,0.5,600,300,Conducted client strategy conference
TE02663,M0055,A037,2025-09-07,2,675,1350,Reviewed case documents and prepared analysis
TE02664,M0117,A030,2023-09-22,1.5,475,712.5,Performed legal research
TE02665,M0029,A015,2025-04-23,0.5,475,237.5,Prepared for witness interview
TE02666,M0132,A007,2026-06-19,1.5,675,1012.5,Drafted correspondence and legal memorandum
TE02667,M0141,A006,2026-06-23,1.5,375,562.5,Performed legal research
TE02668,M0038,A032,2023-11-24,2,550,1100,Analyzed regulatory and compliance requirements
TE02669,M0103,A031,2026-06-13,8,650,5200,Performed legal research
TE02670,M0059,A005,2023-08-06,6.5,625,4062.5,Prepared matter status update
TE02671,M0130,A010,2025-11-18,6,750,4500,Prepared for witness interview
TE02672,M0068,A013,2023-12-13,0.5,700,350,Reviewed case documents and prepared analysis
TE02673,M0116,A031,2024-11-15,1.5,650,975,Performed legal research
TE02674,M0145,A025,2025-10-19,6.5,750,4875,Performed legal research
TE02675,M0037,A015,2026-03-10,4,475,1900,Reviewed discovery materials
TE02676,M0012,A006,2026-07-21,0.5,375,187.5,Coordinated matter planning with client team
TE02677,M0095,A035,2025-05-10,6,625,3750,Analyzed regulatory and compliance requirements
TE02678,M0077,A027,2023-10-23,1,400,400,Reviewed case documents and prepared analysis
TE02679,M0140,A001,2025-05-03,4,650,2600,Prepared matter status update
TE02680,M0108,A014,2025-03-13,3,600,1800,Conducted client strategy conference
TE02681,M0046,A034,2026-06-26,2,725,1450,Conducted client strategy conference
TE02682,M0109,A022,2025-03-24,6,675,4050,Performed legal research
TE02683,M0077,A015,2023-12-05,0.5,475,237.5,Analyzed regulatory and compliance requirements
TE02684,M0020,A024,2026-04-22,3,450,1350,Coordinated matter planning with client team
TE02685,M0048,A022,2026-03-01,2.5,675,1687.5,Conducted client strategy conference
TE02686,M0040,A004,2025-11-04,8,725,5800,Drafted correspondence and legal memorandum
TE02687,M0063,A024,2025-04-29,7.5,450,3375,Drafted correspondence and legal memorandum
TE02688,M0139,A007,2023-06-19,3.5,675,2362.5,Reviewed discovery materials
TE02689,M0141,A024,2026-07-13,0.5,450,225,Coordinated matter planning with client team
TE02690,M0085,A009,2026-05-26,7,450,3150,Prepared matter status update
TE02691,M0018,A001,2026-06-03,8,650,5200,Analyzed regulatory and compliance requirements
TE02692,M0029,A011,2025-02-16,0.5,525,262.5,Reviewed discovery materials
TE02693,M0107,A009,2025-07-10,6.5,450,2925,Conducted client strategy conference
TE02694,M0032,A001,2025-10-18,3.5,650,2275,Reviewed discovery materials
TE02695,M0143,A014,2025-08-09,8,600,4800,Prepared for witness interview
TE02696,M0127,A030,2023-07-31,4,475,1900,Analyzed regulatory and compliance requirements
TE02697,M0060,A024,2025-03-31,0.5,450,225,Conducted client strategy conference
TE02698,M0134,A028,2026-03-06,1.5,700,1050,Analyzed regulatory and compliance requirements
TE02699,M0036,A009,2025-10-21,3,450,1350,Performed legal research
TE02700,M0062,A024,2024-01-24,6,450,2700,Drafted correspondence and legal memorandum
TE02701,M0033,A032,2026-04-02,1.5,550,825,Analyzed regulatory and compliance requirements
TE02702,M0048,A002,2026-05-02,7,550,3850,Coordinated matter planning with client team
TE02703,M0107,A003,2025-04-24,4.5,425,1912.5,Prepared for witness interview
TE02704,M0059,A005,2023-10-27,7,625,4375,Prepared matter status update
TE02705,M0138,A015,2024-01-05,4.5,475,2137.5,Prepared for witness interview
TE02706,M0043,A037,2024-04-23,1.5,675,1012.5,Reviewed discovery materials
TE02707,M0090,A022,2024-12-01,7,675,4725,Reviewed billing and budget status
TE02708,M0148,A035,2024-12-06,4,625,2500,Prepared for witness interview
TE02709,M0052,A019,2025-02-27,4.5,725,3262.5,Prepared for witness interview
TE02710,M0003,A028,2025-06-12,3,700,2100,Coordinated matter planning with client team
TE02711,M0105,A026,2025-02-23,3,525,1575,Prepared matter status update
TE02712,M0112,A036,2026-05-10,4.5,375,1687.5,Prepared for witness interview
TE02713,M0139,A026,2023-11-30,7.5,525,3937.5,Reviewed case documents and prepared analysis
TE02714,M0139,A022,2024-02-01,4,675,2700,Prepared matter status update
TE02715,M0024,A010,2024-07-20,1,750,750,Prepared for witness interview
TE02716,M0022,A037,2026-05-11,2,675,1350,Drafted correspondence and legal memorandum
TE02717,M0081,A018,2026-05-05,1,425,425,Reviewed case documents and prepared analysis
TE02718,M0086,A033,2025-11-27,4.5,425,1912.5,Reviewed case documents and prepared analysis
TE02719,M0007,A032,2025-04-10,7.5,550,4125,Reviewed discovery materials
TE02720,M0032,A026,2026-06-21,4.5,525,2362.5,Prepared for witness interview
TE02721,M0049,A018,2023-08-30,0.5,425,212.5,Coordinated matter planning with client team
TE02722,M0075,A029,2025-06-14,5,600,3000,Coordinated matter planning with client team
TE02723,M0077,A020,2023-11-11,5.5,625,3437.5,Reviewed billing and budget status
TE02724,M0024,A036,2026-07-15,8,375,3000,Prepared matter status update
TE02725,M0124,A009,2026-04-27,3.5,450,1575,Conducted client strategy conference
TE02726,M0017,A021,2025-07-02,6,375,2250,Prepared for witness interview
TE02727,M0117,A014,2023-10-22,6,600,3600,Reviewed discovery materials
TE02728,M0042,A032,2026-01-28,4.5,550,2475,Conducted client strategy conference
TE02729,M0003,A017,2024-05-13,1.5,550,825,Analyzed regulatory and compliance requirements
TE02730,M0007,A001,2025-09-18,5,650,3250,Coordinated matter planning with client team
TE02731,M0023,A008,2026-02-15,7,575,4025,Reviewed case documents and prepared analysis
TE02732,M0129,A016,2023-03-19,1,650,650,Coordinated matter planning with client team
TE02733,M0068,A009,2024-04-13,3.5,450,1575,Conducted client strategy conference
TE02734,M0010,A026,2024-07-10,6.5,525,3412.5,Analyzed regulatory and compliance requirements
TE02735,M0007,A015,2025-03-15,5,475,2375,Performed legal research
TE02736,M0077,A037,2023-11-10,6.5,675,4387.5,Analyzed regulatory and compliance requirements
TE02737,M0046,A036,2025-10-22,4,375,1500,Reviewed billing and budget status
TE02738,M0003,A025,2023-11-12,2.5,750,1875,Performed legal research
TE02739,M0145,A024,2026-01-01,0.5,450,225,Prepared for witness interview
TE02740,M0038,A024,2023-09-09,7.5,450,3375,Drafted correspondence and legal memorandum
TE02741,M0023,A026,2024-08-03,5,525,2625,Drafted correspondence and legal memorandum
TE02742,M0068,A010,2023-12-20,2,750,1500,Prepared for witness interview
TE02743,M0101,A025,2026-04-24,2.5,750,1875,Performed legal research
TE02744,M0067,A014,2023-05-25,0.5,600,300,Reviewed case documents and prepared analysis
TE02745,M0015,A011,2026-04-15,5.5,525,2887.5,Drafted correspondence and legal memorandum
TE02746,M0068,A026,2024-05-02,5.5,525,2887.5,Coordinated matter planning with client team
TE02747,M0041,A036,2026-02-03,7,375,2625,Prepared matter status update
TE02748,M0018,A031,2026-06-30,7.5,650,4875,Drafted correspondence and legal memorandum
TE02749,M0018,A036,2026-01-13,8,375,3000,Performed legal research
TE02750,M0032,A018,2025-09-08,2.5,425,1062.5,Conducted client strategy conference
TE02751,M0046,A033,2026-07-31,8,425,3400,Reviewed billing and budget status
TE02752,M0082,A016,2026-06-26,4.5,650,2925,Conducted client strategy conference
TE02753,M0068,A016,2024-01-25,7.5,650,4875,Prepared matter status update
TE02754,M0070,A013,2025-11-25,0.5,700,350,Prepared for witness interview
TE02755,M0036,A009,2025-08-26,2.5,450,1125,Reviewed discovery materials
TE02756,M0147,A036,2023-02-24,3.5,375,1312.5,Performed legal research
TE02757,M0136,A037,2026-05-10,1.5,675,1012.5,Analyzed regulatory and compliance requirements
TE02758,M0042,A030,2025-11-05,2.5,475,1187.5,Reviewed discovery materials
TE02759,M0111,A021,2026-01-16,1,375,375,Reviewed billing and budget status
TE02760,M0003,A030,2024-06-25,8,475,3800,Reviewed discovery materials
TE02761,M0007,A032,2025-02-28,4,550,2200,Prepared for witness interview
TE02762,M0093,A019,2026-07-27,8,725,5800,Drafted correspondence and legal memorandum
TE02763,M0089,A019,2025-08-30,6,725,4350,Prepared for witness interview
TE02764,M0146,A019,2025-01-08,3.5,725,2537.5,Reviewed case documents and prepared analysis
TE02765,M0052,A016,2025-08-01,5,650,3250,Reviewed discovery materials
TE02766,M0105,A025,2025-02-16,3,750,2250,Reviewed case documents and prepared analysis
TE02767,M0067,A023,2023-03-04,6.5,575,3737.5,Performed legal research
TE02768,M0046,A033,2026-01-30,7.5,425,3187.5,Analyzed regulatory and compliance requirements
TE02769,M0073,A023,2024-12-25,1,575,575,Analyzed regulatory and compliance requirements
TE02770,M0082,A011,2024-12-29,6.5,525,3412.5,Drafted correspondence and legal memorandum
TE02771,M0016,A036,2025-08-11,0.5,375,187.5,Analyzed regulatory and compliance requirements
TE02772,M0010,A032,2025-06-20,5,550,2750,Coordinated matter planning with client team
TE02773,M0150,A016,2025-03-18,6,650,3900,Reviewed case documents and prepared analysis
TE02774,M0074,A009,2026-07-24,7,450,3150,Coordinated matter planning with client team
TE02775,M0056,A003,2025-07-09,2.5,425,1062.5,Prepared for witness interview
TE02776,M0049,A013,2023-06-10,7.5,700,5250,Prepared matter status update
TE02777,M0025,A001,2025-05-02,2.5,650,1625,Reviewed discovery materials
TE02778,M0140,A007,2025-03-02,6,675,4050,Prepared matter status update
TE02779,M0109,A011,2025-07-19,5.5,525,2887.5,Drafted correspondence and legal memorandum
TE02780,M0112,A007,2026-04-13,8,675,5400,Coordinated matter planning with client team
TE02781,M0070,A032,2025-10-23,5.5,550,3025,Analyzed regulatory and compliance requirements
TE02782,M0009,A004,2024-06-15,7,725,5075,Coordinated matter planning with client team
TE02783,M0080,A026,2025-11-02,3.5,525,1837.5,Conducted client strategy conference
TE02784,M0037,A011,2026-01-28,7.5,525,3937.5,Reviewed case documents and prepared analysis
TE02785,M0013,A014,2026-02-15,3.5,600,2100,Reviewed case documents and prepared analysis
TE02786,M0123,A030,2026-03-03,2.5,475,1187.5,Performed legal research
TE02787,M0078,A008,2023-09-29,4,575,2300,Conducted client strategy conference
TE02788,M0009,A031,2023-08-25,3.5,650,2275,Performed legal research
TE02789,M0043,A022,2024-10-17,7.5,675,5062.5,Conducted client strategy conference
TE02790,M0131,A027,2025-04-11,6,400,2400,Prepared matter status update
TE02791,M0063,A022,2025-10-04,4.5,675,3037.5,Prepared matter status update
TE02792,M0112,A004,2023-06-22,4.5,725,3262.5,Prepared for witness interview
TE02793,M0007,A035,2025-05-01,2,625,1250,Drafted correspondence and legal memorandum
TE02794,M0016,A022,2026-01-15,3.5,675,2362.5,Conducted client strategy conference
TE02795,M0023,A037,2025-04-03,2,675,1350,Conducted client strategy conference
TE02796,M0034,A013,2026-05-17,6.5,700,4550,Performed legal research
TE02797,M0110,A022,2026-02-09,5,675,3375,Drafted correspondence and legal memorandum
TE02798,M0129,A011,2023-03-12,0.5,525,262.5,Coordinated matter planning with client team
TE02799,M0035,A019,2025-10-13,1,725,725,Reviewed discovery materials
TE02800,M0021,A030,2024-04-09,2.5,475,1187.5,Prepared for witness interview
TE02801,M0131,A024,2024-09-30,5,450,2250,Coordinated matter planning with client team
TE02802,M0136,A020,2026-03-09,1.5,625,937.5,Drafted correspondence and legal memorandum
TE02803,M0037,A023,2026-02-09,7,575,4025,Prepared for witness interview
TE02804,M0080,A025,2026-06-23,3.5,750,2625,Reviewed discovery materials
TE02805,M0015,A015,2025-10-31,8,475,3800,Prepared matter status update
TE02806,M0146,A028,2024-05-01,3.5,700,2450,Analyzed regulatory and compliance requirements
TE02807,M0051,A034,2025-04-11,1.5,725,1087.5,Coordinated matter planning with client team
TE02808,M0078,A033,2024-05-04,6,425,2550,Coordinated matter planning with client team
TE02809,M0009,A019,2024-02-15,4,725,2900,Conducted client strategy conference
TE02810,M0121,A004,2025-01-04,5.5,725,3987.5,Performed legal research
TE02811,M0083,A020,2026-07-13,6.5,625,4062.5,Reviewed billing and budget status
TE02812,M0099,A005,2025-01-20,4.5,625,2812.5,Reviewed discovery materials
TE02813,M0094,A026,2024-12-17,5.5,525,2887.5,Drafted correspondence and legal memorandum
TE02814,M0010,A037,2024-10-11,1.5,675,1012.5,Reviewed discovery materials
TE02815,M0014,A026,2025-09-02,7.5,525,3937.5,Prepared matter status update
TE02816,M0135,A005,2026-03-12,3,625,1875,Drafted correspondence and legal memorandum
TE02817,M0079,A011,2025-11-07,1.5,525,787.5,Performed legal research
TE02818,M0084,A029,2025-08-11,4.5,600,2700,Reviewed billing and budget status
TE02819,M0060,A002,2025-01-02,2.5,550,1375,Reviewed discovery materials
TE02820,M0005,A025,2026-07-18,4.5,750,3375,Analyzed regulatory and compliance requirements
TE02821,M0134,A004,2024-05-25,6.5,725,4712.5,Analyzed regulatory and compliance requirements
TE02822,M0064,A036,2026-07-13,3,375,1125,Reviewed case documents and prepared analysis
TE02823,M0148,A004,2024-09-17,0.5,725,362.5,Conducted client strategy conference
TE02824,M0139,A007,2023-07-11,2.5,675,1687.5,Conducted client strategy conference
TE02825,M0134,A033,2024-01-06,6,425,2550,Reviewed discovery materials
TE02826,M0114,A011,2026-01-13,1.5,525,787.5,Reviewed discovery materials
TE02827,M0120,A020,2026-04-03,1,625,625,Performed legal research
TE02828,M0119,A033,2023-12-14,3.5,425,1487.5,Conducted client strategy conference
TE02829,M0117,A004,2023-09-21,7,725,5075,Prepared matter status update
TE02830,M0111,A008,2026-03-15,1,575,575,Reviewed discovery materials
TE02831,M0050,A020,2025-02-26,2.5,625,1562.5,Reviewed discovery materials
TE02832,M0030,A021,2025-09-01,1.5,375,562.5,Performed legal research
TE02833,M0131,A037,2024-09-05,5,675,3375,Conducted client strategy conference
TE02834,M0146,A012,2024-07-14,0.5,400,200,Reviewed discovery materials
TE02835,M0087,A026,2026-02-09,1,525,525,Analyzed regulatory and compliance requirements
TE02836,M0071,A021,2025-12-19,4,375,1500,Reviewed case documents and prepared analysis
TE02837,M0078,A011,2024-09-10,4.5,525,2362.5,Drafted correspondence and legal memorandum
TE02838,M0023,A001,2025-04-04,5.5,650,3575,Drafted correspondence and legal memorandum
TE02839,M0130,A023,2025-08-02,5,575,2875,Drafted correspondence and legal memorandum
TE02840,M0087,A006,2025-12-13,4.5,375,1687.5,Reviewed discovery materials
TE02841,M0107,A014,2025-03-12,1.5,600,900,Prepared for witness interview
TE02842,M0016,A019,2025-09-12,2,725,1450,Performed legal research
TE02843,M0137,A011,2024-07-13,3.5,525,1837.5,Conducted client strategy conference
TE02844,M0109,A034,2025-06-13,6.5,725,4712.5,Reviewed discovery materials
TE02845,M0113,A006,2025-05-14,2,375,750,Prepared for witness interview
TE02846,M0058,A022,2024-01-30,5,675,3375,Reviewed billing and budget status
TE02847,M0111,A032,2026-01-26,0.5,550,275,Reviewed discovery materials
TE02848,M0143,A008,2025-05-12,7,575,4025,Conducted client strategy conference
TE02849,M0053,A003,2026-03-31,6.5,425,2762.5,Reviewed case documents and prepared analysis
TE02850,M0086,A003,2025-07-17,1,425,425,Reviewed billing and budget status
TE02851,M0102,A027,2025-11-23,7,400,2800,Reviewed case documents and prepared analysis
TE02852,M0071,A013,2026-03-06,6,700,4200,Reviewed discovery materials
TE02853,M0104,A024,2026-07-13,6,450,2700,Conducted client strategy conference
TE02854,M0131,A033,2025-09-03,7,425,2975,Conducted client strategy conference
TE02855,M0113,A006,2025-09-14,4.5,375,1687.5,Prepared for witness interview
TE02856,M0123,A006,2026-05-18,3.5,375,1312.5,Conducted client strategy conference
TE02857,M0050,A011,2025-09-20,7,525,3675,Coordinated matter planning with client team
TE02858,M0033,A002,2026-02-11,3.5,550,1925,Reviewed billing and budget status
TE02859,M0109,A017,2025-03-04,5,550,2750,Reviewed billing and budget status
TE02860,M0001,A022,2025-10-27,2.5,675,1687.5,Reviewed case documents and prepared analysis
TE02861,M0097,A005,2024-04-13,4.5,625,2812.5,Drafted correspondence and legal memorandum
TE02862,M0028,A033,2025-09-02,3.5,425,1487.5,Analyzed regulatory and compliance requirements
TE02863,M0029,A005,2025-02-15,5.5,625,3437.5,Prepared for witness interview
TE02864,M0019,A002,2026-07-19,5,550,2750,Analyzed regulatory and compliance requirements
TE02865,M0098,A030,2023-09-25,3.5,475,1662.5,Analyzed regulatory and compliance requirements
TE02866,M0089,A029,2025-10-27,1.5,600,900,Reviewed case documents and prepared analysis
TE02867,M0111,A032,2026-07-07,7,550,3850,Reviewed discovery materials
TE02868,M0134,A013,2025-04-04,2,700,1400,Coordinated matter planning with client team
TE02869,M0134,A024,2025-09-14,3,450,1350,Analyzed regulatory and compliance requirements
TE02870,M0136,A004,2026-05-23,1,725,725,Coordinated matter planning with client team
TE02871,M0016,A014,2024-05-07,1,600,600,Reviewed billing and budget status
TE02872,M0003,A020,2025-05-06,0.5,625,312.5,Prepared matter status update
TE02873,M0083,A020,2025-10-22,4.5,625,2812.5,Analyzed regulatory and compliance requirements
TE02874,M0067,A006,2023-05-24,3.5,375,1312.5,Analyzed regulatory and compliance requirements
TE02875,M0111,A011,2025-12-29,5,525,2625,Reviewed billing and budget status
TE02876,M0015,A021,2025-09-01,1.5,375,562.5,Performed legal research
TE02877,M0093,A006,2024-02-19,4,375,1500,Conducted client strategy conference
TE02878,M0074,A022,2026-05-21,6.5,675,4387.5,Conducted client strategy conference
TE02879,M0126,A037,2024-07-09,3,675,2025,Performed legal research
TE02880,M0021,A014,2024-04-18,5,600,3000,Performed legal research
TE02881,M0149,A006,2024-05-25,1,375,375,Prepared for witness interview
TE02882,M0037,A010,2025-12-25,3,750,2250,Reviewed discovery materials
TE02883,M0085,A034,2026-03-01,1.5,725,1087.5,Reviewed billing and budget status
TE02884,M0094,A013,2026-05-11,2.5,700,1750,Prepared for witness interview
TE02885,M0064,A027,2026-07-19,3,400,1200,Analyzed regulatory and compliance requirements
TE02886,M0137,A033,2024-04-10,5.5,425,2337.5,Reviewed discovery materials
TE02887,M0075,A008,2026-02-23,0.5,575,287.5,Reviewed case documents and prepared analysis
TE02888,M0098,A021,2023-11-20,5,375,1875,Performed legal research
TE02889,M0015,A002,2026-04-10,7,550,3850,Reviewed discovery materials
TE02890,M0102,A035,2026-05-16,6,625,3750,Conducted client strategy conference
TE02891,M0079,A018,2025-09-20,7,425,2975,Conducted client strategy conference
TE02892,M0150,A023,2026-07-25,7.5,575,4312.5,Drafted correspondence and legal memorandum
TE02893,M0041,A012,2025-10-16,5,400,2000,Conducted client strategy conference
TE02894,M0146,A003,2025-12-25,0.5,425,212.5,Performed legal research
TE02895,M0011,A013,2025-09-21,6.5,700,4550,Conducted client strategy conference
TE02896,M0055,A023,2025-12-09,7.5,575,4312.5,Drafted correspondence and legal memorandum
TE02897,M0127,A015,2023-08-20,6.5,475,3087.5,Performed legal research
TE02898,M0005,A034,2025-08-01,8,725,5800,Conducted client strategy conference
TE02899,M0057,A021,2024-12-07,1.5,375,562.5,Reviewed billing and budget status
TE02900,M0131,A026,2025-12-09,1,525,525,Reviewed case documents and prepared analysis
TE02901,M0142,A037,2025-02-17,3,675,2025,Coordinated matter planning with client team
TE02902,M0070,A034,2026-07-27,1.5,725,1087.5,Prepared matter status update
TE02903,M0044,A023,2026-04-27,3,575,1725,Analyzed regulatory and compliance requirements
TE02904,M0075,A031,2025-09-26,6.5,650,4225,Prepared matter status update
TE02905,M0071,A031,2026-05-06,1.5,650,975,Analyzed regulatory and compliance requirements
TE02906,M0127,A006,2023-07-18,5.5,375,2062.5,Reviewed case documents and prepared analysis
TE02907,M0058,A035,2024-05-04,0.5,625,312.5,Analyzed regulatory and compliance requirements
TE02908,M0096,A029,2026-05-20,5,600,3000,Conducted client strategy conference
TE02909,M0061,A010,2025-10-29,3.5,750,2625,Analyzed regulatory and compliance requirements
TE02910,M0149,A020,2024-05-16,0.5,625,312.5,Conducted client strategy conference
TE02911,M0104,A015,2026-04-18,7.5,475,3562.5,Reviewed billing and budget status
TE02912,M0067,A025,2023-06-04,7,750,5250,Reviewed case documents and prepared analysis
TE02913,M0132,A026,2026-07-17,1.5,525,787.5,Reviewed billing and budget status
TE02914,M0019,A014,2026-07-01,7,600,4200,Analyzed regulatory and compliance requirements
TE02915,M0077,A019,2024-03-13,5.5,725,3987.5,Performed legal research
TE02916,M0047,A005,2025-04-08,5,625,3125,Analyzed regulatory and compliance requirements
TE02917,M0014,A034,2026-01-12,8,725,5800,Drafted correspondence and legal memorandum
TE02918,M0103,A022,2025-01-15,5,675,3375,Analyzed regulatory and compliance requirements
TE02919,M0070,A004,2026-01-12,7,725,5075,Conducted client strategy conference
TE02920,M0115,A011,2026-01-12,2.5,525,1312.5,Reviewed case documents and prepared analysis
TE02921,M0071,A011,2025-10-01,6,525,3150,Conducted client strategy conference
TE02922,M0001,A004,2024-12-29,3.5,725,2537.5,Prepared matter status update
TE02923,M0122,A017,2024-02-15,1,550,550,Drafted correspondence and legal memorandum
TE02924,M0139,A015,2023-11-20,0.5,475,237.5,Drafted correspondence and legal memorandum
TE02925,M0005,A003,2023-10-09,7,425,2975,Reviewed billing and budget status
TE02926,M0027,A001,2024-02-23,1,650,650,Reviewed billing and budget status
TE02927,M0096,A014,2025-08-21,0.5,600,300,Coordinated matter planning with client team
TE02928,M0148,A036,2024-11-01,3.5,375,1312.5,Coordinated matter planning with client team
TE02929,M0070,A015,2026-01-24,3,475,1425,Analyzed regulatory and compliance requirements
TE02930,M0094,A024,2026-06-05,1.5,450,675,Reviewed billing and budget status
TE02931,M0133,A012,2024-03-14,5,400,2000,Reviewed billing and budget status
TE02932,M0044,A015,2026-03-18,2.5,475,1187.5,Reviewed discovery materials
TE02933,M0003,A035,2023-07-14,0.5,625,312.5,Performed legal research
TE02934,M0029,A008,2025-02-20,2,575,1150,Reviewed billing and budget status
TE02935,M0141,A029,2026-07-10,6,600,3600,Reviewed discovery materials
TE02936,M0005,A009,2023-11-23,4,450,1800,Drafted correspondence and legal memorandum
TE02937,M0085,A006,2026-04-21,4,375,1500,Prepared for witness interview
TE02938,M0134,A001,2023-03-16,0.5,650,325,Reviewed discovery materials
TE02939,M0100,A009,2026-06-19,6.5,450,2925,Prepared matter status update
TE02940,M0070,A020,2026-01-18,5.5,625,3437.5,Performed legal research
TE02941,M0094,A006,2026-06-27,3.5,375,1312.5,Performed legal research
TE02942,M0096,A032,2025-08-25,5.5,550,3025,Prepared for witness interview
TE02943,M0140,A005,2025-04-10,1.5,625,937.5,Drafted correspondence and legal memorandum
TE02944,M0094,A025,2025-05-24,1,750,750,Performed legal research
TE02945,M0007,A035,2025-07-11,5.5,625,3437.5,Reviewed case documents and prepared analysis
TE02946,M0012,A031,2026-06-05,0.5,650,325,Prepared matter status update
TE02947,M0003,A022,2024-05-17,0.5,675,337.5,Drafted correspondence and legal memorandum
TE02948,M0041,A013,2025-12-31,6,700,4200,Drafted correspondence and legal memorandum
TE02949,M0101,A029,2026-02-04,4.5,600,2700,Prepared matter status update
TE02950,M0066,A005,2025-06-16,2.5,625,1562.5,Reviewed case documents and prepared analysis
TE02951,M0120,A011,2026-03-19,5,525,2625,Reviewed case documents and prepared analysis
TE02952,M0011,A025,2025-07-22,5.5,750,4125,Analyzed regulatory and compliance requirements
TE02953,M0090,A010,2024-04-29,8,750,6000,Drafted correspondence and legal memorandum
TE02954,M0001,A004,2025-12-14,3,725,2175,Conducted client strategy conference
TE02955,M0097,A027,2023-08-30,0.5,400,200,Conducted client strategy conference
TE02956,M0117,A004,2023-11-01,4,725,2900,Drafted correspondence and legal memorandum
TE02957,M0114,A004,2025-08-21,3.5,725,2537.5,Prepared matter status update
TE02958,M0148,A004,2024-12-27,6,725,4350,Reviewed case documents and prepared analysis
TE02959,M0144,A005,2024-10-07,4.5,625,2812.5,Prepared matter status update
TE02960,M0141,A007,2026-07-22,1.5,675,1012.5,Performed legal research
TE02961,M0055,A022,2026-02-19,7,675,4725,Prepared for witness interview
TE02962,M0007,A013,2025-06-20,4,700,2800,Coordinated matter planning with client team
TE02963,M0150,A016,2025-06-05,4.5,650,2925,Reviewed discovery materials
TE02964,M0069,A037,2026-03-27,2.5,675,1687.5,Prepared for witness interview
TE02965,M0096,A006,2026-06-05,5,375,1875,Conducted client strategy conference
TE02966,M0125,A011,2026-07-12,2.5,525,1312.5,Coordinated matter planning with client team
TE02967,M0102,A016,2025-09-27,4.5,650,2925,Performed legal research
TE02968,M0079,A024,2026-01-03,2.5,450,1125,Reviewed case documents and prepared analysis
TE02969,M0044,A030,2026-04-01,3,475,1425,Reviewed discovery materials
TE02970,M0010,A015,2023-08-05,1.5,475,712.5,Conducted client strategy conference
TE02971,M0029,A016,2025-02-18,7,650,4550,Performed legal research
TE02972,M0078,A034,2024-03-19,6.5,725,4712.5,Prepared for witness interview
TE02973,M0005,A024,2024-08-02,2,450,900,Analyzed regulatory and compliance requirements
TE02974,M0039,A024,2024-04-15,6.5,450,2925,Reviewed billing and budget status
TE02975,M0088,A016,2024-02-07,3,650,1950,Prepared for witness interview
TE02976,M0145,A016,2026-02-02,4.5,650,2925,Drafted correspondence and legal memorandum
TE02977,M0003,A034,2023-07-23,6,725,4350,Reviewed discovery materials
TE02978,M0121,A002,2024-10-03,7.5,550,4125,Conducted client strategy conference
TE02979,M0066,A003,2024-10-10,5,425,2125,Drafted correspondence and legal memorandum
TE02980,M0119,A003,2024-04-14,1,425,425,Prepared matter status update
TE02981,M0082,A003,2026-07-09,4.5,425,1912.5,Prepared for witness interview
TE02982,M0093,A008,2024-08-24,5.5,575,3162.5,Performed legal research
TE02983,M0001,A034,2026-03-08,3,725,2175,Conducted client strategy conference
TE02984,M0135,A032,2025-11-13,3.5,550,1925,Prepared for witness interview
TE02985,M0058,A033,2024-02-26,3,425,1275,Reviewed billing and budget status
TE02986,M0044,A005,2025-08-03,2,625,1250,Performed legal research
TE02987,M0145,A009,2026-03-04,1.5,450,675,Drafted correspondence and legal memorandum
TE02988,M0138,A021,2023-12-10,4,375,1500,Reviewed billing and budget status
TE02989,M0084,A029,2025-05-22,8,600,4800,Analyzed regulatory and compliance requirements
TE02990,M0138,A020,2023-10-13,1,625,625,Prepared for witness interview
TE02991,M0033,A002,2026-05-28,5,550,2750,Coordinated matter planning with client team
TE02992,M0118,A013,2026-02-09,3.5,700,2450,Reviewed case documents and prepared analysis
TE02993,M0029,A014,2025-05-29,5,600,3000,Reviewed billing and budget status
TE02994,M0129,A026,2023-10-11,6,525,3150,Reviewed case documents and prepared analysis
TE02995,M0116,A025,2025-10-18,4,750,3000,Reviewed billing and budget status
TE02996,M0132,A002,2025-09-30,3.5,550,1925,Reviewed case documents and prepared analysis
TE02997,M0063,A012,2025-04-29,4.5,400,1800,Drafted correspondence and legal memorandum
TE02998,M0001,A008,2025-11-05,5,575,2875,Reviewed billing and budget status
TE02999,M0090,A022,2024-09-13,1,675,675,Prepared for witness interview
TE03000,M0130,A016,2024-08-18,6.5,650,4225,Performed legal research
TE03001,M0060,A037,2026-03-05,4.5,675,3037.5,Analyzed regulatory and compliance requirements
TE03002,M0011,A007,2025-11-27,6.5,675,4387.5,Reviewed case documents and prepared analysis
TE03003,M0083,A021,2025-11-17,3,375,1125,Drafted correspondence and legal memorandum
TE03004,M0077,A029,2023-06-04,6,600,3600,Prepared for witness interview
TE03005,M0060,A029,2024-10-03,2.5,600,1500,Coordinated matter planning with client team
TE03006,M0126,A020,2025-07-10,6.5,625,4062.5,Reviewed discovery materials
TE03007,M0112,A011,2023-09-22,8,525,4200,Analyzed regulatory and compliance requirements
TE03008,M0134,A021,2026-06-04,5.5,375,2062.5,Prepared matter status update
TE03009,M0123,A037,2025-12-24,4.5,675,3037.5,Performed legal research
TE03010,M0023,A015,2025-08-29,0.5,475,237.5,Reviewed billing and budget status
TE03011,M0029,A002,2025-02-18,7.5,550,4125,Reviewed discovery materials
TE03012,M0045,A021,2026-05-31,6,375,2250,Coordinated matter planning with client team
TE03013,M0041,A010,2026-05-27,6.5,750,4875,Prepared for witness interview
TE03014,M0019,A034,2026-07-08,2,725,1450,Analyzed regulatory and compliance requirements
TE03015,M0122,A030,2024-10-06,4.5,475,2137.5,Analyzed regulatory and compliance requirements
TE03016,M0039,A014,2024-07-25,3,600,1800,Coordinated matter planning with client team
TE03017,M0087,A007,2026-06-29,7,675,4725,Reviewed discovery materials
TE03018,M0106,A016,2026-07-29,8,650,5200,Analyzed regulatory and compliance requirements
TE03019,M0075,A027,2025-04-02,1.5,400,600,Performed legal research
TE03020,M0016,A034,2025-03-11,4.5,725,3262.5,Drafted correspondence and legal memorandum
TE03021,M0061,A036,2025-02-15,3.5,375,1312.5,Conducted client strategy conference
TE03022,M0113,A020,2025-05-06,5.5,625,3437.5,Reviewed discovery materials
TE03023,M0112,A024,2024-08-04,4.5,450,2025,Conducted client strategy conference
TE03024,M0141,A030,2026-04-15,3,475,1425,Conducted client strategy conference
TE03025,M0129,A035,2023-05-06,1.5,625,937.5,Coordinated matter planning with client team
TE03026,M0048,A028,2026-01-08,3,700,2100,Analyzed regulatory and compliance requirements
TE03027,M0016,A021,2023-04-15,6.5,375,2437.5,Conducted client strategy conference
TE03028,M0097,A025,2023-09-11,3.5,750,2625,Coordinated matter planning with client team
TE03029,M0144,A015,2024-10-08,1.5,475,712.5,Prepared for witness interview
TE03030,M0025,A005,2024-09-11,0.5,625,312.5,Reviewed billing and budget status
TE03031,M0133,A018,2025-10-10,0.5,425,212.5,Reviewed case documents and prepared analysis
TE03032,M0042,A011,2025-09-15,2,525,1050,Reviewed billing and budget status
TE03033,M0035,A005,2024-08-25,6.5,625,4062.5,Reviewed discovery materials
TE03034,M0018,A026,2026-02-13,3,525,1575,Coordinated matter planning with client team
TE03035,M0016,A026,2025-06-05,3.5,525,1837.5,Prepared matter status update
TE03036,M0060,A018,2024-06-07,7.5,425,3187.5,Performed legal research
TE03037,M0052,A031,2025-10-03,8,650,5200,Reviewed billing and budget status
TE03038,M0025,A030,2026-07-15,7,475,3325,Prepared matter status update
TE03039,M0033,A006,2026-01-11,4,375,1500,Prepared matter status update
TE03040,M0091,A014,2024-03-14,7.5,600,4500,Conducted client strategy conference
TE03041,M0044,A032,2026-01-16,6,550,3300,Reviewed billing and budget status
TE03042,M0081,A001,2025-03-29,5,650,3250,Prepared for witness interview
TE03043,M0059,A004,2023-12-13,5.5,725,3987.5,Coordinated matter planning with client team
TE03044,M0088,A020,2024-02-26,7.5,625,4687.5,Prepared matter status update
TE03045,M0042,A029,2026-05-31,1.5,600,900,Prepared matter status update
TE03046,M0052,A034,2025-10-30,2,725,1450,Drafted correspondence and legal memorandum
TE03047,M0107,A026,2025-06-17,4.5,525,2362.5,Reviewed billing and budget status
TE03048,M0038,A005,2023-04-03,5,625,3125,Analyzed regulatory and compliance requirements
TE03049,M0083,A021,2025-05-11,4,375,1500,Drafted correspondence and legal memorandum
TE03050,M0015,A027,2026-01-11,3.5,400,1400,Reviewed case documents and prepared analysis
TE03051,M0005,A009,2023-04-10,3.5,450,1575,Conducted client strategy conference
TE03052,M0035,A016,2025-04-23,3,650,1950,Analyzed regulatory and compliance requirements
TE03053,M0039,A026,2024-05-14,2,525,1050,Reviewed discovery materials
TE03054,M0098,A035,2023-09-06,3.5,625,2187.5,Reviewed billing and budget status
TE03055,M0089,A010,2025-06-17,7,750,5250,Reviewed case documents and prepared analysis
TE03056,M0003,A012,2023-06-15,1,400,400,Analyzed regulatory and compliance requirements
TE03057,M0024,A035,2024-10-01,5,625,3125,Prepared matter status update
TE03058,M0146,A009,2025-03-04,4.5,450,2025,Reviewed discovery materials
TE03059,M0007,A005,2025-05-11,2.5,625,1562.5,Performed legal research
TE03060,M0067,A013,2023-06-11,4,700,2800,Drafted correspondence and legal memorandum
TE03061,M0130,A007,2025-07-04,0.5,675,337.5,Performed legal research
TE03062,M0090,A012,2024-03-19,4.5,400,1800,Reviewed discovery materials
TE03063,M0061,A028,2025-08-13,7,700,4900,Reviewed discovery materials
TE03064,M0118,A005,2026-06-01,7,625,4375,Drafted correspondence and legal memorandum
TE03065,M0132,A011,2025-04-24,2,525,1050,Coordinated matter planning with client team
TE03066,M0069,A008,2025-09-16,2.5,575,1437.5,Performed legal research
TE03067,M0107,A018,2025-03-20,5,425,2125,Drafted correspondence and legal memorandum
TE03068,M0061,A009,2025-08-10,5,450,2250,Reviewed billing and budget status
TE03069,M0037,A004,2026-01-06,7.5,725,5437.5,Conducted client strategy conference
TE03070,M0092,A003,2025-07-14,3.5,425,1487.5,Prepared for witness interview
TE03071,M0058,A018,2024-06-27,7,425,2975,Reviewed case documents and prepared analysis
TE03072,M0029,A008,2025-04-09,6,575,3450,Performed legal research
TE03073,M0064,A022,2026-04-27,3.5,675,2362.5,Performed legal research
TE03074,M0135,A027,2025-08-19,1,400,400,Reviewed billing and budget status
TE03075,M0054,A012,2025-10-04,1.5,400,600,Drafted correspondence and legal memorandum
TE03076,M0073,A028,2025-10-04,0.5,700,350,Reviewed billing and budget status
TE03077,M0088,A021,2024-04-30,5,375,1875,Reviewed discovery materials
TE03078,M0149,A034,2023-12-26,1.5,725,1087.5,Drafted correspondence and legal memorandum
TE03079,M0062,A020,2023-08-09,2.5,625,1562.5,Prepared matter status update
TE03080,M0138,A020,2024-01-15,4.5,625,2812.5,Prepared matter status update
TE03081,M0106,A036,2025-03-29,3.5,375,1312.5,Performed legal research
TE03082,M0118,A002,2026-05-19,4,550,2200,Performed legal research
TE03083,M0131,A020,2026-01-14,8,625,5000,Coordinated matter planning with client team
TE03084,M0142,A033,2025-06-03,8,425,3400,Analyzed regulatory and compliance requirements
TE03085,M0039,A010,2024-06-03,6,750,4500,Reviewed billing and budget status
TE03086,M0054,A015,2024-06-07,2.5,475,1187.5,Coordinated matter planning with client team
TE03087,M0024,A004,2024-09-05,4,725,2900,Reviewed discovery materials
TE03088,M0126,A019,2025-09-18,1.5,725,1087.5,Reviewed billing and budget status
TE03089,M0020,A018,2025-08-22,1,425,425,Prepared for witness interview
TE03090,M0064,A026,2026-07-09,3.5,525,1837.5,Conducted client strategy conference
TE03091,M0126,A005,2025-02-12,4.5,625,2812.5,Conducted client strategy conference
TE03092,M0107,A017,2025-06-12,6,550,3300,Performed legal research
TE03093,M0027,A026,2024-02-05,7,525,3675,Drafted correspondence and legal memorandum
TE03094,M0105,A025,2024-09-30,6.5,750,4875,Performed legal research
TE03095,M0142,A030,2024-06-22,1.5,475,712.5,Analyzed regulatory and compliance requirements
TE03096,M0134,A008,2024-01-25,7.5,575,4312.5,Performed legal research
TE03097,M0108,A009,2025-03-30,8,450,3600,Reviewed billing and budget status
TE03098,M0019,A002,2026-02-16,8,550,4400,Reviewed case documents and prepared analysis
TE03099,M0125,A006,2025-12-27,1.5,375,562.5,Reviewed case documents and prepared analysis
TE03100,M0046,A012,2026-01-10,1,400,400,Reviewed billing and budget status
TE03101,M0060,A008,2024-05-26,8,575,4600,Reviewed discovery materials
TE03102,M0084,A011,2025-02-19,6,525,3150,Coordinated matter planning with client team
TE03103,M0051,A020,2025-02-28,6.5,625,4062.5,Reviewed billing and budget status
TE03104,M0066,A008,2025-07-26,5,575,2875,Reviewed case documents and prepared analysis
TE03105,M0108,A014,2025-05-28,6,600,3600,Conducted client strategy conference
TE03106,M0064,A029,2025-05-27,8,600,4800,Reviewed case documents and prepared analysis
TE03107,M0113,A023,2026-04-27,2.5,575,1437.5,Performed legal research
TE03108,M0142,A010,2025-04-09,4.5,750,3375,Prepared matter status update
TE03109,M0130,A013,2025-03-15,4,700,2800,Reviewed discovery materials
TE03110,M0057,A033,2024-07-18,2,425,850,Reviewed billing and budget status
TE03111,M0093,A023,2024-02-19,1,575,575,Prepared for witness interview
TE03112,M0050,A018,2025-10-18,2.5,425,1062.5,Coordinated matter planning with client team
TE03113,M0022,A018,2024-01-22,8,425,3400,Prepared for witness interview
TE03114,M0141,A025,2026-07-26,6,750,4500,Reviewed discovery materials
TE03115,M0105,A033,2024-05-14,5,425,2125,Prepared matter status update
TE03116,M0128,A037,2024-05-15,7,675,4725,Reviewed case documents and prepared analysis
TE03117,M0122,A018,2024-03-16,2,425,850,Analyzed regulatory and compliance requirements
TE03118,M0085,A007,2026-01-25,6.5,675,4387.5,Reviewed billing and budget status
TE03119,M0043,A012,2025-05-17,1.5,400,600,Conducted client strategy conference
TE03120,M0150,A024,2026-06-05,2.5,450,1125,Prepared matter status update
TE03121,M0111,A033,2026-05-29,4,425,1700,Reviewed case documents and prepared analysis
TE03122,M0056,A013,2025-02-02,2,700,1400,Performed legal research
TE03123,M0001,A031,2025-02-15,8,650,5200,Performed legal research
TE03124,M0110,A029,2026-05-22,6,600,3600,Performed legal research
TE03125,M0005,A026,2025-01-24,1.5,525,787.5,Reviewed case documents and prepared analysis
TE03126,M0059,A028,2023-09-03,4,700,2800,Reviewed billing and budget status
TE03127,M0128,A006,2025-03-28,5.5,375,2062.5,Performed legal research
TE03128,M0075,A002,2025-11-28,2,550,1100,Prepared matter status update
TE03129,M0041,A007,2026-06-19,2,675,1350,Reviewed case documents and prepared analysis
TE03130,M0020,A031,2026-01-26,4.5,650,2925,Analyzed regulatory and compliance requirements
TE03131,M0145,A004,2025-09-18,8,725,5800,Conducted client strategy conference
TE03132,M0065,A037,2026-02-11,5,675,3375,Coordinated matter planning with client team
TE03133,M0143,A013,2025-10-07,1,700,700,Coordinated matter planning with client team
TE03134,M0111,A013,2026-04-12,7.5,700,5250,Drafted correspondence and legal memorandum
TE03135,M0007,A030,2025-03-14,0.5,475,237.5,Drafted correspondence and legal memorandum
TE03136,M0098,A036,2023-10-08,6,375,2250,Reviewed case documents and prepared analysis
TE03137,M0110,A037,2026-05-05,5.5,675,3712.5,Drafted correspondence and legal memorandum
TE03138,M0021,A018,2023-06-18,2,425,850,Analyzed regulatory and compliance requirements
TE03139,M0094,A034,2025-03-19,4.5,725,3262.5,Conducted client strategy conference
TE03140,M0039,A034,2024-03-08,5.5,725,3987.5,Coordinated matter planning with client team
TE03141,M0020,A007,2025-09-18,0.5,675,337.5,Reviewed case documents and prepared analysis
TE03142,M0106,A022,2025-05-31,3,675,2025,Prepared for witness interview
TE03143,M0092,A011,2024-12-17,7.5,525,3937.5,Prepared matter status update
TE03144,M0028,A027,2025-09-05,3.5,400,1400,Prepared matter status update
TE03145,M0115,A031,2026-04-30,4.5,650,2925,Analyzed regulatory and compliance requirements
TE03146,M0099,A007,2025-01-14,6.5,675,4387.5,Drafted correspondence and legal memorandum
TE03147,M0109,A011,2025-06-21,1,525,525,Prepared matter status update
TE03148,M0103,A008,2025-09-28,8,575,4600,Drafted correspondence and legal memorandum
TE03149,M0033,A035,2025-03-24,4,625,2500,Drafted correspondence and legal memorandum
TE03150,M0097,A009,2024-02-03,6.5,450,2925,Reviewed discovery materials
TE03151,M0082,A019,2024-12-08,1,725,725,Prepared matter status update
TE03152,M0116,A002,2024-09-23,2.5,550,1375,Reviewed discovery materials
TE03153,M0097,A032,2023-09-25,1,550,550,Drafted correspondence and legal memorandum
TE03154,M0012,A004,2025-03-17,6.5,725,4712.5,Prepared matter status update
TE03155,M0119,A008,2024-03-15,6.5,575,3737.5,Coordinated matter planning with client team
TE03156,M0081,A024,2025-06-15,1.5,450,675,Conducted client strategy conference
TE03157,M0141,A024,2025-12-16,1.5,450,675,Reviewed case documents and prepared analysis
TE03158,M0054,A030,2025-03-15,6.5,475,3087.5,Reviewed billing and budget status
TE03159,M0096,A017,2025-12-05,1.5,550,825,Performed legal research
TE03160,M0093,A016,2026-02-22,6,650,3900,Prepared matter status update
TE03161,M0122,A024,2023-08-02,4,450,1800,Prepared matter status update
TE03162,M0057,A004,2024-03-04,6,725,4350,Analyzed regulatory and compliance requirements
TE03163,M0066,A009,2025-11-16,5,450,2250,Performed legal research
TE03164,M0103,A026,2024-06-12,2.5,525,1312.5,Reviewed billing and budget status
TE03165,M0095,A018,2025-04-16,5,425,2125,Prepared matter status update
TE03166,M0041,A030,2026-02-17,1,475,475,Analyzed regulatory and compliance requirements
TE03167,M0122,A017,2026-03-28,4,550,2200,Reviewed billing and budget status
TE03168,M0106,A033,2025-08-19,3,425,1275,Reviewed discovery materials
TE03169,M0148,A023,2024-10-23,1.5,575,862.5,Analyzed regulatory and compliance requirements
TE03170,M0054,A023,2025-06-10,2,575,1150,Coordinated matter planning with client team
TE03171,M0050,A021,2025-02-28,6,375,2250,Performed legal research
TE03172,M0070,A027,2025-12-21,8,400,3200,Reviewed case documents and prepared analysis
TE03173,M0113,A012,2025-10-27,1,400,400,Prepared for witness interview
TE03174,M0042,A035,2025-07-19,4,625,2500,Coordinated matter planning with client team
TE03175,M0089,A035,2025-05-19,4,625,2500,Prepared matter status update
TE03176,M0136,A030,2025-12-14,3.5,475,1662.5,Analyzed regulatory and compliance requirements
TE03177,M0068,A001,2024-05-03,1,650,650,Coordinated matter planning with client team
TE03178,M0051,A006,2026-05-27,1.5,375,562.5,Coordinated matter planning with client team
TE03179,M0097,A025,2024-01-19,1.5,750,1125,Conducted client strategy conference
TE03180,M0086,A022,2025-05-04,6,675,4050,Coordinated matter planning with client team
TE03181,M0039,A022,2024-03-28,2.5,675,1687.5,Prepared for witness interview
TE03182,M0110,A006,2026-03-20,1,375,375,Analyzed regulatory and compliance requirements
TE03183,M0102,A036,2026-07-05,2.5,375,937.5,Reviewed discovery materials
TE03184,M0130,A005,2024-10-04,7,625,4375,Conducted client strategy conference
TE03185,M0063,A014,2026-06-12,6,600,3600,Analyzed regulatory and compliance requirements
TE03186,M0030,A031,2025-04-23,6.5,650,4225,Prepared for witness interview
TE03187,M0047,A027,2025-01-18,5,400,2000,Reviewed case documents and prepared analysis
TE03188,M0150,A002,2026-04-09,5,550,2750,Performed legal research
TE03189,M0021,A012,2024-07-05,7,400,2800,Drafted correspondence and legal memorandum
TE03190,M0133,A021,2024-03-19,1,375,375,Performed legal research
TE03191,M0016,A029,2025-03-29,2.5,600,1500,Analyzed regulatory and compliance requirements
TE03192,M0130,A001,2025-04-23,4.5,650,2925,Drafted correspondence and legal memorandum
TE03193,M0125,A022,2026-05-03,2.5,675,1687.5,Reviewed billing and budget status
TE03194,M0083,A021,2024-04-22,4.5,375,1687.5,Reviewed billing and budget status
TE03195,M0147,A036,2023-06-15,2.5,375,937.5,Reviewed billing and budget status
TE03196,M0120,A037,2025-12-09,5.5,675,3712.5,Coordinated matter planning with client team
TE03197,M0137,A024,2024-12-18,2,450,900,Reviewed case documents and prepared analysis
TE03198,M0050,A019,2025-04-17,1.5,725,1087.5,Performed legal research
TE03199,M0040,A025,2025-09-27,7.5,750,5625,Conducted client strategy conference
TE03200,M0124,A015,2025-09-15,2.5,475,1187.5,Analyzed regulatory and compliance requirements
TE03201,M0027,A019,2024-03-20,2,725,1450,Performed legal research
TE03202,M0083,A034,2025-04-26,2,725,1450,Prepared matter status update
TE03203,M0138,A012,2023-09-30,2.5,400,1000,Reviewed case documents and prepared analysis
TE03204,M0035,A017,2024-09-08,2,550,1100,Coordinated matter planning with client team
TE03205,M0052,A033,2023-08-05,5.5,425,2337.5,Prepared matter status update
TE03206,M0082,A037,2024-06-24,3,675,2025,Prepared matter status update
TE03207,M0013,A009,2026-03-06,6,450,2700,Reviewed billing and budget status
TE03208,M0026,A036,2025-11-01,3,375,1125,Coordinated matter planning with client team
TE03209,M0072,A032,2024-06-02,3.5,550,1925,Reviewed case documents and prepared analysis
TE03210,M0139,A027,2023-10-20,4,400,1600,Reviewed case documents and prepared analysis
TE03211,M0018,A005,2025-05-04,3,625,1875,Analyzed regulatory and compliance requirements
TE03212,M0062,A012,2023-10-31,7,400,2800,Drafted correspondence and legal memorandum
TE03213,M0095,A016,2025-01-18,1.5,650,975,Reviewed case documents and prepared analysis
TE03214,M0051,A033,2024-11-17,3,425,1275,Prepared for witness interview
TE03215,M0028,A014,2025-07-16,6.5,600,3900,Conducted client strategy conference
TE03216,M0047,A017,2025-03-19,4.5,550,2475,Prepared for witness interview
TE03217,M0127,A001,2024-01-02,6.5,650,4225,Performed legal research
TE03218,M0116,A016,2026-04-14,5.5,650,3575,Prepared matter status update
TE03219,M0033,A012,2025-06-03,6,400,2400,Prepared for witness interview
TE03220,M0085,A010,2026-05-30,5,750,3750,Performed legal research
TE03221,M0023,A037,2025-10-22,3.5,675,2362.5,Reviewed discovery materials
TE03222,M0070,A022,2026-03-12,2.5,675,1687.5,Drafted correspondence and legal memorandum
TE03223,M0040,A020,2026-02-07,5.5,625,3437.5,Conducted client strategy conference
TE03224,M0027,A018,2024-02-07,6,425,2550,Reviewed discovery materials
TE03225,M0009,A019,2024-06-04,5,725,3625,Reviewed billing and budget status
TE03226,M0025,A025,2025-02-18,3.5,750,2625,Prepared matter status update
TE03227,M0020,A015,2026-05-14,5,475,2375,Performed legal research
TE03228,M0026,A029,2026-01-20,2,600,1200,Reviewed discovery materials
TE03229,M0105,A003,2026-03-16,4,425,1700,Prepared matter status update
TE03230,M0066,A007,2026-03-29,1,675,675,Reviewed case documents and prepared analysis
TE03231,M0106,A009,2026-06-04,7,450,3150,Performed legal research
TE03232,M0119,A006,2023-12-23,4,375,1500,Analyzed regulatory and compliance requirements
TE03233,M0127,A012,2023-04-03,5.5,400,2200,Reviewed billing and budget status
TE03234,M0087,A022,2025-12-29,0.5,675,337.5,Analyzed regulatory and compliance requirements
TE03235,M0121,A037,2026-06-12,5,675,3375,Prepared matter status update
TE03236,M0014,A005,2026-05-11,7.5,625,4687.5,Conducted client strategy conference
TE03237,M0005,A027,2023-05-10,2.5,400,1000,Prepared for witness interview
TE03238,M0076,A031,2024-07-01,4.5,650,2925,Analyzed regulatory and compliance requirements
TE03239,M0049,A021,2023-07-27,4.5,375,1687.5,Coordinated matter planning with client team
TE03240,M0037,A027,2025-12-12,1,400,400,Performed legal research
TE03241,M0065,A029,2025-12-08,3.5,600,2100,Conducted client strategy conference
TE03242,M0129,A009,2023-06-30,5.5,450,2475,Prepared matter status update
TE03243,M0132,A002,2026-04-02,8,550,4400,Prepared for witness interview
TE03244,M0050,A033,2024-12-11,1.5,425,637.5,Performed legal research
TE03245,M0092,A020,2023-12-09,7,625,4375,Reviewed discovery materials
TE03246,M0017,A020,2025-03-26,1.5,625,937.5,Prepared matter status update
TE03247,M0074,A015,2025-11-27,2.5,475,1187.5,Analyzed regulatory and compliance requirements
TE03248,M0044,A008,2025-08-26,3,575,1725,Conducted client strategy conference
TE03249,M0010,A018,2024-01-05,7.5,425,3187.5,Performed legal research
TE03250,M0095,A017,2023-08-07,7.5,550,4125,Reviewed billing and budget status
TE03251,M0112,A031,2024-04-12,8,650,5200,Prepared for witness interview
TE03252,M0089,A003,2025-05-31,4.5,425,1912.5,Drafted correspondence and legal memorandum
TE03253,M0134,A018,2026-04-06,7.5,425,3187.5,Reviewed case documents and prepared analysis
TE03254,M0118,A001,2026-04-13,8,650,5200,Reviewed billing and budget status
TE03255,M0077,A015,2023-08-01,2.5,475,1187.5,Reviewed discovery materials
TE03256,M0014,A010,2026-01-09,3.5,750,2625,Analyzed regulatory and compliance requirements
TE03257,M0027,A008,2024-05-27,1.5,575,862.5,Analyzed regulatory and compliance requirements
TE03258,M0132,A020,2025-12-04,5,625,3125,Drafted correspondence and legal memorandum
TE03259,M0085,A020,2026-04-15,4,625,2500,Reviewed case documents and prepared analysis
TE03260,M0009,A016,2023-09-26,6,650,3900,Reviewed discovery materials
TE03261,M0064,A020,2024-01-01,1,625,625,Coordinated matter planning with client team
TE03262,M0104,A010,2025-08-31,3,750,2250,Conducted client strategy conference
TE03263,M0144,A004,2026-02-07,5.5,725,3987.5,Reviewed billing and budget status
TE03264,M0115,A006,2026-04-27,6.5,375,2437.5,Drafted correspondence and legal memorandum
TE03265,M0037,A015,2025-12-20,2,475,950,Reviewed discovery materials
TE03266,M0003,A020,2024-08-25,5,625,3125,Drafted correspondence and legal memorandum
TE03267,M0005,A002,2025-03-05,7,550,3850,Drafted correspondence and legal memorandum
TE03268,M0070,A027,2026-05-10,1.5,400,600,Performed legal research
TE03269,M0019,A031,2026-05-01,7,650,4550,Coordinated matter planning with client team
TE03270,M0142,A029,2025-08-09,1,600,600,Coordinated matter planning with client team
TE03271,M0030,A008,2024-01-30,2,575,1150,Drafted correspondence and legal memorandum
TE03272,M0112,A037,2023-08-12,6,675,4050,Reviewed discovery materials
TE03273,M0042,A005,2026-04-14,6.5,625,4062.5,Performed legal research
TE03274,M0101,A032,2026-02-27,1,550,550,Prepared for witness interview
TE03275,M0047,A032,2025-03-13,6,550,3300,Reviewed billing and budget status
TE03276,M0086,A012,2024-08-14,8,400,3200,Prepared for witness interview
TE03277,M0014,A009,2026-01-01,7.5,450,3375,Drafted correspondence and legal memorandum
TE03278,M0017,A013,2025-11-15,1,700,700,Coordinated matter planning with client team
TE03279,M0112,A021,2026-02-01,7.5,375,2812.5,Reviewed case documents and prepared analysis
TE03280,M0097,A004,2024-03-14,2,725,1450,Performed legal research
TE03281,M0031,A018,2025-02-11,0.5,425,212.5,Drafted correspondence and legal memorandum
TE03282,M0003,A029,2024-12-05,4.5,600,2700,Prepared for witness interview
TE03283,M0060,A016,2025-05-08,2.5,650,1625,Prepared matter status update
TE03284,M0058,A024,2023-11-10,3,450,1350,Drafted correspondence and legal memorandum
TE03285,M0100,A017,2023-11-24,1,550,550,Analyzed regulatory and compliance requirements
TE03286,M0080,A030,2024-07-06,1.5,475,712.5,Reviewed billing and budget status
TE03287,M0109,A005,2025-12-07,3.5,625,2187.5,Reviewed case documents and prepared analysis
TE03288,M0134,A023,2024-05-18,1,575,575,Analyzed regulatory and compliance requirements
TE03289,M0136,A004,2025-12-21,0.5,725,362.5,Reviewed discovery materials
TE03290,M0138,A003,2023-10-24,1,425,425,Prepared matter status update
TE03291,M0007,A018,2025-06-16,3.5,425,1487.5,Analyzed regulatory and compliance requirements
TE03292,M0035,A037,2025-09-04,4.5,675,3037.5,Conducted client strategy conference
TE03293,M0131,A010,2025-10-29,0.5,750,375,Reviewed discovery materials
TE03294,M0143,A029,2025-09-14,3,600,1800,Analyzed regulatory and compliance requirements
TE03295,M0032,A007,2026-01-13,7,675,4725,Drafted correspondence and legal memorandum
TE03296,M0078,A027,2023-12-18,7,400,2800,Reviewed discovery materials
TE03297,M0088,A037,2024-01-14,8,675,5400,Analyzed regulatory and compliance requirements
TE03298,M0118,A034,2026-05-06,3,725,2175,Performed legal research
TE03299,M0108,A030,2025-02-18,4.5,475,2137.5,Reviewed billing and budget status
TE03300,M0023,A006,2026-05-30,5,375,1875,Prepared for witness interview
TE03301,M0063,A036,2026-03-23,4.5,375,1687.5,Analyzed regulatory and compliance requirements
TE03302,M0050,A024,2026-07-21,3.5,450,1575,Reviewed discovery materials
TE03303,M0148,A011,2024-12-16,5.5,525,2887.5,Reviewed case documents and prepared analysis
TE03304,M0048,A033,2026-02-10,3.5,425,1487.5,Prepared for witness interview
TE03305,M0049,A029,2023-07-25,7,600,4200,Reviewed discovery materials
TE03306,M0111,A011,2026-05-09,3,525,1575,Analyzed regulatory and compliance requirements
TE03307,M0139,A037,2023-10-07,1,675,675,Drafted correspondence and legal memorandum
TE03308,M0091,A034,2023-05-20,1.5,725,1087.5,Drafted correspondence and legal memorandum
TE03309,M0049,A030,2023-07-16,2,475,950,Reviewed case documents and prepared analysis
TE03310,M0031,A004,2026-07-24,6.5,725,4712.5,Reviewed billing and budget status
TE03311,M0014,A030,2026-01-30,8,475,3800,Performed legal research
TE03312,M0084,A024,2024-09-04,0.5,450,225,Prepared for witness interview
TE03313,M0103,A006,2024-02-21,7,375,2625,Performed legal research
TE03314,M0148,A019,2025-03-28,2.5,725,1812.5,Reviewed billing and budget status
TE03315,M0067,A024,2023-03-15,4.5,450,2025,Reviewed case documents and prepared analysis
TE03316,M0068,A017,2023-09-09,3.5,550,1925,Reviewed discovery materials
TE03317,M0085,A011,2026-06-10,3,525,1575,Conducted client strategy conference
TE03318,M0070,A006,2025-10-25,6.5,375,2437.5,Coordinated matter planning with client team
TE03319,M0030,A012,2024-12-03,2.5,400,1000,Analyzed regulatory and compliance requirements
TE03320,M0019,A001,2026-06-16,8,650,5200,Reviewed billing and budget status
TE03321,M0039,A011,2024-08-02,2,525,1050,Reviewed discovery materials
TE03322,M0136,A032,2026-04-12,5.5,550,3025,Coordinated matter planning with client team
TE03323,M0007,A035,2025-07-31,7,625,4375,Drafted correspondence and legal memorandum
TE03324,M0063,A011,2024-02-10,5,525,2625,Reviewed billing and budget status
TE03325,M0020,A017,2026-06-08,7,550,3850,Performed legal research
TE03326,M0115,A016,2025-07-25,3,650,1950,Analyzed regulatory and compliance requirements
TE03327,M0142,A021,2025-09-19,5,375,1875,Analyzed regulatory and compliance requirements
TE03328,M0074,A010,2026-06-21,7,750,5250,Prepared matter status update
TE03329,M0051,A036,2026-02-20,7.5,375,2812.5,Drafted correspondence and legal memorandum
TE03330,M0028,A002,2025-06-14,5.5,550,3025,Coordinated matter planning with client team
TE03331,M0096,A006,2026-07-03,4,375,1500,Performed legal research
TE03332,M0098,A023,2023-06-26,1,575,575,Prepared matter status update
TE03333,M0133,A033,2024-08-31,7.5,425,3187.5,Performed legal research
TE03334,M0054,A028,2025-08-09,3,700,2100,Conducted client strategy conference
TE03335,M0079,A027,2025-08-12,2.5,400,1000,Performed legal research
TE03336,M0140,A028,2025-03-10,1.5,700,1050,Prepared matter status update
TE03337,M0072,A003,2024-04-05,6,425,2550,Reviewed case documents and prepared analysis
TE03338,M0097,A003,2024-04-11,3,425,1275,Conducted client strategy conference
TE03339,M0093,A013,2024-11-10,3.5,700,2450,Reviewed billing and budget status
TE03340,M0009,A023,2024-04-04,3.5,575,2012.5,Conducted client strategy conference
TE03341,M0041,A036,2026-04-27,4,375,1500,Coordinated matter planning with client team
TE03342,M0096,A008,2026-01-01,8,575,4600,Prepared matter status update
TE03343,M0145,A026,2026-02-10,7,525,3675,Analyzed regulatory and compliance requirements
TE03344,M0091,A001,2023-05-24,4,650,2600,Prepared matter status update
TE03345,M0109,A004,2025-04-20,6,725,4350,Analyzed regulatory and compliance requirements
TE03346,M0064,A033,2025-04-19,0.5,425,212.5,Analyzed regulatory and compliance requirements
TE03347,M0014,A020,2025-05-12,4,625,2500,Reviewed case documents and prepared analysis
TE03348,M0101,A033,2026-01-28,5.5,425,2337.5,Reviewed case documents and prepared analysis
TE03349,M0017,A020,2024-12-17,3,625,1875,Conducted client strategy conference
TE03350,M0102,A031,2026-05-30,2,650,1300,Prepared matter status update
TE03351,M0138,A012,2023-12-22,1.5,400,600,Prepared for witness interview
TE03352,M0119,A019,2024-02-13,1,725,725,Reviewed case documents and prepared analysis
TE03353,M0103,A012,2024-06-10,3.5,400,1400,Reviewed case documents and prepared analysis
TE03354,M0036,A026,2025-09-19,6,525,3150,Drafted correspondence and legal memorandum
TE03355,M0059,A012,2023-05-21,5,400,2000,Performed legal research
TE03356,M0127,A033,2023-10-18,4,425,1700,Drafted correspondence and legal memorandum
TE03357,M0092,A011,2024-08-08,1,525,525,Performed legal research
TE03358,M0044,A013,2025-12-23,1,700,700,Reviewed discovery materials
TE03359,M0095,A036,2026-01-27,7.5,375,2812.5,Reviewed billing and budget status
TE03360,M0149,A011,2024-01-10,0.5,525,262.5,Reviewed billing and budget status
TE03361,M0107,A026,2025-05-03,0.5,525,262.5,Conducted client strategy conference
TE03362,M0060,A036,2026-01-16,6.5,375,2437.5,Prepared matter status update
TE03363,M0147,A005,2023-04-07,6.5,625,4062.5,Reviewed billing and budget status
TE03364,M0001,A010,2026-07-20,6,750,4500,Analyzed regulatory and compliance requirements
TE03365,M0071,A006,2025-12-20,5.5,375,2062.5,Performed legal research
TE03366,M0129,A014,2023-06-24,7,600,4200,Prepared for witness interview
TE03367,M0021,A032,2025-04-18,0.5,550,275,Conducted client strategy conference
TE03368,M0115,A026,2025-11-18,0.5,525,262.5,Drafted correspondence and legal memorandum
TE03369,M0115,A009,2025-09-27,3.5,450,1575,Prepared matter status update
TE03370,M0079,A031,2025-12-28,3.5,650,2275,Prepared matter status update
TE03371,M0087,A005,2026-05-27,6,625,3750,Reviewed case documents and prepared analysis
TE03372,M0086,A024,2026-03-19,1,450,450,Reviewed case documents and prepared analysis
TE03373,M0118,A030,2026-03-21,3.5,475,1662.5,Reviewed discovery materials
TE03374,M0095,A023,2024-06-25,7,575,4025,Reviewed discovery materials
TE03375,M0101,A012,2025-06-16,7.5,400,3000,Drafted correspondence and legal memorandum
TE03376,M0007,A003,2025-07-30,3,425,1275,Reviewed case documents and prepared analysis
TE03377,M0057,A034,2024-06-12,8,725,5800,Drafted correspondence and legal memorandum
TE03378,M0107,A037,2025-04-27,3.5,675,2362.5,Prepared for witness interview
TE03379,M0012,A019,2025-01-10,3,725,2175,Drafted correspondence and legal memorandum
TE03380,M0072,A023,2025-10-12,5.5,575,3162.5,Prepared for witness interview
TE03381,M0148,A003,2024-09-02,1.5,425,637.5,Prepared matter status update
TE03382,M0106,A014,2026-02-07,8,600,4800,Prepared matter status update
TE03383,M0094,A032,2025-02-07,6,550,3300,Drafted correspondence and legal memorandum
TE03384,M0146,A033,2025-08-20,0.5,425,212.5,Analyzed regulatory and compliance requirements
TE03385,M0056,A018,2024-11-24,1,425,425,Prepared matter status update
TE03386,M0028,A032,2025-07-26,3.5,550,1925,Prepared for witness interview
TE03387,M0056,A004,2024-11-30,3,725,2175,Prepared matter status update
TE03388,M0097,A023,2024-01-07,6,575,3450,Prepared for witness interview
TE03389,M0036,A011,2025-11-09,1,525,525,Prepared for witness interview
TE03390,M0148,A003,2025-01-22,3,425,1275,Reviewed billing and budget status
TE03391,M0065,A014,2026-07-08,1,600,600,Reviewed case documents and prepared analysis
TE03392,M0096,A018,2026-03-12,1,425,425,Prepared matter status update
TE03393,M0148,A006,2025-03-08,0.5,375,187.5,Reviewed billing and budget status
TE03394,M0003,A030,2025-05-24,7,475,3325,Prepared matter status update
TE03395,M0147,A014,2023-02-27,3,600,1800,Reviewed case documents and prepared analysis
TE03396,M0133,A021,2026-03-23,1,375,375,Prepared matter status update
TE03397,M0055,A028,2026-02-28,2.5,700,1750,Performed legal research
TE03398,M0143,A028,2025-12-05,4.5,700,3150,Conducted client strategy conference
TE03399,M0027,A029,2024-02-20,4,600,2400,Coordinated matter planning with client team
TE03400,M0010,A015,2024-11-07,2.5,475,1187.5,Analyzed regulatory and compliance requirements
TE03401,M0096,A037,2025-08-29,2,675,1350,Coordinated matter planning with client team
TE03402,M0130,A024,2026-03-02,1,450,450,Reviewed discovery materials
TE03403,M0057,A013,2024-11-28,5,700,3500,Performed legal research
TE03404,M0029,A036,2025-05-12,4,375,1500,Performed legal research
TE03405,M0027,A015,2024-04-23,7.5,475,3562.5,Prepared for witness interview
TE03406,M0063,A024,2025-06-02,4.5,450,2025,Drafted correspondence and legal memorandum
TE03407,M0117,A007,2023-06-30,1.5,675,1012.5,Reviewed case documents and prepared analysis
TE03408,M0125,A037,2025-05-24,7,675,4725,Performed legal research
TE03409,M0035,A037,2024-05-10,1.5,675,1012.5,Analyzed regulatory and compliance requirements
TE03410,M0058,A025,2023-12-09,3,750,2250,Reviewed discovery materials
TE03411,M0145,A012,2026-04-24,0.5,400,200,Drafted correspondence and legal memorandum
TE03412,M0064,A023,2026-06-17,8,575,4600,Coordinated matter planning with client team
TE03413,M0076,A034,2023-07-16,3.5,725,2537.5,Coordinated matter planning with client team
TE03414,M0041,A015,2026-06-13,4.5,475,2137.5,Prepared for witness interview
TE03415,M0087,A016,2026-04-03,6.5,650,4225,Reviewed billing and budget status
TE03416,M0119,A026,2023-12-28,6.5,525,3412.5,Coordinated matter planning with client team
TE03417,M0087,A006,2026-03-23,4.5,375,1687.5,Coordinated matter planning with client team
TE03418,M0077,A001,2023-06-20,3,650,1950,Coordinated matter planning with client team
TE03419,M0031,A033,2024-02-03,3,425,1275,Analyzed regulatory and compliance requirements
TE03420,M0053,A005,2026-07-02,6.5,625,4062.5,Reviewed billing and budget status
TE03421,M0132,A034,2025-09-22,0.5,725,362.5,Prepared for witness interview
TE03422,M0146,A022,2024-10-13,5,675,3375,Performed legal research
TE03423,M0044,A032,2025-09-24,3,550,1650,Reviewed billing and budget status
TE03424,M0096,A005,2025-09-06,1.5,625,937.5,Drafted correspondence and legal memorandum
TE03425,M0034,A018,2026-03-14,7.5,425,3187.5,Prepared for witness interview
TE03426,M0135,A002,2026-07-22,1,550,550,Reviewed case documents and prepared analysis
TE03427,M0057,A023,2024-08-27,2,575,1150,Conducted client strategy conference
TE03428,M0012,A028,2025-06-12,1.5,700,1050,Conducted client strategy conference
TE03429,M0033,A026,2026-03-28,5.5,525,2887.5,Conducted client strategy conference
TE03430,M0025,A026,2026-05-29,1.5,525,787.5,Prepared for witness interview
TE03431,M0095,A023,2023-12-15,4,575,2300,Analyzed regulatory and compliance requirements
TE03432,M0145,A022,2025-12-25,7,675,4725,Reviewed discovery materials
TE03433,M0020,A004,2026-02-24,0.5,725,362.5,Reviewed discovery materials
TE03434,M0142,A024,2024-09-15,2.5,450,1125,Performed legal research
TE03435,M0136,A033,2025-12-17,0.5,425,212.5,Prepared matter status update
TE03436,M0101,A011,2026-01-20,3,525,1575,Prepared for witness interview
TE03437,M0077,A008,2023-06-14,4,575,2300,Conducted client strategy conference
TE03438,M0050,A024,2025-08-19,5.5,450,2475,Reviewed discovery materials
TE03439,M0098,A030,2023-11-03,4.5,475,2137.5,Conducted client strategy conference
TE03440,M0064,A021,2026-04-01,5,375,1875,Coordinated matter planning with client team
TE03441,M0083,A015,2024-09-30,1,475,475,Coordinated matter planning with client team
TE03442,M0011,A001,2026-02-25,0.5,650,325,Drafted correspondence and legal memorandum
TE03443,M0024,A025,2024-02-13,2,750,1500,Reviewed discovery materials
TE03444,M0097,A006,2023-08-11,5,375,1875,Coordinated matter planning with client team
TE03445,M0001,A007,2026-03-24,6,675,4050,Coordinated matter planning with client team
TE03446,M0138,A017,2023-10-06,3.5,550,1925,Prepared for witness interview
TE03447,M0086,A027,2025-06-12,4,400,1600,Coordinated matter planning with client team
TE03448,M0129,A015,2023-02-05,7.5,475,3562.5,Analyzed regulatory and compliance requirements
TE03449,M0001,A029,2026-07-12,6,600,3600,Performed legal research
TE03450,M0108,A019,2025-02-26,8,725,5800,Analyzed regulatory and compliance requirements
TE03451,M0043,A004,2023-03-06,0.5,725,362.5,Reviewed discovery materials
TE03452,M0146,A035,2025-03-15,2.5,625,1562.5,Coordinated matter planning with client team
TE03453,M0119,A006,2024-03-19,1.5,375,562.5,Reviewed billing and budget status
TE03454,M0073,A013,2023-08-12,6,700,4200,Performed legal research
TE03455,M0017,A015,2026-03-05,7,475,3325,Prepared matter status update
TE03456,M0027,A031,2024-05-20,6,650,3900,Analyzed regulatory and compliance requirements
TE03457,M0104,A031,2026-04-26,2,650,1300,Analyzed regulatory and compliance requirements
TE03458,M0050,A022,2025-11-11,6,675,4050,Coordinated matter planning with client team
TE03459,M0117,A035,2023-11-08,2,625,1250,Reviewed billing and budget status
TE03460,M0111,A021,2026-01-19,3.5,375,1312.5,Performed legal research
TE03461,M0122,A009,2023-11-16,3.5,450,1575,Reviewed billing and budget status
TE03462,M0138,A023,2024-02-08,6.5,575,3737.5,Reviewed case documents and prepared analysis
TE03463,M0061,A031,2023-06-01,0.5,650,325,Reviewed billing and budget status
TE03464,M0069,A003,2026-01-23,3,425,1275,Prepared matter status update
TE03465,M0007,A020,2025-09-15,6.5,625,4062.5,Prepared for witness interview
TE03466,M0053,A021,2026-04-06,5,375,1875,Coordinated matter planning with client team
TE03467,M0090,A023,2025-08-25,2.5,575,1437.5,Coordinated matter planning with client team
TE03468,M0120,A016,2026-01-21,6.5,650,4225,Reviewed case documents and prepared analysis
TE03469,M0147,A022,2023-05-16,3.5,675,2362.5,Performed legal research
TE03470,M0128,A034,2024-03-29,3.5,725,2537.5,Prepared matter status update
TE03471,M0037,A024,2026-02-28,3,450,1350,Drafted correspondence and legal memorandum
TE03472,M0132,A030,2025-06-21,1.5,475,712.5,Reviewed case documents and prepared analysis
TE03473,M0147,A027,2023-03-22,8,400,3200,Reviewed case documents and prepared analysis
TE03474,M0045,A031,2025-08-07,0.5,650,325,Prepared for witness interview
TE03475,M0012,A017,2025-12-24,1,550,550,Performed legal research
TE03476,M0075,A006,2026-05-04,3.5,375,1312.5,Reviewed discovery materials
TE03477,M0123,A025,2026-03-16,3.5,750,2625,Reviewed case documents and prepared analysis
TE03478,M0116,A026,2024-12-16,0.5,525,262.5,Analyzed regulatory and compliance requirements
TE03479,M0051,A033,2025-02-24,8,425,3400,Reviewed discovery materials
TE03480,M0107,A009,2025-05-15,4.5,450,2025,Reviewed discovery materials
TE03481,M0011,A034,2026-06-09,3,725,2175,Conducted client strategy conference
TE03482,M0003,A002,2024-09-17,6.5,550,3575,Coordinated matter planning with client team
TE03483,M0033,A005,2025-03-18,2.5,625,1562.5,Drafted correspondence and legal memorandum
TE03484,M0115,A030,2026-07-19,7.5,475,3562.5,Analyzed regulatory and compliance requirements
TE03485,M0029,A007,2025-05-24,5,675,3375,Performed legal research
TE03486,M0056,A030,2026-01-13,6,475,2850,Reviewed billing and budget status
TE03487,M0150,A026,2025-07-02,2,525,1050,Drafted correspondence and legal memorandum
TE03488,M0025,A018,2025-10-07,2.5,425,1062.5,Drafted correspondence and legal memorandum
TE03489,M0021,A030,2024-07-06,4.5,475,2137.5,Reviewed billing and budget status
TE03490,M0019,A030,2026-02-24,7,475,3325,Reviewed billing and budget status
TE03491,M0126,A006,2026-01-03,8,375,3000,Prepared matter status update
TE03492,M0055,A015,2025-05-03,5,475,2375,Reviewed billing and budget status
TE03493,M0003,A008,2026-07-09,1,575,575,Drafted correspondence and legal memorandum
TE03494,M0099,A017,2025-04-09,3,550,1650,Reviewed discovery materials
TE03495,M0113,A024,2026-03-26,4,450,1800,Prepared matter status update
TE03496,M0112,A033,2023-12-21,2,425,850,Coordinated matter planning with client team
TE03497,M0099,A001,2025-04-18,3.5,650,2275,Coordinated matter planning with client team
TE03498,M0108,A010,2025-04-02,4,750,3000,Performed legal research
TE03499,M0089,A002,2025-09-08,2.5,550,1375,Analyzed regulatory and compliance requirements
TE03500,M0109,A025,2025-04-23,0.5,750,375,Prepared for witness interview
TE03501,M0146,A016,2025-04-07,4.5,650,2925,Prepared matter status update
TE03502,M0100,A019,2026-07-03,4.5,725,3262.5,Conducted client strategy conference
TE03503,M0057,A029,2024-07-21,2,600,1200,Coordinated matter planning with client team
TE03504,M0036,A027,2026-07-02,3,400,1200,Coordinated matter planning with client team
TE03505,M0040,A023,2025-09-15,8,575,4600,Prepared for witness interview
TE03506,M0073,A034,2024-12-09,0.5,725,362.5,Analyzed regulatory and compliance requirements
TE03507,M0068,A034,2023-10-04,1.5,725,1087.5,Performed legal research
TE03508,M0018,A033,2025-11-25,7.5,425,3187.5,Conducted client strategy conference
TE03509,M0141,A011,2025-12-04,4.5,525,2362.5,Reviewed discovery materials
TE03510,M0071,A017,2026-07-26,0.5,550,275,Analyzed regulatory and compliance requirements
TE03511,M0133,A014,2025-07-15,1,600,600,Prepared matter status update
TE03512,M0058,A028,2024-01-09,2.5,700,1750,Prepared matter status update
TE03513,M0086,A010,2026-04-16,4.5,750,3375,Reviewed billing and budget status
TE03514,M0111,A031,2026-03-25,6,650,3900,Prepared matter status update
TE03515,M0081,A002,2026-07-26,3,550,1650,Prepared for witness interview
TE03516,M0037,A015,2026-03-09,7.5,475,3562.5,Prepared for witness interview
TE03517,M0055,A003,2026-03-13,5.5,425,2337.5,Analyzed regulatory and compliance requirements
TE03518,M0060,A019,2024-11-09,5.5,725,3987.5,Reviewed billing and budget status
TE03519,M0066,A015,2026-06-17,3,475,1425,Reviewed case documents and prepared analysis
TE03520,M0069,A007,2025-09-26,0.5,675,337.5,Drafted correspondence and legal memorandum
TE03521,M0109,A036,2025-09-28,2.5,375,937.5,Analyzed regulatory and compliance requirements
TE03522,M0005,A012,2023-07-27,1.5,400,600,Reviewed discovery materials
TE03523,M0063,A004,2024-07-13,3.5,725,2537.5,Reviewed discovery materials
TE03524,M0141,A001,2026-07-05,7.5,650,4875,Reviewed discovery materials
TE03525,M0093,A009,2026-06-07,5,450,2250,Reviewed discovery materials
TE03526,M0027,A022,2024-06-02,6,675,4050,Conducted client strategy conference
TE03527,M0060,A016,2026-02-19,4.5,650,2925,Performed legal research
TE03528,M0040,A036,2026-06-28,6,375,2250,Prepared matter status update
TE03529,M0117,A025,2023-09-17,4.5,750,3375,Conducted client strategy conference
TE03530,M0126,A032,2025-08-04,0.5,550,275,Coordinated matter planning with client team
TE03531,M0020,A020,2025-06-18,2,625,1250,Reviewed case documents and prepared analysis
TE03532,M0042,A025,2026-06-01,1,750,750,Prepared for witness interview
TE03533,M0135,A009,2025-05-17,0.5,450,225,Performed legal research
TE03534,M0052,A002,2024-03-25,2.5,550,1375,Conducted client strategy conference
TE03535,M0125,A025,2026-01-11,8,750,6000,Drafted correspondence and legal memorandum
TE03536,M0081,A021,2026-07-11,1,375,375,Analyzed regulatory and compliance requirements
TE03537,M0101,A029,2026-06-03,8,600,4800,Prepared for witness interview
TE03538,M0019,A029,2026-04-10,7,600,4200,Prepared for witness interview
TE03539,M0056,A001,2026-05-19,6,650,3900,Coordinated matter planning with client team
TE03540,M0035,A006,2024-03-14,1,375,375,Prepared matter status update
TE03541,M0019,A009,2026-01-24,4,450,1800,Reviewed billing and budget status
TE03542,M0150,A035,2025-08-09,0.5,625,312.5,Analyzed regulatory and compliance requirements
TE03543,M0079,A012,2025-10-30,3.5,400,1400,Reviewed case documents and prepared analysis
TE03544,M0039,A021,2024-03-06,1.5,375,562.5,Reviewed billing and budget status
TE03545,M0135,A037,2025-08-15,7,675,4725,Conducted client strategy conference
TE03546,M0105,A023,2024-07-18,6,575,3450,Reviewed billing and budget status
TE03547,M0044,A032,2025-10-29,4,550,2200,Prepared for witness interview
TE03548,M0042,A033,2025-09-28,2,425,850,Reviewed discovery materials
TE03549,M0129,A023,2023-02-12,1.5,575,862.5,Conducted client strategy conference
TE03550,M0039,A037,2024-07-30,7.5,675,5062.5,Analyzed regulatory and compliance requirements
TE03551,M0027,A027,2024-03-26,3.5,400,1400,Reviewed case documents and prepared analysis
TE03552,M0014,A011,2026-07-26,3.5,525,1837.5,Reviewed case documents and prepared analysis
TE03553,M0098,A034,2023-10-24,3.5,725,2537.5,Performed legal research
TE03554,M0067,A035,2023-06-14,1,625,625,Drafted correspondence and legal memorandum
TE03555,M0077,A028,2024-01-19,0.5,700,350,Analyzed regulatory and compliance requirements
TE03556,M0133,A012,2024-01-18,1.5,400,600,Prepared for witness interview
TE03557,M0026,A016,2024-09-14,6.5,650,4225,Prepared for witness interview
TE03558,M0028,A015,2025-05-13,6.5,475,3087.5,Reviewed discovery materials
TE03559,M0079,A020,2025-11-11,0.5,625,312.5,Prepared for witness interview
TE03560,M0121,A033,2026-03-05,6.5,425,2762.5,Reviewed billing and budget status
TE03561,M0088,A030,2024-05-01,7,475,3325,Conducted client strategy conference
TE03562,M0030,A003,2025-09-23,0.5,425,212.5,Analyzed regulatory and compliance requirements
TE03563,M0025,A012,2024-08-11,5.5,400,2200,Conducted client strategy conference
TE03564,M0106,A028,2024-05-12,5.5,700,3850,Reviewed discovery materials
TE03565,M0065,A015,2025-11-26,1.5,475,712.5,Performed legal research
TE03566,M0104,A004,2026-04-15,3,725,2175,Performed legal research
TE03567,M0089,A036,2025-07-17,8,375,3000,Drafted correspondence and legal memorandum
TE03568,M0063,A033,2025-11-26,2,425,850,Analyzed regulatory and compliance requirements
TE03569,M0130,A006,2024-09-02,8,375,3000,Analyzed regulatory and compliance requirements
TE03570,M0081,A004,2025-08-04,4,725,2900,Analyzed regulatory and compliance requirements
TE03571,M0042,A033,2025-08-21,7,425,2975,Prepared for witness interview
TE03572,M0037,A030,2026-03-12,6,475,2850,Prepared matter status update
TE03573,M0082,A005,2024-09-10,7,625,4375,Prepared for witness interview
TE03574,M0007,A031,2025-07-23,7.5,650,4875,Performed legal research
TE03575,M0054,A020,2025-09-12,6.5,625,4062.5,Performed legal research
TE03576,M0039,A027,2024-06-30,1,400,400,Coordinated matter planning with client team
TE03577,M0013,A017,2026-03-03,8,550,4400,Conducted client strategy conference
TE03578,M0127,A016,2023-07-09,1,650,650,Analyzed regulatory and compliance requirements
TE03579,M0064,A021,2026-04-25,5,375,1875,Prepared matter status update
TE03580,M0091,A029,2025-08-02,3,600,1800,Prepared for witness interview
TE03581,M0115,A010,2026-04-07,2.5,750,1875,Reviewed discovery materials
TE03582,M0021,A028,2023-09-11,5,700,3500,Analyzed regulatory and compliance requirements
TE03583,M0034,A013,2026-04-24,4.5,700,3150,Coordinated matter planning with client team
TE03584,M0063,A024,2023-11-20,5.5,450,2475,Reviewed case documents and prepared analysis
TE03585,M0095,A005,2023-08-02,5.5,625,3437.5,Prepared matter status update
TE03586,M0115,A023,2026-03-16,1,575,575,Coordinated matter planning with client team
TE03587,M0047,A033,2025-04-06,3,425,1275,Analyzed regulatory and compliance requirements
TE03588,M0012,A002,2024-12-11,2,550,1100,Analyzed regulatory and compliance requirements
TE03589,M0114,A021,2024-10-16,2.5,375,937.5,Coordinated matter planning with client team
TE03590,M0028,A012,2025-07-19,8,400,3200,Drafted correspondence and legal memorandum
TE03591,M0043,A029,2026-03-17,6.5,600,3900,Reviewed billing and budget status
TE03592,M0119,A006,2024-01-03,1.5,375,562.5,Analyzed regulatory and compliance requirements
TE03593,M0075,A018,2024-10-11,6.5,425,2762.5,Coordinated matter planning with client team
TE03594,M0005,A024,2025-04-30,1,450,450,Analyzed regulatory and compliance requirements
TE03595,M0108,A012,2025-05-02,1.5,400,600,Conducted client strategy conference
TE03596,M0141,A009,2026-06-15,1,450,450,Reviewed discovery materials
TE03597,M0021,A037,2025-08-16,1,675,675,Prepared matter status update
TE03598,M0063,A031,2026-07-16,3.5,650,2275,Reviewed discovery materials
TE03599,M0005,A006,2023-10-18,2.5,375,937.5,Analyzed regulatory and compliance requirements
TE03600,M0099,A014,2024-12-25,2.5,600,1500,Reviewed discovery materials
TE03601,M0029,A009,2025-05-11,1.5,450,675,Prepared matter status update
TE03602,M0120,A037,2026-02-09,3,675,2025,Conducted client strategy conference
TE03603,M0139,A023,2023-07-27,5.5,575,3162.5,Drafted correspondence and legal memorandum
TE03604,M0032,A005,2025-11-19,7.5,625,4687.5,Coordinated matter planning with client team
TE03605,M0009,A025,2024-07-31,3,750,2250,Reviewed case documents and prepared analysis
TE03606,M0142,A006,2025-02-21,7.5,375,2812.5,Prepared for witness interview
TE03607,M0092,A030,2026-06-12,4.5,475,2137.5,Prepared matter status update
TE03608,M0146,A009,2026-06-28,5.5,450,2475,Prepared for witness interview
TE03609,M0049,A006,2023-06-29,4,375,1500,Performed legal research
TE03610,M0074,A025,2026-07-23,3.5,750,2625,Reviewed discovery materials
TE03611,M0089,A031,2025-06-18,4,650,2600,Conducted client strategy conference
TE03612,M0016,A023,2025-04-24,8,575,4600,Conducted client strategy conference
TE03613,M0099,A025,2025-03-31,1,750,750,Drafted correspondence and legal memorandum
TE03614,M0015,A035,2026-07-08,2.5,625,1562.5,Reviewed billing and budget status
TE03615,M0136,A032,2026-07-22,7.5,550,4125,Drafted correspondence and legal memorandum
TE03616,M0078,A029,2024-01-08,0.5,600,300,Reviewed case documents and prepared analysis
TE03617,M0127,A007,2024-01-14,2.5,675,1687.5,Coordinated matter planning with client team
TE03618,M0147,A031,2023-03-08,1,650,650,Performed legal research
TE03619,M0121,A004,2024-08-25,6.5,725,4712.5,Coordinated matter planning with client team
TE03620,M0088,A006,2023-06-14,7.5,375,2812.5,Prepared for witness interview
TE03621,M0145,A030,2026-07-03,5,475,2375,Drafted correspondence and legal memorandum
TE03622,M0123,A012,2026-07-05,6,400,2400,Reviewed discovery materials
TE03623,M0089,A006,2025-07-24,4.5,375,1687.5,Reviewed billing and budget status
TE03624,M0071,A029,2025-10-05,7.5,600,4500,Drafted correspondence and legal memorandum
TE03625,M0136,A029,2026-05-04,2.5,600,1500,Prepared for witness interview
TE03626,M0012,A012,2025-02-21,7,400,2800,Reviewed case documents and prepared analysis
TE03627,M0027,A036,2024-06-24,1,375,375,Prepared matter status update
TE03628,M0042,A001,2026-01-14,1,650,650,Reviewed discovery materials
TE03629,M0098,A034,2023-08-10,1.5,725,1087.5,Reviewed case documents and prepared analysis
TE03630,M0063,A008,2025-03-20,2,575,1150,Reviewed discovery materials
TE03631,M0053,A028,2026-04-26,0.5,700,350,Analyzed regulatory and compliance requirements
TE03632,M0141,A009,2026-04-05,0.5,450,225,Reviewed discovery materials
TE03633,M0064,A036,2024-03-30,7.5,375,2812.5,Analyzed regulatory and compliance requirements
TE03634,M0079,A007,2026-01-11,4.5,675,3037.5,Reviewed discovery materials
TE03635,M0075,A013,2024-01-12,5,700,3500,Drafted correspondence and legal memorandum
TE03636,M0104,A036,2026-05-02,4.5,375,1687.5,Drafted correspondence and legal memorandum
TE03637,M0109,A018,2025-06-15,3.5,425,1487.5,Drafted correspondence and legal memorandum
TE03638,M0051,A024,2024-09-01,0.5,450,225,Conducted client strategy conference
TE03639,M0062,A014,2024-06-25,7.5,600,4500,Coordinated matter planning with client team
TE03640,M0098,A003,2023-10-11,0.5,425,212.5,Reviewed case documents and prepared analysis
TE03641,M0066,A029,2024-11-24,2.5,600,1500,Reviewed discovery materials
TE03642,M0020,A035,2025-10-05,5,625,3125,Reviewed discovery materials
TE03643,M0148,A004,2025-03-22,5.5,725,3987.5,Coordinated matter planning with client team
TE03644,M0102,A033,2025-08-06,1,425,425,Drafted correspondence and legal memorandum
TE03645,M0047,A004,2025-01-26,2.5,725,1812.5,Reviewed billing and budget status
TE03646,M0079,A010,2026-06-02,2,750,1500,Drafted correspondence and legal memorandum
TE03647,M0045,A021,2026-03-13,2.5,375,937.5,Drafted correspondence and legal memorandum
TE03648,M0058,A028,2024-05-10,0.5,700,350,Prepared matter status update
TE03649,M0024,A002,2024-01-23,6.5,550,3575,Drafted correspondence and legal memorandum
TE03650,M0119,A013,2024-03-16,2,700,1400,Prepared for witness interview
TE03651,M0091,A003,2025-08-11,3.5,425,1487.5,Prepared for witness interview
TE03652,M0092,A020,2025-08-04,2,625,1250,Performed legal research
TE03653,M0031,A026,2025-04-17,2,525,1050,Prepared matter status update
TE03654,M0078,A012,2024-09-21,2,400,800,Prepared for witness interview
TE03655,M0071,A025,2026-01-21,3.5,750,2625,Drafted correspondence and legal memorandum
TE03656,M0009,A034,2023-10-20,6,725,4350,Analyzed regulatory and compliance requirements
TE03657,M0128,A023,2025-02-24,0.5,575,287.5,Analyzed regulatory and compliance requirements
TE03658,M0050,A027,2025-03-31,4,400,1600,Reviewed case documents and prepared analysis
TE03659,M0030,A037,2026-04-17,3.5,675,2362.5,Analyzed regulatory and compliance requirements
TE03660,M0097,A019,2023-12-12,5.5,725,3987.5,Prepared matter status update
TE03661,M0010,A020,2023-07-03,5.5,625,3437.5,Analyzed regulatory and compliance requirements
TE03662,M0080,A031,2024-09-25,0.5,650,325,Reviewed billing and budget status
TE03663,M0015,A012,2026-01-31,0.5,400,200,Drafted correspondence and legal memorandum
TE03664,M0037,A005,2026-01-29,4,625,2500,Analyzed regulatory and compliance requirements
TE03665,M0124,A004,2026-07-29,4.5,725,3262.5,Performed legal research
TE03666,M0067,A014,2023-04-20,3.5,600,2100,Reviewed discovery materials
TE03667,M0104,A013,2026-01-22,1,700,700,Prepared matter status update
TE03668,M0105,A008,2025-06-02,7.5,575,4312.5,Reviewed discovery materials
TE03669,M0115,A015,2025-11-20,6.5,475,3087.5,Analyzed regulatory and compliance requirements
TE03670,M0038,A036,2023-07-11,3,375,1125,Prepared for witness interview
TE03671,M0134,A012,2023-10-24,1.5,400,600,Coordinated matter planning with client team
TE03672,M0112,A025,2023-06-28,3.5,750,2625,Reviewed discovery materials
TE03673,M0117,A017,2023-02-22,3,550,1650,Prepared matter status update
TE03674,M0051,A030,2025-02-23,1,475,475,Conducted client strategy conference
TE03675,M0001,A016,2025-08-18,6,650,3900,Coordinated matter planning with client team
TE03676,M0012,A037,2025-05-05,1,675,675,Prepared for witness interview
TE03677,M0142,A017,2025-12-11,2.5,550,1375,Analyzed regulatory and compliance requirements
TE03678,M0112,A029,2025-09-14,7.5,600,4500,Reviewed discovery materials
TE03679,M0052,A020,2025-02-26,4,625,2500,Analyzed regulatory and compliance requirements
TE03680,M0025,A009,2024-12-22,6,450,2700,Analyzed regulatory and compliance requirements
TE03681,M0126,A018,2026-07-19,6.5,425,2762.5,Reviewed discovery materials
TE03682,M0019,A025,2025-12-24,4,750,3000,Conducted client strategy conference
TE03683,M0105,A004,2025-11-28,2.5,725,1812.5,Drafted correspondence and legal memorandum
TE03684,M0003,A034,2026-06-06,5.5,725,3987.5,Reviewed case documents and prepared analysis
TE03685,M0115,A019,2025-05-04,2.5,725,1812.5,Conducted client strategy conference
TE03686,M0019,A009,2026-03-12,4,450,1800,Performed legal research
TE03687,M0031,A035,2024-04-09,0.5,625,312.5,Reviewed discovery materials
TE03688,M0047,A015,2025-02-15,6,475,2850,Conducted client strategy conference
TE03689,M0041,A002,2025-10-14,1,550,550,Coordinated matter planning with client team
TE03690,M0034,A013,2026-04-17,6.5,700,4550,Analyzed regulatory and compliance requirements
TE03691,M0100,A034,2023-06-17,2,725,1450,Conducted client strategy conference
TE03692,M0053,A034,2026-03-20,1.5,725,1087.5,Conducted client strategy conference
TE03693,M0051,A020,2025-07-14,8,625,5000,Reviewed billing and budget status
TE03694,M0124,A017,2025-02-02,7.5,550,4125,Analyzed regulatory and compliance requirements
TE03695,M0073,A018,2025-06-15,6.5,425,2762.5,Drafted correspondence and legal memorandum
TE03696,M0123,A003,2025-11-29,6,425,2550,Performed legal research
TE03697,M0096,A010,2025-08-08,2.5,750,1875,Performed legal research
TE03698,M0092,A013,2024-04-13,5,700,3500,Performed legal research
TE03699,M0005,A020,2023-11-27,5.5,625,3437.5,Reviewed billing and budget status
TE03700,M0109,A029,2025-06-05,2,600,1200,Performed legal research
TE03701,M0073,A007,2023-07-22,7,675,4725,Drafted correspondence and legal memorandum
TE03702,M0036,A035,2024-12-19,2.5,625,1562.5,Conducted client strategy conference
TE03703,M0145,A009,2025-10-26,7.5,450,3375,Reviewed discovery materials
TE03704,M0094,A028,2025-02-02,1,700,700,Reviewed case documents and prepared analysis
TE03705,M0117,A035,2023-07-28,7,625,4375,Performed legal research
TE03706,M0081,A016,2025-05-18,4.5,650,2925,Drafted correspondence and legal memorandum
TE03707,M0041,A004,2025-09-23,4,725,2900,Prepared matter status update
TE03708,M0100,A018,2023-08-19,8,425,3400,Performed legal research
TE03709,M0075,A006,2024-01-06,2,375,750,Reviewed discovery materials
TE03710,M0080,A004,2024-12-30,1.5,725,1087.5,Prepared matter status update
TE03711,M0021,A004,2026-05-24,4,725,2900,Prepared matter status update
TE03712,M0132,A034,2025-05-20,8,725,5800,Prepared matter status update
TE03713,M0012,A030,2026-03-27,4.5,475,2137.5,Conducted client strategy conference
TE03714,M0041,A031,2025-10-10,6.5,650,4225,Reviewed billing and budget status
TE03715,M0106,A032,2024-12-17,5.5,550,3025,Conducted client strategy conference
TE03716,M0035,A037,2026-03-10,2,675,1350,Analyzed regulatory and compliance requirements
TE03717,M0136,A002,2026-05-24,2,550,1100,Reviewed discovery materials
TE03718,M0140,A014,2025-07-28,3.5,600,2100,Prepared matter status update
TE03719,M0050,A033,2025-04-07,8,425,3400,Reviewed billing and budget status
TE03720,M0039,A024,2024-08-15,3,450,1350,Performed legal research
TE03721,M0120,A003,2025-12-20,5.5,425,2337.5,Performed legal research
TE03722,M0078,A030,2024-05-12,3.5,475,1662.5,Prepared for witness interview
TE03723,M0058,A029,2024-05-01,6,600,3600,Prepared matter status update
TE03724,M0091,A010,2024-09-03,6,750,4500,Drafted correspondence and legal memorandum
TE03725,M0131,A033,2025-05-27,2.5,425,1062.5,Reviewed case documents and prepared analysis
TE03726,M0115,A006,2026-05-23,2.5,375,937.5,Performed legal research
TE03727,M0024,A035,2026-06-03,8,625,5000,Performed legal research
TE03728,M0130,A006,2025-06-08,6,375,2250,Drafted correspondence and legal memorandum
TE03729,M0025,A022,2024-11-01,5.5,675,3712.5,Conducted client strategy conference
TE03730,M0102,A020,2026-06-30,6,625,3750,Reviewed billing and budget status
TE03731,M0146,A015,2026-04-11,8,475,3800,Performed legal research
TE03732,M0106,A029,2026-04-29,6.5,600,3900,Drafted correspondence and legal memorandum
TE03733,M0050,A021,2025-12-24,1,375,375,Analyzed regulatory and compliance requirements
TE03734,M0070,A022,2026-03-09,5.5,675,3712.5,Prepared for witness interview
TE03735,M0140,A014,2024-12-05,5.5,600,3300,Coordinated matter planning with client team
TE03736,M0124,A034,2026-07-08,3.5,725,2537.5,Conducted client strategy conference
TE03737,M0031,A029,2025-08-07,2.5,600,1500,Coordinated matter planning with client team
TE03738,M0074,A004,2025-10-15,4,725,2900,Analyzed regulatory and compliance requirements
TE03739,M0050,A032,2024-11-25,8,550,4400,Coordinated matter planning with client team
TE03740,M0067,A011,2023-04-02,1,525,525,Performed legal research
TE03741,M0010,A013,2023-12-15,3,700,2100,Analyzed regulatory and compliance requirements
TE03742,M0034,A027,2026-06-22,7.5,400,3000,Prepared for witness interview
TE03743,M0013,A007,2025-09-30,6,675,4050,Prepared for witness interview
TE03744,M0149,A021,2024-09-17,4.5,375,1687.5,Conducted client strategy conference
TE03745,M0079,A033,2025-07-22,0.5,425,212.5,Reviewed billing and budget status
TE03746,M0114,A031,2025-08-07,5.5,650,3575,Conducted client strategy conference
TE03747,M0131,A021,2025-12-25,0.5,375,187.5,Analyzed regulatory and compliance requirements
TE03748,M0084,A019,2025-08-09,1,725,725,Reviewed case documents and prepared analysis
TE03749,M0120,A006,2026-01-19,4.5,375,1687.5,Coordinated matter planning with client team
TE03750,M0117,A030,2023-05-24,6.5,475,3087.5,Coordinated matter planning with client team
TE03751,M0121,A035,2025-02-13,6.5,625,4062.5,Prepared for witness interview
TE03752,M0052,A028,2025-04-10,5,700,3500,Reviewed discovery materials
TE03753,M0028,A018,2025-06-28,2,425,850,Prepared for witness interview
TE03754,M0140,A002,2025-06-18,7.5,550,4125,Prepared for witness interview
TE03755,M0079,A021,2026-05-05,6,375,2250,Drafted correspondence and legal memorandum
TE03756,M0147,A030,2023-06-06,5.5,475,2612.5,Reviewed discovery materials
TE03757,M0108,A006,2025-02-04,4,375,1500,Reviewed billing and budget status
TE03758,M0076,A032,2025-10-27,5,550,2750,Analyzed regulatory and compliance requirements
TE03759,M0013,A001,2025-04-07,5.5,650,3575,Conducted client strategy conference
TE03760,M0041,A016,2026-06-30,1,650,650,Drafted correspondence and legal memorandum
TE03761,M0079,A028,2025-12-26,1.5,700,1050,Conducted client strategy conference
TE03762,M0045,A023,2025-06-08,5,575,2875,Coordinated matter planning with client team
TE03763,M0132,A027,2026-03-24,1,400,400,Performed legal research
TE03764,M0069,A031,2025-10-06,3.5,650,2275,Reviewed discovery materials
TE03765,M0064,A013,2026-03-01,7,700,4900,Prepared matter status update
TE03766,M0015,A010,2026-06-20,6,750,4500,Reviewed discovery materials
TE03767,M0005,A030,2024-03-07,5,475,2375,Reviewed billing and budget status
TE03768,M0007,A029,2025-04-28,7,600,4200,Prepared for witness interview
TE03769,M0094,A014,2025-03-27,2.5,600,1500,Coordinated matter planning with client team
TE03770,M0133,A010,2025-07-29,6.5,750,4875,Reviewed discovery materials
TE03771,M0116,A009,2025-08-27,6.5,450,2925,Reviewed billing and budget status
TE03772,M0114,A006,2024-12-08,2,375,750,Prepared for witness interview
TE03773,M0150,A037,2025-07-07,4,675,2700,Prepared matter status update
TE03774,M0005,A026,2024-12-04,4,525,2100,Reviewed case documents and prepared analysis
TE03775,M0092,A017,2024-01-09,0.5,550,275,Reviewed case documents and prepared analysis
TE03776,M0044,A028,2025-10-31,2.5,700,1750,Reviewed discovery materials
TE03777,M0050,A004,2025-04-09,4.5,725,3262.5,Performed legal research
TE03778,M0095,A033,2024-04-13,3,425,1275,Reviewed discovery materials
TE03779,M0148,A017,2024-12-07,8,550,4400,Prepared matter status update
TE03780,M0007,A009,2025-02-20,8,450,3600,Reviewed billing and budget status
TE03781,M0121,A030,2025-06-15,1.5,475,712.5,Coordinated matter planning with client team
TE03782,M0127,A004,2023-12-07,2.5,725,1812.5,Drafted correspondence and legal memorandum
TE03783,M0060,A035,2024-06-26,3.5,625,2187.5,Reviewed case documents and prepared analysis
TE03784,M0097,A003,2023-12-16,7,425,2975,Reviewed case documents and prepared analysis
TE03785,M0088,A006,2023-11-05,1,375,375,Conducted client strategy conference
TE03786,M0136,A031,2026-01-01,2,650,1300,Prepared for witness interview
TE03787,M0011,A023,2026-02-16,6,575,3450,Prepared for witness interview
TE03788,M0003,A012,2026-01-27,7,400,2800,Prepared matter status update
TE03789,M0070,A019,2026-07-22,2.5,725,1812.5,Conducted client strategy conference
TE03790,M0007,A022,2025-07-28,0.5,675,337.5,Drafted correspondence and legal memorandum
TE03791,M0135,A012,2025-09-03,6.5,400,2600,Prepared for witness interview
TE03792,M0113,A015,2026-04-24,2.5,475,1187.5,Drafted correspondence and legal memorandum
TE03793,M0040,A016,2026-04-15,2.5,650,1625,Conducted client strategy conference
TE03794,M0037,A001,2026-02-10,4,650,2600,Performed legal research
TE03795,M0056,A011,2025-03-25,2.5,525,1312.5,Prepared for witness interview
TE03796,M0052,A034,2024-09-02,3,725,2175,Coordinated matter planning with client team
TE03797,M0021,A008,2026-06-23,0.5,575,287.5,Reviewed discovery materials
TE03798,M0048,A030,2026-02-25,2,475,950,Reviewed billing and budget status
TE03799,M0020,A002,2025-12-22,2,550,1100,Analyzed regulatory and compliance requirements
TE03800,M0014,A034,2025-10-11,6.5,725,4712.5,Prepared for witness interview
TE03801,M0118,A036,2026-05-27,2.5,375,937.5,Drafted correspondence and legal memorandum
TE03802,M0144,A007,2024-07-03,6.5,675,4387.5,Performed legal research
TE03803,M0022,A026,2025-02-19,5.5,525,2887.5,Reviewed case documents and prepared analysis
TE03804,M0100,A023,2023-09-11,1.5,575,862.5,Coordinated matter planning with client team
TE03805,M0007,A008,2025-03-12,2,575,1150,Reviewed discovery materials
TE03806,M0145,A034,2026-01-03,7,725,5075,Reviewed discovery materials
TE03807,M0119,A035,2024-02-18,1.5,625,937.5,Analyzed regulatory and compliance requirements
TE03808,M0095,A012,2026-01-12,7.5,400,3000,Reviewed case documents and prepared analysis
TE03809,M0131,A027,2025-04-25,0.5,400,200,Conducted client strategy conference
TE03810,M0145,A010,2026-07-06,0.5,750,375,Coordinated matter planning with client team
TE03811,M0005,A034,2025-03-14,2,725,1450,Coordinated matter planning with client team
TE03812,M0003,A029,2026-06-27,3.5,600,2100,Reviewed billing and budget status
TE03813,M0035,A032,2024-09-24,3,550,1650,Analyzed regulatory and compliance requirements
TE03814,M0080,A014,2024-04-03,1.5,600,900,Analyzed regulatory and compliance requirements
TE03815,M0058,A019,2024-04-16,7.5,725,5437.5,Conducted client strategy conference
TE03816,M0096,A008,2025-12-16,7.5,575,4312.5,Drafted correspondence and legal memorandum
TE03817,M0068,A033,2024-02-16,4,425,1700,Coordinated matter planning with client team
TE03818,M0061,A017,2024-01-06,3,550,1650,Prepared matter status update
TE03819,M0040,A020,2025-03-21,5.5,625,3437.5,Reviewed discovery materials
TE03820,M0073,A016,2026-03-05,1.5,650,975,Analyzed regulatory and compliance requirements
TE03821,M0031,A021,2025-08-01,4.5,375,1687.5,Reviewed case documents and prepared analysis
TE03822,M0032,A025,2025-10-07,6.5,750,4875,Drafted correspondence and legal memorandum
TE03823,M0050,A017,2025-04-04,3,550,1650,Reviewed case documents and prepared analysis
TE03824,M0094,A019,2026-07-26,4,725,2900,Reviewed case documents and prepared analysis
TE03825,M0148,A009,2024-12-16,3.5,450,1575,Conducted client strategy conference
TE03826,M0119,A037,2024-02-09,4,675,2700,Performed legal research
TE03827,M0038,A025,2023-08-10,5.5,750,4125,Reviewed billing and budget status
TE03828,M0047,A012,2025-03-24,7,400,2800,Prepared matter status update
TE03829,M0116,A013,2024-07-04,7.5,700,5250,Prepared for witness interview
TE03830,M0003,A014,2024-09-02,3.5,600,2100,Reviewed billing and budget status
TE03831,M0113,A013,2025-05-22,4,700,2800,Coordinated matter planning with client team
TE03832,M0084,A035,2025-09-12,7,625,4375,Reviewed case documents and prepared analysis
TE03833,M0049,A024,2023-05-24,4.5,450,2025,Performed legal research
TE03834,M0079,A036,2026-04-14,3,375,1125,Reviewed case documents and prepared analysis
TE03835,M0012,A021,2025-02-01,4.5,375,1687.5,Performed legal research
TE03836,M0080,A035,2026-05-06,5.5,625,3437.5,Prepared matter status update
TE03837,M0051,A026,2025-11-22,2,525,1050,Drafted correspondence and legal memorandum
TE03838,M0142,A032,2024-08-15,5,550,2750,Prepared for witness interview
TE03839,M0051,A010,2026-05-29,1,750,750,Drafted correspondence and legal memorandum
TE03840,M0077,A025,2023-06-01,1,750,750,Conducted client strategy conference
TE03841,M0023,A033,2024-07-27,3,425,1275,Drafted correspondence and legal memorandum
TE03842,M0013,A020,2025-07-02,5,625,3125,Drafted correspondence and legal memorandum
TE03843,M0118,A020,2026-05-10,7,625,4375,Reviewed discovery materials
TE03844,M0124,A032,2024-11-16,4.5,550,2475,Reviewed billing and budget status
TE03845,M0007,A032,2025-08-10,6,550,3300,Prepared matter status update
TE03846,M0027,A036,2024-04-19,8,375,3000,Coordinated matter planning with client team
TE03847,M0137,A010,2024-11-19,8,750,6000,Prepared matter status update
TE03848,M0026,A002,2025-06-28,6.5,550,3575,Drafted correspondence and legal memorandum
TE03849,M0061,A028,2024-01-21,5.5,700,3850,Drafted correspondence and legal memorandum
TE03850,M0138,A021,2023-10-14,1.5,375,562.5,Analyzed regulatory and compliance requirements
TE03851,M0081,A008,2025-06-14,7.5,575,4312.5,Reviewed discovery materials
TE03852,M0001,A036,2025-04-19,4.5,375,1687.5,Reviewed case documents and prepared analysis
TE03853,M0110,A013,2026-03-10,6,700,4200,Reviewed discovery materials
TE03854,M0042,A011,2025-08-02,8,525,4200,Drafted correspondence and legal memorandum
TE03855,M0145,A001,2026-04-16,1.5,650,975,Drafted correspondence and legal memorandum
TE03856,M0032,A021,2026-06-18,3.5,375,1312.5,Reviewed discovery materials
TE03857,M0023,A008,2025-03-08,5,575,2875,Prepared for witness interview
TE03858,M0056,A001,2025-11-04,6.5,650,4225,Conducted client strategy conference
TE03859,M0121,A027,2025-05-19,1,400,400,Coordinated matter planning with client team
TE03860,M0067,A011,2023-04-17,0.5,525,262.5,Coordinated matter planning with client team
TE03861,M0082,A030,2026-02-09,8,475,3800,Reviewed case documents and prepared analysis
TE03862,M0055,A030,2025-04-10,2.5,475,1187.5,Drafted correspondence and legal memorandum
TE03863,M0119,A016,2023-12-22,7.5,650,4875,Conducted client strategy conference
TE03864,M0132,A018,2025-08-17,3.5,425,1487.5,Reviewed case documents and prepared analysis
TE03865,M0003,A002,2025-04-01,5.5,550,3025,Analyzed regulatory and compliance requirements
TE03866,M0005,A010,2025-03-20,8,750,6000,Performed legal research
TE03867,M0139,A033,2023-06-12,1.5,425,637.5,Coordinated matter planning with client team
TE03868,M0017,A018,2025-09-09,6.5,425,2762.5,Drafted correspondence and legal memorandum
TE03869,M0052,A027,2025-06-04,8,400,3200,Conducted client strategy conference
TE03870,M0007,A035,2025-08-15,5,625,3125,Reviewed discovery materials
TE03871,M0118,A014,2026-02-07,4,600,2400,Reviewed case documents and prepared analysis
TE03872,M0039,A011,2024-03-19,7,525,3675,Reviewed discovery materials
TE03873,M0093,A006,2025-03-10,8,375,3000,Coordinated matter planning with client team
TE03874,M0074,A024,2026-05-28,3,450,1350,Drafted correspondence and legal memorandum
TE03875,M0080,A032,2024-01-18,8,550,4400,Reviewed case documents and prepared analysis
TE03876,M0064,A022,2025-05-17,4,675,2700,Reviewed billing and budget status
TE03877,M0022,A030,2024-09-08,5,475,2375,Reviewed discovery materials
TE03878,M0084,A036,2025-01-10,5.5,375,2062.5,Analyzed regulatory and compliance requirements
TE03879,M0060,A034,2026-02-25,2.5,725,1812.5,Coordinated matter planning with client team
TE03880,M0090,A022,2025-01-17,2,675,1350,Prepared for witness interview
TE03881,M0043,A004,2024-08-06,3.5,725,2537.5,Drafted correspondence and legal memorandum
TE03882,M0059,A028,2023-10-26,7.5,700,5250,Prepared for witness interview
TE03883,M0145,A016,2026-06-08,4,650,2600,Drafted correspondence and legal memorandum
TE03884,M0064,A007,2023-12-08,2.5,675,1687.5,Coordinated matter planning with client team
TE03885,M0024,A016,2025-08-19,1,650,650,Performed legal research
TE03886,M0038,A033,2023-10-31,0.5,425,212.5,Reviewed billing and budget status
TE03887,M0105,A029,2024-12-18,5.5,600,3300,Reviewed case documents and prepared analysis
TE03888,M0108,A023,2025-04-08,1,575,575,Prepared matter status update
TE03889,M0001,A030,2025-05-02,1.5,475,712.5,Reviewed billing and budget status
TE03890,M0060,A035,2026-07-19,5,625,3125,Prepared for witness interview
TE03891,M0130,A030,2026-05-27,7.5,475,3562.5,Performed legal research
TE03892,M0013,A019,2025-05-11,6.5,725,4712.5,Reviewed discovery materials
TE03893,M0103,A020,2023-06-10,6.5,625,4062.5,Drafted correspondence and legal memorandum
TE03894,M0139,A007,2023-06-05,0.5,675,337.5,Prepared matter status update
TE03895,M0104,A018,2025-12-27,5.5,425,2337.5,Analyzed regulatory and compliance requirements
TE03896,M0088,A028,2024-01-21,4,700,2800,Reviewed discovery materials
TE03897,M0124,A031,2026-07-01,0.5,650,325,Reviewed case documents and prepared analysis
TE03898,M0053,A024,2026-04-05,8,450,3600,Reviewed billing and budget status
TE03899,M0077,A024,2024-02-16,2,450,900,Reviewed case documents and prepared analysis
TE03900,M0150,A031,2025-12-17,2,650,1300,Prepared for witness interview
TE03901,M0117,A004,2023-02-12,4,725,2900,Analyzed regulatory and compliance requirements
TE03902,M0044,A013,2026-07-09,6.5,700,4550,Prepared for witness interview
TE03903,M0032,A005,2026-04-21,7,625,4375,Prepared matter status update
TE03904,M0104,A028,2026-06-10,8,700,5600,Reviewed billing and budget status
TE03905,M0105,A004,2024-12-10,7,725,5075,Performed legal research
TE03906,M0149,A028,2024-04-21,5.5,700,3850,Drafted correspondence and legal memorandum
TE03907,M0131,A013,2026-06-12,5.5,700,3850,Reviewed case documents and prepared analysis
TE03908,M0139,A021,2023-11-29,2,375,750,Prepared matter status update
TE03909,M0045,A014,2026-03-12,3.5,600,2100,Analyzed regulatory and compliance requirements
TE03910,M0077,A035,2023-06-01,3.5,625,2187.5,Drafted correspondence and legal memorandum
TE03911,M0047,A022,2024-12-31,7.5,675,5062.5,Reviewed discovery materials
TE03912,M0029,A014,2025-02-18,2.5,600,1500,Coordinated matter planning with client team
TE03913,M0096,A034,2026-01-06,1.5,725,1087.5,Prepared for witness interview
TE03914,M0070,A034,2026-04-17,8,725,5800,Coordinated matter planning with client team
TE03915,M0093,A027,2025-12-31,2,400,800,Coordinated matter planning with client team
TE03916,M0018,A022,2025-05-04,0.5,675,337.5,Drafted correspondence and legal memorandum
TE03917,M0120,A036,2026-02-11,8,375,3000,Conducted client strategy conference
TE03918,M0094,A010,2026-03-11,7,750,5250,Prepared for witness interview
TE03919,M0078,A011,2023-11-10,5.5,525,2887.5,Performed legal research
TE03920,M0069,A025,2026-02-04,7.5,750,5625,Conducted client strategy conference
TE03921,M0093,A022,2023-04-10,5.5,675,3712.5,Reviewed discovery materials
TE03922,M0122,A020,2026-07-09,0.5,625,312.5,Performed legal research
TE03923,M0007,A008,2025-06-19,0.5,575,287.5,Coordinated matter planning with client team
TE03924,M0022,A034,2024-09-04,2,725,1450,Reviewed case documents and prepared analysis
TE03925,M0074,A025,2025-10-11,6.5,750,4875,Coordinated matter planning with client team
TE03926,M0087,A006,2026-02-09,1,375,375,Reviewed discovery materials
TE03927,M0017,A004,2025-01-25,2,725,1450,Coordinated matter planning with client team
TE03928,M0099,A031,2025-03-11,6,650,3900,Performed legal research
TE03929,M0125,A021,2025-12-08,6,375,2250,Conducted client strategy conference
TE03930,M0118,A036,2026-07-02,2,375,750,Conducted client strategy conference
TE03931,M0101,A005,2025-08-06,0.5,625,312.5,Prepared matter status update
TE03932,M0003,A010,2024-04-14,6,750,4500,Prepared for witness interview
TE03933,M0109,A030,2025-04-16,7,475,3325,Conducted client strategy conference
TE03934,M0110,A035,2025-12-15,8,625,5000,Analyzed regulatory and compliance requirements
TE03935,M0042,A009,2026-04-26,6.5,450,2925,Reviewed discovery materials
TE03936,M0007,A029,2025-05-24,5,600,3000,Reviewed billing and budget status
TE03937,M0046,A002,2026-05-20,6,550,3300,Performed legal research
TE03938,M0057,A026,2024-09-04,5,525,2625,Prepared matter status update
TE03939,M0131,A011,2024-07-11,2,525,1050,Reviewed case documents and prepared analysis
TE03940,M0147,A026,2023-03-16,5,525,2625,Reviewed case documents and prepared analysis
TE03941,M0087,A004,2026-02-02,6.5,725,4712.5,Reviewed case documents and prepared analysis
TE03942,M0079,A023,2026-04-02,0.5,575,287.5,Reviewed discovery materials
TE03943,M0057,A022,2024-01-16,2,675,1350,Reviewed billing and budget status
TE03944,M0108,A008,2025-03-04,6.5,575,3737.5,Performed legal research
TE03945,M0117,A015,2023-07-24,7,475,3325,Drafted correspondence and legal memorandum
TE03946,M0117,A004,2023-05-04,4,725,2900,Conducted client strategy conference
TE03947,M0059,A032,2024-01-22,6.5,550,3575,Prepared for witness interview
TE03948,M0031,A007,2025-01-19,5.5,675,3712.5,Prepared matter status update
TE03949,M0065,A029,2026-03-02,4,600,2400,Reviewed billing and budget status
TE03950,M0081,A006,2025-04-02,6,375,2250,Reviewed case documents and prepared analysis
TE03951,M0130,A006,2025-04-02,4.5,375,1687.5,Coordinated matter planning with client team
TE03952,M0064,A004,2023-11-02,3.5,725,2537.5,Prepared matter status update
TE03953,M0071,A036,2025-11-07,5.5,375,2062.5,Drafted correspondence and legal memorandum
TE03954,M0003,A006,2025-02-10,5,375,1875,Drafted correspondence and legal memorandum
TE03955,M0121,A009,2024-10-21,2.5,450,1125,Reviewed billing and budget status
TE03956,M0073,A011,2025-11-18,5,525,2625,Performed legal research
TE03957,M0013,A023,2025-08-23,8,575,4600,Reviewed billing and budget status
TE03958,M0116,A001,2026-05-28,2.5,650,1625,Prepared matter status update
TE03959,M0058,A014,2024-05-26,7.5,600,4500,Reviewed case documents and prepared analysis
TE03960,M0149,A026,2023-11-28,3,525,1575,Conducted client strategy conference
TE03961,M0081,A032,2025-04-27,8,550,4400,Conducted client strategy conference
TE03962,M0124,A029,2025-05-29,4.5,600,2700,Reviewed discovery materials
TE03963,M0126,A030,2025-11-26,3,475,1425,Reviewed billing and budget status
TE03964,M0135,A019,2025-04-04,3.5,725,2537.5,Prepared for witness interview
TE03965,M0003,A015,2023-07-22,4,475,1900,Prepared for witness interview
TE03966,M0095,A021,2026-07-28,6,375,2250,Performed legal research
TE03967,M0031,A001,2025-10-19,4,650,2600,Reviewed discovery materials
TE03968,M0003,A026,2026-03-31,4,525,2100,Prepared for witness interview
TE03969,M0088,A033,2024-04-24,6,425,2550,Prepared for witness interview
TE03970,M0148,A034,2024-12-15,6,725,4350,Coordinated matter planning with client team
TE03971,M0092,A027,2025-05-24,4,400,1600,Drafted correspondence and legal memorandum
TE03972,M0099,A009,2025-04-06,6.5,450,2925,Prepared matter status update
TE03973,M0118,A015,2026-02-28,0.5,475,237.5,Reviewed case documents and prepared analysis
TE03974,M0131,A026,2026-07-03,3.5,525,1837.5,Conducted client strategy conference
TE03975,M0091,A036,2023-12-16,1.5,375,562.5,Prepared for witness interview
TE03976,M0019,A002,2026-06-15,6,550,3300,Coordinated matter planning with client team
TE03977,M0125,A001,2026-01-12,7,650,4550,Analyzed regulatory and compliance requirements
TE03978,M0064,A028,2024-05-25,6,700,4200,Drafted correspondence and legal memorandum
TE03979,M0065,A027,2026-01-25,6,400,2400,Performed legal research
TE03980,M0022,A001,2025-12-16,1.5,650,975,Reviewed billing and budget status
TE03981,M0080,A014,2026-06-11,0.5,600,300,Conducted client strategy conference
TE03982,M0001,A017,2025-05-28,4,550,2200,Prepared for witness interview
TE03983,M0102,A035,2025-08-11,4.5,625,2812.5,Analyzed regulatory and compliance requirements
TE03984,M0115,A030,2026-01-02,5,475,2375,Prepared matter status update
TE03985,M0001,A037,2025-05-07,5,675,3375,Reviewed discovery materials
TE03986,M0080,A005,2024-11-26,7,625,4375,Reviewed case documents and prepared analysis
TE03987,M0122,A032,2026-01-21,2,550,1100,Drafted correspondence and legal memorandum
TE03988,M0022,A037,2024-03-21,2.5,675,1687.5,Prepared matter status update
TE03989,M0026,A011,2025-08-11,2,525,1050,Drafted correspondence and legal memorandum
TE03990,M0111,A007,2026-02-26,4,675,2700,Analyzed regulatory and compliance requirements
TE03991,M0118,A031,2026-05-22,5.5,650,3575,Performed legal research
TE03992,M0130,A011,2025-05-20,3.5,525,1837.5,Conducted client strategy conference
TE03993,M0023,A030,2025-10-21,3,475,1425,Analyzed regulatory and compliance requirements
TE03994,M0015,A028,2026-02-12,5,700,3500,Prepared matter status update
TE03995,M0133,A030,2025-11-01,0.5,475,237.5,Drafted correspondence and legal memorandum
TE03996,M0055,A004,2025-06-17,3,725,2175,Reviewed billing and budget status
TE03997,M0051,A025,2025-04-05,1,750,750,Reviewed case documents and prepared analysis
TE03998,M0078,A008,2024-05-13,6.5,575,3737.5,Conducted client strategy conference
TE03999,M0075,A026,2025-08-25,5,525,2625,Prepared matter status update
TE04000,M0059,A022,2023-03-29,3.5,675,2362.5,Reviewed billing and budget status
TE04001,M0118,A034,2025-12-25,2,725,1450,Analyzed regulatory and compliance requirements
TE04002,M0098,A021,2023-08-01,8,375,3000,Reviewed case documents and prepared analysis
TE04003,M0011,A035,2025-01-21,7,625,4375,Prepared for witness interview
TE04004,M0017,A016,2025-07-28,3,650,1950,Reviewed case documents and prepared analysis
TE04005,M0049,A010,2023-08-20,1.5,750,1125,Conducted client strategy conference
TE04006,M0074,A007,2026-03-01,3,675,2025,Prepared matter status update
TE04007,M0079,A029,2026-02-11,8,600,4800,Conducted client strategy conference
TE04008,M0137,A037,2024-07-11,7.5,675,5062.5,Reviewed discovery materials
TE04009,M0016,A025,2023-05-16,3.5,750,2625,Reviewed billing and budget status
TE04010,M0070,A036,2026-06-03,6,375,2250,Reviewed case documents and prepared analysis
TE04011,M0007,A031,2025-04-03,0.5,650,325,Coordinated matter planning with client team
TE04012,M0021,A020,2026-07-31,1.5,625,937.5,Reviewed billing and budget status
TE04013,M0141,A024,2026-04-07,2,450,900,Coordinated matter planning with client team
TE04014,M0007,A035,2025-07-01,6,625,3750,Reviewed case documents and prepared analysis
TE04015,M0031,A036,2025-08-01,3.5,375,1312.5,Prepared for witness interview
TE04016,M0084,A027,2025-02-01,5.5,400,2200,Reviewed billing and budget status
TE04017,M0044,A011,2026-03-31,6,525,3150,Prepared for witness interview
TE04018,M0147,A013,2023-03-09,4,700,2800,Performed legal research
TE04019,M0118,A025,2025-12-31,0.5,750,375,Analyzed regulatory and compliance requirements
TE04020,M0057,A012,2024-04-29,1.5,400,600,Drafted correspondence and legal memorandum
TE04021,M0108,A016,2025-05-14,6.5,650,4225,Prepared matter status update
TE04022,M0138,A016,2024-01-01,8,650,5200,Analyzed regulatory and compliance requirements
TE04023,M0073,A013,2025-03-19,4,700,2800,Reviewed billing and budget status
TE04024,M0031,A018,2025-01-11,6.5,425,2762.5,Prepared for witness interview
TE04025,M0093,A019,2023-08-10,5,725,3625,Coordinated matter planning with client team
TE04026,M0095,A001,2023-05-20,1.5,650,975,Analyzed regulatory and compliance requirements
TE04027,M0084,A022,2025-10-20,6.5,675,4387.5,Prepared for witness interview
TE04028,M0055,A035,2025-03-02,3.5,625,2187.5,Drafted correspondence and legal memorandum
TE04029,M0090,A032,2025-02-08,7.5,550,4125,Reviewed billing and budget status
TE04030,M0091,A007,2023-07-02,3,675,2025,Conducted client strategy conference
TE04031,M0140,A028,2026-06-11,6,700,4200,Performed legal research
TE04032,M0024,A028,2026-01-30,7,700,4900,Performed legal research
TE04033,M0135,A026,2025-05-17,7,525,3675,Prepared for witness interview
TE04034,M0102,A027,2026-05-25,0.5,400,200,Coordinated matter planning with client team
TE04035,M0031,A029,2024-10-13,2.5,600,1500,Drafted correspondence and legal memorandum
TE04036,M0120,A023,2026-05-08,2.5,575,1437.5,Prepared matter status update
TE04037,M0135,A036,2025-11-29,2.5,375,937.5,Reviewed billing and budget status
TE04038,M0148,A035,2024-09-19,4.5,625,2812.5,Prepared for witness interview
TE04039,M0055,A007,2025-04-30,4.5,675,3037.5,Reviewed discovery materials
TE04040,M0072,A014,2025-12-15,3,600,1800,Drafted correspondence and legal memorandum
TE04041,M0053,A018,2026-04-10,7,425,2975,Reviewed discovery materials
TE04042,M0036,A002,2025-04-20,1.5,550,825,Prepared for witness interview
TE04043,M0007,A005,2025-03-16,2.5,625,1562.5,Performed legal research
TE04044,M0053,A009,2025-12-05,6.5,450,2925,Reviewed case documents and prepared analysis
TE04045,M0084,A005,2025-01-21,7.5,625,4687.5,Reviewed case documents and prepared analysis
TE04046,M0007,A027,2025-03-15,6,400,2400,Conducted client strategy conference
TE04047,M0011,A031,2025-07-01,6.5,650,4225,Coordinated matter planning with client team
TE04048,M0058,A004,2024-04-16,2,725,1450,Performed legal research
TE04049,M0037,A026,2026-01-07,4,525,2100,Reviewed discovery materials
TE04050,M0036,A015,2025-10-10,8,475,3800,Reviewed case documents and prepared analysis
TE04051,M0020,A019,2026-07-17,5,725,3625,Reviewed billing and budget status
TE04052,M0149,A014,2024-09-16,6.5,600,3900,Reviewed discovery materials
TE04053,M0084,A007,2025-05-13,5,675,3375,Reviewed case documents and prepared analysis
TE04054,M0073,A022,2024-04-17,8,675,5400,Reviewed case documents and prepared analysis
TE04055,M0045,A002,2025-06-09,3,550,1650,Drafted correspondence and legal memorandum
TE04056,M0094,A004,2026-07-07,8,725,5800,Reviewed billing and budget status
TE04057,M0059,A023,2023-09-20,6,575,3450,Reviewed case documents and prepared analysis
TE04058,M0120,A022,2026-04-02,3,675,2025,Coordinated matter planning with client team
TE04059,M0095,A031,2025-03-20,1,650,650,Reviewed discovery materials
TE04060,M0027,A007,2024-04-19,2,675,1350,Prepared matter status update
TE04061,M0095,A013,2023-11-24,4,700,2800,Coordinated matter planning with client team
TE04062,M0058,A037,2023-11-06,1,675,675,Reviewed billing and budget status
TE04063,M0126,A030,2025-01-13,6,475,2850,Reviewed case documents and prepared analysis
TE04064,M0096,A019,2025-12-08,2,725,1450,Conducted client strategy conference
TE04065,M0100,A017,2023-04-15,4,550,2200,Prepared for witness interview
TE04066,M0043,A025,2026-07-29,6.5,750,4875,Drafted correspondence and legal memorandum
TE04067,M0090,A024,2024-05-17,2,450,900,Prepared matter status update
TE04068,M0112,A025,2025-03-18,8,750,6000,Prepared matter status update
TE04069,M0051,A032,2025-09-05,4,550,2200,Conducted client strategy conference
TE04070,M0092,A011,2026-03-12,1.5,525,787.5,Reviewed billing and budget status
TE04071,M0111,A031,2026-05-13,0.5,650,325,Performed legal research
TE04072,M0141,A013,2026-06-29,3.5,700,2450,Coordinated matter planning with client team
TE04073,M0033,A002,2025-10-22,0.5,550,275,Reviewed case documents and prepared analysis
TE04074,M0137,A001,2024-08-30,8,650,5200,Performed legal research
TE04075,M0121,A027,2024-11-20,5,400,2000,Analyzed regulatory and compliance requirements
TE04076,M0067,A005,2023-04-20,3.5,625,2187.5,Performed legal research
TE04077,M0128,A025,2025-01-22,2.5,750,1875,Analyzed regulatory and compliance requirements
TE04078,M0053,A033,2026-07-17,7.5,425,3187.5,Analyzed regulatory and compliance requirements
TE04079,M0017,A014,2026-01-15,3,600,1800,Drafted correspondence and legal memorandum
TE04080,M0099,A018,2025-02-14,5.5,425,2337.5,Prepared matter status update
TE04081,M0079,A001,2025-11-22,2.5,650,1625,Performed legal research
TE04082,M0022,A008,2025-04-08,0.5,575,287.5,Reviewed billing and budget status
TE04083,M0007,A026,2025-09-15,3,525,1575,Coordinated matter planning with client team
TE04084,M0107,A003,2025-07-12,1,425,425,Reviewed case documents and prepared analysis
TE04085,M0108,A016,2025-05-11,3.5,650,2275,Performed legal research
TE04086,M0105,A011,2025-02-02,6,525,3150,Analyzed regulatory and compliance requirements
TE04087,M0085,A005,2026-06-07,5.5,625,3437.5,Coordinated matter planning with client team
TE04088,M0080,A001,2024-03-12,6,650,3900,Reviewed discovery materials
TE04089,M0007,A026,2025-06-21,0.5,525,262.5,Coordinated matter planning with client team
TE04090,M0034,A007,2025-10-17,1.5,675,1012.5,Drafted correspondence and legal memorandum
TE04091,M0060,A016,2024-04-10,4.5,650,2925,Performed legal research
TE04092,M0044,A036,2026-07-09,6.5,375,2437.5,Performed legal research
TE04093,M0103,A015,2024-09-08,6.5,475,3087.5,Prepared for witness interview
TE04094,M0018,A003,2026-03-09,5.5,425,2337.5,Reviewed discovery materials
TE04095,M0098,A011,2023-12-06,3,525,1575,Prepared for witness interview
TE04096,M0089,A025,2025-07-10,6.5,750,4875,Reviewed discovery materials
TE04097,M0120,A020,2026-02-05,3.5,625,2187.5,Prepared matter status update
TE04098,M0137,A021,2024-12-30,2.5,375,937.5,Drafted correspondence and legal memorandum
TE04099,M0044,A014,2025-11-05,7.5,600,4500,Performed legal research
TE04100,M0094,A034,2025-09-28,2,725,1450,Conducted client strategy conference
TE04101,M0007,A008,2025-04-27,4.5,575,2587.5,Coordinated matter planning with client team
TE04102,M0115,A015,2025-10-13,2.5,475,1187.5,Reviewed billing and budget status
TE04103,M0022,A012,2024-01-23,6.5,400,2600,Coordinated matter planning with client team
TE04104,M0056,A025,2025-11-09,5,750,3750,Reviewed discovery materials
TE04105,M0133,A016,2026-03-27,6.5,650,4225,Prepared matter status update
TE04106,M0108,A029,2025-04-21,3,600,1800,Reviewed discovery materials
TE04107,M0105,A031,2025-01-12,4.5,650,2925,Reviewed billing and budget status
TE04108,M0081,A004,2025-02-24,4.5,725,3262.5,Reviewed discovery materials
TE04109,M0005,A004,2025-05-04,6,725,4350,Prepared matter status update
TE04110,M0066,A024,2025-05-29,3.5,450,1575,Reviewed discovery materials
TE04111,M0110,A009,2026-07-01,6,450,2700,Drafted correspondence and legal memorandum
TE04112,M0126,A030,2025-09-13,1,475,475,Drafted correspondence and legal memorandum
TE04113,M0091,A029,2026-01-14,5.5,600,3300,Reviewed billing and budget status
TE04114,M0145,A016,2026-04-10,2.5,650,1625,Performed legal research
TE04115,M0125,A019,2025-03-23,7.5,725,5437.5,Conducted client strategy conference
TE04116,M0112,A025,2023-11-30,5,750,3750,Reviewed case documents and prepared analysis
TE04117,M0146,A007,2025-02-16,6,675,4050,Analyzed regulatory and compliance requirements
TE04118,M0082,A004,2025-12-25,2,725,1450,Prepared matter status update
TE04119,M0061,A001,2024-12-03,3,650,1950,Coordinated matter planning with client team
TE04120,M0017,A022,2024-07-31,3.5,675,2362.5,Prepared for witness interview
TE04121,M0090,A030,2026-06-02,6,475,2850,Reviewed billing and budget status
TE04122,M0095,A001,2026-01-23,7,650,4550,Coordinated matter planning with client team
TE04123,M0057,A020,2024-06-07,0.5,625,312.5,Analyzed regulatory and compliance requirements
TE04124,M0094,A016,2026-06-01,0.5,650,325,Reviewed discovery materials
TE04125,M0019,A020,2026-07-07,4,625,2500,Reviewed case documents and prepared analysis
TE04126,M0043,A019,2023-07-12,1.5,725,1087.5,Prepared for witness interview
TE04127,M0043,A018,2025-12-18,8,425,3400,Coordinated matter planning with client team
TE04128,M0086,A023,2025-06-30,6.5,575,3737.5,Reviewed discovery materials
TE04129,M0038,A006,2023-06-18,6.5,375,2437.5,Coordinated matter planning with client team
TE04130,M0009,A001,2023-08-23,0.5,650,325,Reviewed case documents and prepared analysis
TE04131,M0023,A015,2024-09-15,7,475,3325,Reviewed case documents and prepared analysis
TE04132,M0088,A017,2023-11-30,0.5,550,275,Reviewed case documents and prepared analysis
TE04133,M0003,A013,2026-07-28,2.5,700,1750,Conducted client strategy conference
TE04134,M0040,A014,2026-03-28,4.5,600,2700,Performed legal research
TE04135,M0085,A007,2026-05-25,1.5,675,1012.5,Coordinated matter planning with client team
TE04136,M0132,A036,2026-01-25,5,375,1875,Analyzed regulatory and compliance requirements
TE04137,M0066,A012,2026-02-27,2,400,800,Prepared matter status update
TE04138,M0028,A033,2025-07-19,1.5,425,637.5,Conducted client strategy conference
TE04139,M0100,A017,2026-03-18,3.5,550,1925,Performed legal research
TE04140,M0100,A010,2023-10-26,8,750,6000,Prepared matter status update
TE04141,M0013,A015,2025-09-15,6,475,2850,Conducted client strategy conference
TE04142,M0120,A006,2026-02-08,0.5,375,187.5,Analyzed regulatory and compliance requirements
TE04143,M0084,A013,2024-07-23,5,700,3500,Coordinated matter planning with client team
TE04144,M0075,A034,2024-09-13,2,725,1450,Prepared for witness interview
TE04145,M0007,A023,2025-07-17,2.5,575,1437.5,Reviewed case documents and prepared analysis
TE04146,M0084,A033,2024-10-31,4.5,425,1912.5,Reviewed case documents and prepared analysis
TE04147,M0060,A032,2024-08-24,8,550,4400,Analyzed regulatory and compliance requirements
TE04148,M0024,A022,2024-12-10,2.5,675,1687.5,Analyzed regulatory and compliance requirements
TE04149,M0005,A028,2025-02-09,1,700,700,Coordinated matter planning with client team
TE04150,M0093,A016,2024-05-11,2.5,650,1625,Conducted client strategy conference
TE04151,M0024,A012,2025-04-01,3,400,1200,Reviewed case documents and prepared analysis
TE04152,M0061,A025,2025-11-10,3,750,2250,Analyzed regulatory and compliance requirements
TE04153,M0003,A027,2023-10-16,3.5,400,1400,Reviewed case documents and prepared analysis
TE04154,M0012,A023,2025-03-14,2.5,575,1437.5,Coordinated matter planning with client team
TE04155,M0130,A035,2025-04-28,5.5,625,3437.5,Reviewed discovery materials
TE04156,M0103,A009,2026-05-20,7,450,3150,Reviewed billing and budget status
TE04157,M0147,A026,2023-05-19,7,525,3675,Drafted correspondence and legal memorandum
TE04158,M0001,A009,2024-12-26,6.5,450,2925,Drafted correspondence and legal memorandum
TE04159,M0089,A020,2025-09-22,3.5,625,2187.5,Analyzed regulatory and compliance requirements
TE04160,M0003,A017,2025-04-05,5.5,550,3025,Prepared matter status update
TE04161,M0051,A002,2025-03-12,6,550,3300,Drafted correspondence and legal memorandum
TE04162,M0106,A001,2026-01-21,2,650,1300,Reviewed discovery materials
TE04163,M0019,A015,2026-04-14,6,475,2850,Coordinated matter planning with client team
TE04164,M0001,A032,2025-09-03,2,550,1100,Performed legal research
TE04165,M0010,A011,2025-01-11,2,525,1050,Analyzed regulatory and compliance requirements
TE04166,M0138,A009,2024-02-07,7,450,3150,Performed legal research
TE04167,M0134,A007,2023-12-04,4,675,2700,Analyzed regulatory and compliance requirements
TE04168,M0003,A033,2023-06-15,2.5,425,1062.5,Analyzed regulatory and compliance requirements
TE04169,M0126,A006,2025-05-24,1.5,375,562.5,Coordinated matter planning with client team
TE04170,M0067,A023,2023-03-22,1.5,575,862.5,Reviewed case documents and prepared analysis
TE04171,M0138,A017,2023-10-12,1.5,550,825,Prepared for witness interview
TE04172,M0132,A003,2025-10-17,2,425,850,Prepared for witness interview
TE04173,M0047,A011,2025-04-16,3,525,1575,Coordinated matter planning with client team
TE04174,M0076,A031,2025-05-06,2.5,650,1625,Conducted client strategy conference
TE04175,M0134,A004,2026-06-24,4,725,2900,Conducted client strategy conference
TE04176,M0045,A001,2025-07-19,7,650,4550,Reviewed case documents and prepared analysis
TE04177,M0145,A025,2025-09-17,5,750,3750,Analyzed regulatory and compliance requirements
TE04178,M0054,A023,2024-09-11,5.5,575,3162.5,Reviewed discovery materials
TE04179,M0140,A036,2026-07-27,6.5,375,2437.5,Performed legal research
TE04180,M0036,A004,2026-04-07,1,725,725,Coordinated matter planning with client team
TE04181,M0040,A035,2026-05-26,1.5,625,937.5,Reviewed billing and budget status
TE04182,M0013,A007,2026-05-11,4,675,2700,Analyzed regulatory and compliance requirements
TE04183,M0121,A033,2024-10-11,4.5,425,1912.5,Analyzed regulatory and compliance requirements
TE04184,M0122,A032,2023-06-29,3,550,1650,Reviewed discovery materials
TE04185,M0150,A036,2026-01-28,5.5,375,2062.5,Reviewed discovery materials
TE04186,M0022,A013,2025-11-06,1,700,700,Conducted client strategy conference
TE04187,M0087,A032,2025-12-30,3.5,550,1925,Performed legal research
TE04188,M0090,A037,2023-11-21,7.5,675,5062.5,Drafted correspondence and legal memorandum
TE04189,M0035,A005,2024-08-25,4,625,2500,Analyzed regulatory and compliance requirements
TE04190,M0080,A031,2025-06-29,6,650,3900,Performed legal research
TE04191,M0064,A008,2023-12-27,1,575,575,Drafted correspondence and legal memorandum
TE04192,M0051,A002,2025-07-13,1,550,550,Drafted correspondence and legal memorandum
TE04193,M0028,A036,2025-07-04,1,375,375,Reviewed discovery materials
TE04194,M0062,A030,2026-07-14,2.5,475,1187.5,Reviewed case documents and prepared analysis
TE04195,M0009,A021,2023-10-05,3.5,375,1312.5,Drafted correspondence and legal memorandum
TE04196,M0007,A028,2025-07-06,1.5,700,1050,Coordinated matter planning with client team
TE04197,M0102,A008,2026-06-14,3.5,575,2012.5,Reviewed case documents and prepared analysis
TE04198,M0108,A007,2025-02-26,7,675,4725,Prepared matter status update
TE04199,M0111,A024,2026-03-13,8,450,3600,Reviewed discovery materials
TE04200,M0015,A036,2025-11-05,3.5,375,1312.5,Prepared matter status update
TE04201,M0125,A027,2024-10-01,5,400,2000,Reviewed billing and budget status
TE04202,M0121,A022,2025-10-09,6,675,4050,Conducted client strategy conference
TE04203,M0137,A008,2024-04-10,3.5,575,2012.5,Analyzed regulatory and compliance requirements
TE04204,M0068,A035,2024-05-05,7.5,625,4687.5,Performed legal research
TE04205,M0105,A015,2024-07-11,7.5,475,3562.5,Conducted client strategy conference
TE04206,M0105,A022,2024-05-16,3.5,675,2362.5,Prepared matter status update
TE04207,M0073,A014,2024-09-25,4,600,2400,Drafted correspondence and legal memorandum
TE04208,M0113,A006,2025-09-19,4,375,1500,Prepared matter status update
TE04209,M0064,A030,2024-05-13,6,475,2850,Reviewed case documents and prepared analysis
TE04210,M0046,A008,2026-07-30,6,575,3450,Drafted correspondence and legal memorandum
TE04211,M0014,A003,2026-04-06,1.5,425,637.5,Reviewed case documents and prepared analysis
TE04212,M0127,A032,2023-05-26,6,550,3300,Analyzed regulatory and compliance requirements
TE04213,M0012,A030,2024-11-23,5.5,475,2612.5,Prepared for witness interview
TE04214,M0060,A006,2026-04-27,3.5,375,1312.5,Reviewed billing and budget status
TE04215,M0134,A009,2024-08-26,7,450,3150,Prepared for witness interview
TE04216,M0068,A037,2023-11-27,3,675,2025,Reviewed billing and budget status
TE04217,M0017,A007,2025-05-31,6.5,675,4387.5,Drafted correspondence and legal memorandum
TE04218,M0130,A007,2024-10-10,3,675,2025,Drafted correspondence and legal memorandum
TE04219,M0010,A007,2025-12-24,3,675,2025,Prepared matter status update
TE04220,M0134,A022,2024-08-16,8,675,5400,Drafted correspondence and legal memorandum
TE04221,M0105,A010,2025-09-07,2,750,1500,Prepared matter status update
TE04222,M0057,A019,2024-06-06,2.5,725,1812.5,Coordinated matter planning with client team
TE04223,M0054,A017,2025-06-06,4,550,2200,Performed legal research
TE04224,M0096,A034,2025-07-13,5,725,3625,Analyzed regulatory and compliance requirements
TE04225,M0036,A023,2024-08-01,0.5,575,287.5,Prepared matter status update
TE04226,M0135,A029,2026-04-12,4.5,600,2700,Drafted correspondence and legal memorandum
TE04227,M0009,A024,2023-10-13,1,450,450,Prepared for witness interview
TE04228,M0054,A029,2026-07-20,6,600,3600,Reviewed case documents and prepared analysis
TE04229,M0125,A001,2024-08-03,4.5,650,2925,Reviewed discovery materials
TE04230,M0053,A007,2026-06-21,2,675,1350,Performed legal research
TE04231,M0067,A018,2023-02-26,1,425,425,Reviewed case documents and prepared analysis
TE04232,M0104,A025,2026-01-24,0.5,750,375,Reviewed billing and budget status
TE04233,M0114,A013,2025-08-15,8,700,5600,Prepared matter status update
TE04234,M0128,A018,2024-07-11,3.5,425,1487.5,Conducted client strategy conference
TE04235,M0091,A018,2023-05-18,1,425,425,Drafted correspondence and legal memorandum
TE04236,M0021,A037,2024-12-30,6.5,675,4387.5,Reviewed billing and budget status
TE04237,M0020,A013,2025-08-03,7.5,700,5250,Reviewed case documents and prepared analysis
TE04238,M0027,A013,2024-05-02,5,700,3500,Performed legal research
TE04239,M0142,A028,2025-09-12,4.5,700,3150,Reviewed case documents and prepared analysis
TE04240,M0118,A026,2026-07-13,6,525,3150,Conducted client strategy conference
TE04241,M0057,A025,2024-02-22,7.5,750,5625,Prepared matter status update
TE04242,M0102,A001,2026-05-16,4,650,2600,Performed legal research
TE04243,M0118,A030,2026-02-02,5.5,475,2612.5,Coordinated matter planning with client team
TE04244,M0011,A017,2025-12-06,5,550,2750,Coordinated matter planning with client team
TE04245,M0126,A010,2025-08-08,0.5,750,375,Reviewed billing and budget status
TE04246,M0128,A022,2025-03-12,7,675,4725,Analyzed regulatory and compliance requirements
TE04247,M0013,A020,2026-07-30,7,625,4375,Reviewed case documents and prepared analysis
TE04248,M0020,A019,2025-11-29,3,725,2175,Reviewed discovery materials
TE04249,M0122,A010,2026-04-03,1,750,750,Reviewed discovery materials
TE04250,M0143,A028,2025-09-21,3,700,2100,Prepared matter status update
TE04251,M0149,A011,2024-04-30,6.5,525,3412.5,Coordinated matter planning with client team
TE04252,M0028,A015,2025-09-01,4,475,1900,Conducted client strategy conference
TE04253,M0120,A026,2026-02-17,3,525,1575,Reviewed discovery materials
TE04254,M0009,A026,2024-08-31,8,525,4200,Coordinated matter planning with client team
TE04255,M0107,A011,2025-03-27,1.5,525,787.5,Analyzed regulatory and compliance requirements
TE04256,M0001,A032,2026-03-28,6.5,550,3575,Coordinated matter planning with client team
TE04257,M0137,A005,2024-05-07,4.5,625,2812.5,Reviewed case documents and prepared analysis
TE04258,M0132,A027,2026-06-11,0.5,400,200,Coordinated matter planning with client team
TE04259,M0086,A020,2024-12-28,1,625,625,Reviewed case documents and prepared analysis
TE04260,M0062,A020,2024-11-15,4,625,2500,Analyzed regulatory and compliance requirements
TE04261,M0134,A007,2024-12-05,5,675,3375,Conducted client strategy conference
TE04262,M0041,A017,2026-03-20,2,550,1100,Drafted correspondence and legal memorandum
TE04263,M0045,A002,2025-06-08,6,550,3300,Conducted client strategy conference
TE04264,M0129,A008,2023-02-11,4,575,2300,Reviewed discovery materials
TE04265,M0032,A006,2026-05-04,1.5,375,562.5,Conducted client strategy conference
TE04266,M0042,A007,2026-05-05,6.5,675,4387.5,Drafted correspondence and legal memorandum
TE04267,M0052,A003,2024-02-21,7.5,425,3187.5,Coordinated matter planning with client team
TE04268,M0116,A037,2025-11-10,3,675,2025,Performed legal research
TE04269,M0066,A023,2025-03-01,1,575,575,Analyzed regulatory and compliance requirements
TE04270,M0046,A014,2024-07-14,8,600,4800,Reviewed billing and budget status
TE04271,M0086,A024,2024-12-28,0.5,450,225,Reviewed billing and budget status
TE04272,M0045,A013,2026-06-18,6.5,700,4550,Prepared for witness interview
TE04273,M0109,A013,2025-10-17,8,700,5600,Coordinated matter planning with client team
TE04274,M0119,A012,2024-01-20,1,400,400,Conducted client strategy conference
TE04275,M0149,A008,2024-04-28,5,575,2875,Reviewed discovery materials
TE04276,M0104,A011,2025-06-18,3.5,525,1837.5,Conducted client strategy conference
TE04277,M0115,A002,2026-01-20,5.5,550,3025,Prepared for witness interview
TE04278,M0030,A024,2025-12-12,5,450,2250,Coordinated matter planning with client team
TE04279,M0045,A008,2026-07-06,5,575,2875,Reviewed discovery materials
TE04280,M0093,A021,2024-07-07,4,375,1500,Analyzed regulatory and compliance requirements
TE04281,M0005,A005,2024-12-30,3.5,625,2187.5,Performed legal research
TE04282,M0077,A003,2023-06-16,2,425,850,Analyzed regulatory and compliance requirements
TE04283,M0102,A013,2026-03-27,3,700,2100,Prepared for witness interview
TE04284,M0104,A006,2025-09-08,5,375,1875,Performed legal research
TE04285,M0052,A025,2023-11-15,1.5,750,1125,Reviewed case documents and prepared analysis
TE04286,M0130,A020,2024-11-26,5,625,3125,Performed legal research
TE04287,M0110,A015,2026-03-15,1,475,475,Analyzed regulatory and compliance requirements
TE04288,M0145,A033,2025-09-18,5.5,425,2337.5,Drafted correspondence and legal memorandum
TE04289,M0063,A024,2024-03-23,2,450,900,Drafted correspondence and legal memorandum
TE04290,M0114,A001,2026-07-20,4,650,2600,Performed legal research
TE04291,M0071,A013,2026-05-15,5,700,3500,Reviewed case documents and prepared analysis
TE04292,M0069,A013,2026-07-11,6.5,700,4550,Prepared matter status update
TE04293,M0149,A007,2024-04-24,4.5,675,3037.5,Reviewed case documents and prepared analysis
TE04294,M0019,A027,2026-01-24,1,400,400,Prepared for witness interview
TE04295,M0001,A023,2025-08-17,3.5,575,2012.5,Reviewed case documents and prepared analysis
TE04296,M0139,A020,2023-09-08,8,625,5000,Reviewed billing and budget status
TE04297,M0079,A023,2025-08-05,8,575,4600,Analyzed regulatory and compliance requirements
TE04298,M0106,A034,2025-08-16,8,725,5800,Analyzed regulatory and compliance requirements
TE04299,M0055,A008,2025-06-05,1,575,575,Performed legal research
TE04300,M0143,A007,2025-09-28,6,675,4050,Coordinated matter planning with client team
TE04301,M0042,A001,2026-04-30,4.5,650,2925,Reviewed billing and budget status
TE04302,M0131,A006,2025-09-07,5.5,375,2062.5,Prepared for witness interview
TE04303,M0021,A016,2025-01-03,0.5,650,325,Conducted client strategy conference
TE04304,M0022,A034,2025-02-09,4,725,2900,Conducted client strategy conference
TE04305,M0033,A023,2026-06-13,5.5,575,3162.5,Coordinated matter planning with client team
TE04306,M0136,A020,2026-05-01,8,625,5000,Conducted client strategy conference
TE04307,M0041,A006,2026-07-16,2,375,750,Reviewed discovery materials
TE04308,M0005,A025,2023-11-13,2,750,1500,Analyzed regulatory and compliance requirements
TE04309,M0109,A034,2025-04-07,6,725,4350,Drafted correspondence and legal memorandum
TE04310,M0119,A011,2024-04-05,5,525,2625,Reviewed case documents and prepared analysis
TE04311,M0007,A007,2025-04-20,2,675,1350,Coordinated matter planning with client team
TE04312,M0038,A033,2023-05-26,6.5,425,2762.5,Drafted correspondence and legal memorandum
TE04313,M0129,A035,2023-04-30,4.5,625,2812.5,Coordinated matter planning with client team
TE04314,M0122,A022,2023-05-11,8,675,5400,Coordinated matter planning with client team
TE04315,M0140,A026,2026-05-03,1,525,525,Reviewed billing and budget status
TE04316,M0064,A020,2024-02-28,5,625,3125,Coordinated matter planning with client team
TE04317,M0098,A025,2023-10-15,3.5,750,2625,Reviewed case documents and prepared analysis
TE04318,M0077,A018,2023-11-15,5.5,425,2337.5,Reviewed billing and budget status
TE04319,M0035,A016,2025-04-18,8,650,5200,Reviewed discovery materials
TE04320,M0101,A020,2025-09-10,5,625,3125,Analyzed regulatory and compliance requirements
TE04321,M0014,A030,2025-11-26,1.5,475,712.5,Reviewed case documents and prepared analysis
TE04322,M0005,A020,2024-04-19,5.5,625,3437.5,Conducted client strategy conference
TE04323,M0046,A035,2025-04-20,2,625,1250,Reviewed discovery materials
TE04324,M0097,A021,2023-12-04,4,375,1500,Prepared matter status update
TE04325,M0118,A016,2026-01-25,6,650,3900,Conducted client strategy conference
TE04326,M0118,A016,2026-06-27,6.5,650,4225,Reviewed billing and budget status
TE04327,M0053,A031,2026-05-25,2,650,1300,Prepared for witness interview
TE04328,M0102,A036,2026-02-03,4.5,375,1687.5,Performed legal research
TE04329,M0081,A027,2026-07-13,1.5,400,600,Conducted client strategy conference
TE04330,M0132,A002,2025-11-02,7,550,3850,Performed legal research
TE04331,M0104,A021,2026-02-08,3,375,1125,Drafted correspondence and legal memorandum
TE04332,M0007,A021,2025-02-06,3.5,375,1312.5,Conducted client strategy conference
TE04333,M0086,A012,2026-05-24,3.5,400,1400,Reviewed case documents and prepared analysis
TE04334,M0060,A033,2026-07-26,2.5,425,1062.5,Conducted client strategy conference
TE04335,M0098,A024,2023-10-07,8,450,3600,Reviewed discovery materials
TE04336,M0132,A036,2026-03-17,7,375,2625,Coordinated matter planning with client team
TE04337,M0117,A007,2023-07-16,4.5,675,3037.5,Performed legal research
TE04338,M0091,A033,2024-07-16,0.5,425,212.5,Prepared matter status update
TE04339,M0143,A033,2026-07-05,2,425,850,Prepared for witness interview
TE04340,M0132,A024,2025-07-23,3.5,450,1575,Reviewed case documents and prepared analysis
TE04341,M0060,A010,2024-07-22,3.5,750,2625,Reviewed billing and budget status
TE04342,M0080,A032,2025-08-21,4.5,550,2475,Prepared matter status update
TE04343,M0047,A029,2025-02-07,8,600,4800,Conducted client strategy conference
TE04344,M0127,A013,2024-01-02,1.5,700,1050,Conducted client strategy conference
TE04345,M0039,A006,2024-02-27,2.5,375,937.5,Prepared for witness interview
TE04346,M0148,A035,2025-02-17,1,625,625,Reviewed case documents and prepared analysis
TE04347,M0118,A004,2026-07-31,4.5,725,3262.5,Performed legal research
TE04348,M0005,A033,2024-08-07,8,425,3400,Conducted client strategy conference
TE04349,M0105,A019,2024-05-24,7.5,725,5437.5,Reviewed billing and budget status
TE04350,M0038,A030,2023-09-24,3,475,1425,Conducted client strategy conference
TE04351,M0078,A026,2023-10-10,0.5,525,262.5,Reviewed discovery materials
TE04352,M0043,A007,2024-01-23,6,675,4050,Reviewed discovery materials
TE04353,M0051,A019,2026-01-22,6,725,4350,Analyzed regulatory and compliance requirements
TE04354,M0069,A032,2025-11-02,3,550,1650,Reviewed case documents and prepared analysis
TE04355,M0011,A036,2024-10-29,0.5,375,187.5,Reviewed case documents and prepared analysis
TE04356,M0140,A012,2025-05-28,6,400,2400,Reviewed case documents and prepared analysis
TE04357,M0095,A029,2023-10-24,7.5,600,4500,Analyzed regulatory and compliance requirements
TE04358,M0086,A035,2025-05-29,0.5,625,312.5,Coordinated matter planning with client team
TE04359,M0035,A033,2024-11-11,2.5,425,1062.5,Prepared for witness interview
TE04360,M0107,A029,2025-04-26,3,600,1800,Reviewed billing and budget status
TE04361,M0077,A027,2023-04-05,2,400,800,Performed legal research
TE04362,M0109,A019,2025-08-03,2,725,1450,Performed legal research
TE04363,M0134,A025,2024-02-14,5,750,3750,Reviewed case documents and prepared analysis
TE04364,M0110,A034,2026-04-04,6,725,4350,Performed legal research
TE04365,M0095,A014,2023-10-20,4.5,600,2700,Reviewed billing and budget status
TE04366,M0127,A019,2023-11-05,3,725,2175,Prepared for witness interview
TE04367,M0103,A009,2024-07-01,5,450,2250,Performed legal research
TE04368,M0069,A023,2025-11-27,6,575,3450,Prepared for witness interview
TE04369,M0001,A025,2026-01-23,3,750,2250,Drafted correspondence and legal memorandum
TE04370,M0075,A027,2024-04-17,1,400,400,Drafted correspondence and legal memorandum
TE04371,M0066,A004,2025-08-28,7.5,725,5437.5,Conducted client strategy conference
TE04372,M0112,A027,2024-07-24,7,400,2800,Reviewed case documents and prepared analysis
TE04373,M0005,A028,2024-10-13,0.5,700,350,Prepared for witness interview
TE04374,M0054,A003,2026-02-09,7,425,2975,Prepared for witness interview
TE04375,M0133,A037,2026-04-24,0.5,675,337.5,Conducted client strategy conference
TE04376,M0077,A025,2023-03-24,6.5,750,4875,Reviewed discovery materials
TE04377,M0062,A001,2026-02-17,1,650,650,Analyzed regulatory and compliance requirements
TE04378,M0075,A015,2024-01-27,6.5,475,3087.5,Reviewed billing and budget status
TE04379,M0065,A029,2026-07-23,4,600,2400,Reviewed case documents and prepared analysis
TE04380,M0142,A019,2024-07-23,4.5,725,3262.5,Prepared matter status update
TE04381,M0101,A007,2025-07-21,0.5,675,337.5,Reviewed discovery materials
TE04382,M0005,A022,2024-11-07,8,675,5400,Performed legal research
TE04383,M0142,A010,2026-07-13,4.5,750,3375,Conducted client strategy conference
TE04384,M0076,A030,2024-02-18,4.5,475,2137.5,Prepared for witness interview
TE04385,M0046,A002,2026-05-05,5.5,550,3025,Analyzed regulatory and compliance requirements
TE04386,M0147,A020,2023-05-21,3.5,625,2187.5,Coordinated matter planning with client team
TE04387,M0005,A018,2024-11-30,0.5,425,212.5,Reviewed case documents and prepared analysis
TE04388,M0129,A022,2023-09-05,1.5,675,1012.5,Conducted client strategy conference
TE04389,M0034,A006,2026-01-02,5.5,375,2062.5,Performed legal research
TE04390,M0106,A019,2024-06-21,5.5,725,3987.5,Prepared for witness interview
TE04391,M0009,A002,2023-11-23,4,550,2200,Reviewed case documents and prepared analysis
TE04392,M0062,A028,2025-08-02,1,700,700,Reviewed case documents and prepared analysis
TE04393,M0062,A030,2026-01-27,7.5,475,3562.5,Drafted correspondence and legal memorandum
TE04394,M0060,A001,2025-12-03,5,650,3250,Reviewed discovery materials
TE04395,M0032,A035,2025-09-19,5,625,3125,Reviewed discovery materials
TE04396,M0029,A009,2025-03-20,7.5,450,3375,Reviewed case documents and prepared analysis
TE04397,M0034,A034,2025-11-03,0.5,725,362.5,Reviewed discovery materials
TE04398,M0127,A023,2023-07-19,4.5,575,2587.5,Reviewed billing and budget status
TE04399,M0007,A022,2025-07-29,4,675,2700,Reviewed discovery materials
TE04400,M0087,A029,2026-06-26,3,600,1800,Reviewed case documents and prepared analysis
TE04401,M0108,A032,2025-04-11,2,550,1100,Analyzed regulatory and compliance requirements
TE04402,M0143,A037,2025-12-12,2.5,675,1687.5,Conducted client strategy conference
TE04403,M0040,A029,2025-02-20,1,600,600,Drafted correspondence and legal memorandum
TE04404,M0018,A016,2026-03-29,5.5,650,3575,Prepared for witness interview
TE04405,M0145,A003,2026-01-04,8,425,3400,Drafted correspondence and legal memorandum
TE04406,M0141,A010,2026-05-26,5,750,3750,Reviewed discovery materials
TE04407,M0023,A009,2025-06-23,4.5,450,2025,Reviewed billing and budget status
TE04408,M0126,A022,2026-01-23,3.5,675,2362.5,Reviewed discovery materials
TE04409,M0077,A005,2023-09-14,7.5,625,4687.5,Prepared for witness interview
TE04410,M0017,A008,2025-10-03,0.5,575,287.5,Analyzed regulatory and compliance requirements
TE04411,M0003,A001,2026-06-11,0.5,650,325,Prepared for witness interview
TE04412,M0054,A010,2026-07-15,4,750,3000,Prepared matter status update
TE04413,M0127,A028,2023-12-21,5,700,3500,Analyzed regulatory and compliance requirements
TE04414,M0035,A029,2024-11-26,1,600,600,Prepared matter status update
TE04415,M0095,A009,2026-03-02,5.5,450,2475,Reviewed discovery materials
TE04416,M0110,A021,2026-04-10,5,375,1875,Performed legal research
TE04417,M0068,A014,2024-01-26,6,600,3600,Coordinated matter planning with client team
TE04418,M0017,A031,2023-10-05,8,650,5200,Coordinated matter planning with client team
TE04419,M0110,A005,2026-07-05,6,625,3750,Reviewed case documents and prepared analysis
TE04420,M0005,A036,2026-02-09,2,375,750,Prepared for witness interview
TE04421,M0085,A012,2026-04-20,5,400,2000,Prepared for witness interview
TE04422,M0133,A010,2026-01-05,2.5,750,1875,Performed legal research
TE04423,M0058,A022,2024-06-12,4.5,675,3037.5,Prepared matter status update
TE04424,M0009,A015,2024-06-06,8,475,3800,Reviewed billing and budget status
TE04425,M0016,A032,2024-12-12,1.5,550,825,Coordinated matter planning with client team
TE04426,M0029,A012,2025-03-30,7.5,400,3000,Coordinated matter planning with client team
TE04427,M0147,A004,2023-06-12,4.5,725,3262.5,Performed legal research
TE04428,M0080,A004,2024-12-28,0.5,725,362.5,Prepared matter status update
TE04429,M0122,A026,2024-02-08,8,525,4200,Reviewed case documents and prepared analysis
TE04430,M0066,A004,2024-12-22,6,725,4350,Coordinated matter planning with client team
TE04431,M0096,A031,2025-08-16,3.5,650,2275,Reviewed discovery materials
TE04432,M0087,A025,2026-01-19,7,750,5250,Reviewed discovery materials
TE04433,M0118,A028,2026-05-30,1.5,700,1050,Coordinated matter planning with client team
TE04434,M0103,A018,2024-11-14,3.5,425,1487.5,Reviewed billing and budget status
TE04435,M0055,A016,2025-12-04,2.5,650,1625,Reviewed case documents and prepared analysis
TE04436,M0001,A021,2025-01-20,2,375,750,Performed legal research
TE04437,M0024,A033,2025-03-14,5.5,425,2337.5,Prepared matter status update
TE04438,M0105,A014,2025-07-27,4.5,600,2700,Prepared matter status update
TE04439,M0016,A009,2024-11-29,4,450,1800,Coordinated matter planning with client team
TE04440,M0142,A027,2025-09-14,7.5,400,3000,Prepared for witness interview
TE04441,M0062,A014,2025-02-07,6.5,600,3900,Drafted correspondence and legal memorandum
TE04442,M0073,A030,2024-03-21,1.5,475,712.5,Reviewed billing and budget status
TE04443,M0146,A007,2025-12-08,8,675,5400,Performed legal research
TE04444,M0005,A022,2023-10-10,2,675,1350,Reviewed case documents and prepared analysis
TE04445,M0076,A004,2025-03-22,6.5,725,4712.5,Performed legal research
TE04446,M0010,A027,2024-06-13,0.5,400,200,Prepared matter status update
TE04447,M0039,A009,2024-03-16,8,450,3600,Performed legal research
TE04448,M0032,A031,2025-10-16,3.5,650,2275,Coordinated matter planning with client team
TE04449,M0137,A004,2024-11-23,3.5,725,2537.5,Performed legal research
TE04450,M0034,A025,2025-10-24,6.5,750,4875,Conducted client strategy conference
TE04451,M0069,A016,2025-10-19,1,650,650,Prepared for witness interview
TE04452,M0132,A008,2025-11-18,5.5,575,3162.5,Prepared for witness interview
TE04453,M0009,A008,2023-11-27,4.5,575,2587.5,Reviewed billing and budget status
TE04454,M0024,A029,2026-06-16,4,600,2400,Reviewed case documents and prepared analysis
TE04455,M0038,A025,2023-10-12,4,750,3000,Drafted correspondence and legal memorandum
TE04456,M0108,A003,2025-04-23,1.5,425,637.5,Analyzed regulatory and compliance requirements
TE04457,M0052,A009,2026-05-05,5,450,2250,Prepared matter status update
TE04458,M0095,A037,2025-03-26,4.5,675,3037.5,Coordinated matter planning with client team
TE04459,M0132,A029,2026-07-26,0.5,600,300,Reviewed case documents and prepared analysis
TE04460,M0013,A001,2026-04-12,7.5,650,4875,Conducted client strategy conference
TE04461,M0083,A032,2026-04-29,4,550,2200,Coordinated matter planning with client team
TE04462,M0124,A024,2024-12-03,2.5,450,1125,Performed legal research
TE04463,M0134,A018,2023-05-05,0.5,425,212.5,Analyzed regulatory and compliance requirements
TE04464,M0117,A013,2023-03-31,2,700,1400,Reviewed billing and budget status
TE04465,M0012,A015,2025-12-09,7,475,3325,Reviewed discovery materials
TE04466,M0063,A003,2024-05-20,1,425,425,Coordinated matter planning with client team
TE04467,M0019,A017,2026-01-09,5,550,2750,Prepared for witness interview
TE04468,M0067,A028,2023-02-25,2,700,1400,Reviewed discovery materials
TE04469,M0072,A028,2024-03-12,5.5,700,3850,Performed legal research
TE04470,M0105,A006,2025-08-17,5.5,375,2062.5,Drafted correspondence and legal memorandum
TE04471,M0105,A021,2025-08-29,5.5,375,2062.5,Prepared matter status update
TE04472,M0119,A025,2024-02-20,4.5,750,3375,Coordinated matter planning with client team
TE04473,M0087,A025,2026-05-14,6.5,750,4875,Coordinated matter planning with client team
TE04474,M0084,A032,2025-12-14,6.5,550,3575,Reviewed discovery materials
TE04475,M0128,A004,2024-05-26,6.5,725,4712.5,Reviewed case documents and prepared analysis
TE04476,M0041,A022,2026-05-29,3.5,675,2362.5,Reviewed discovery materials
TE04477,M0111,A029,2026-05-02,2.5,600,1500,Conducted client strategy conference
TE04478,M0107,A029,2025-03-10,1.5,600,900,Reviewed billing and budget status
TE04479,M0040,A015,2026-05-05,3.5,475,1662.5,Reviewed discovery materials
TE04480,M0033,A016,2025-02-28,6.5,650,4225,Reviewed discovery materials
TE04481,M0139,A036,2023-06-21,8,375,3000,Coordinated matter planning with client team
TE04482,M0063,A018,2024-07-10,0.5,425,212.5,Reviewed billing and budget status
TE04483,M0081,A009,2025-05-12,7.5,450,3375,Performed legal research
TE04484,M0096,A007,2026-06-06,6.5,675,4387.5,Prepared matter status update
TE04485,M0098,A008,2023-12-20,1,575,575,Analyzed regulatory and compliance requirements
TE04486,M0114,A031,2024-07-20,1.5,650,975,Conducted client strategy conference
TE04487,M0011,A034,2025-05-05,5,725,3625,Reviewed discovery materials
TE04488,M0117,A021,2023-08-18,6,375,2250,Analyzed regulatory and compliance requirements
TE04489,M0058,A035,2023-12-26,4,625,2500,Drafted correspondence and legal memorandum
TE04490,M0120,A003,2026-03-07,8,425,3400,Prepared matter status update
TE04491,M0057,A005,2024-01-18,1,625,625,Analyzed regulatory and compliance requirements
TE04492,M0019,A025,2025-11-27,1.5,750,1125,Prepared for witness interview
TE04493,M0143,A009,2025-07-12,5,450,2250,Conducted client strategy conference
TE04494,M0121,A007,2025-05-05,2,675,1350,Drafted correspondence and legal memorandum
TE04495,M0080,A019,2026-04-13,1.5,725,1087.5,Analyzed regulatory and compliance requirements
TE04496,M0019,A001,2026-07-22,7.5,650,4875,Coordinated matter planning with client team
TE04497,M0080,A025,2026-07-26,2,750,1500,Conducted client strategy conference
TE04498,M0117,A028,2023-06-30,8,700,5600,Performed legal research
TE04499,M0107,A029,2025-05-26,6.5,600,3900,Reviewed discovery materials
TE04500,M0018,A002,2025-08-24,3.5,550,1925,Analyzed regulatory and compliance requirements
TE04501,M0095,A025,2026-05-18,3,750,2250,Prepared matter status update
TE04502,M0039,A019,2024-08-08,6.5,725,4712.5,Prepared for witness interview
TE04503,M0097,A016,2023-11-19,6.5,650,4225,Drafted correspondence and legal memorandum
TE04504,M0090,A032,2025-01-19,7,550,3850,Prepared matter status update
TE04505,M0017,A020,2025-11-28,6,625,3750,Reviewed billing and budget status
TE04506,M0098,A030,2023-12-16,6,475,2850,Conducted client strategy conference
TE04507,M0007,A022,2025-08-12,1,675,675,Analyzed regulatory and compliance requirements
TE04508,M0126,A003,2026-03-23,4,425,1700,Reviewed case documents and prepared analysis
TE04509,M0059,A025,2023-08-11,3.5,750,2625,Coordinated matter planning with client team
TE04510,M0058,A017,2024-05-15,8,550,4400,Drafted correspondence and legal memorandum
TE04511,M0068,A031,2024-03-05,3,650,1950,Performed legal research
TE04512,M0125,A003,2025-01-14,2.5,425,1062.5,Performed legal research
TE04513,M0025,A025,2025-02-28,5.5,750,4125,Drafted correspondence and legal memorandum
TE04514,M0084,A015,2025-05-22,6.5,475,3087.5,Coordinated matter planning with client team
TE04515,M0045,A005,2026-03-15,6,625,3750,Drafted correspondence and legal memorandum
TE04516,M0103,A017,2023-12-27,6.5,550,3575,Reviewed billing and budget status
TE04517,M0103,A015,2026-03-02,4.5,475,2137.5,Coordinated matter planning with client team
TE04518,M0087,A014,2026-05-27,4.5,600,2700,Reviewed discovery materials
TE04519,M0051,A033,2026-07-21,4,425,1700,Drafted correspondence and legal memorandum
TE04520,M0106,A015,2024-10-29,4.5,475,2137.5,Reviewed case documents and prepared analysis
TE04521,M0134,A010,2025-02-10,8,750,6000,Reviewed case documents and prepared analysis
TE04522,M0064,A002,2025-06-20,5.5,550,3025,Reviewed billing and budget status
TE04523,M0089,A031,2025-09-05,5.5,650,3575,Drafted correspondence and legal memorandum
TE04524,M0144,A025,2025-01-08,8,750,6000,Prepared matter status update
TE04525,M0108,A032,2025-03-01,5,550,2750,Analyzed regulatory and compliance requirements
TE04526,M0124,A018,2026-03-14,1,425,425,Prepared for witness interview
TE04527,M0081,A032,2026-02-12,2,550,1100,Prepared for witness interview
TE04528,M0068,A016,2024-02-14,5,650,3250,Coordinated matter planning with client team
TE04529,M0078,A027,2024-09-17,2,400,800,Drafted correspondence and legal memorandum
TE04530,M0016,A001,2026-03-15,3,650,1950,Reviewed case documents and prepared analysis
TE04531,M0009,A028,2023-10-04,1,700,700,Prepared for witness interview
TE04532,M0109,A005,2025-06-15,5.5,625,3437.5,Prepared matter status update
TE04533,M0024,A036,2025-12-30,4.5,375,1687.5,Prepared for witness interview
TE04534,M0049,A006,2023-06-26,3,375,1125,Coordinated matter planning with client team
TE04535,M0085,A005,2026-03-17,1,625,625,Coordinated matter planning with client team
TE04536,M0045,A011,2026-02-27,1.5,525,787.5,Coordinated matter planning with client team
TE04537,M0010,A005,2023-05-18,2,625,1250,Reviewed discovery materials
TE04538,M0043,A021,2024-09-10,1,375,375,Reviewed billing and budget status
TE04539,M0131,A008,2025-08-20,4,575,2300,Analyzed regulatory and compliance requirements
TE04540,M0003,A001,2024-02-15,6.5,650,4225,Coordinated matter planning with client team
TE04541,M0084,A019,2024-08-01,5,725,3625,Coordinated matter planning with client team
TE04542,M0031,A008,2026-01-30,3,575,1725,Analyzed regulatory and compliance requirements
TE04543,M0014,A033,2026-07-10,5,425,2125,Prepared for witness interview
TE04544,M0131,A017,2025-02-23,1.5,550,825,Reviewed discovery materials
TE04545,M0023,A029,2026-01-27,4.5,600,2700,Reviewed discovery materials
TE04546,M0122,A009,2026-01-30,7.5,450,3375,Prepared for witness interview
TE04547,M0097,A012,2023-12-17,7,400,2800,Analyzed regulatory and compliance requirements
TE04548,M0075,A001,2023-07-29,1,650,650,Prepared for witness interview
TE04549,M0081,A027,2026-01-29,5,400,2000,Prepared matter status update
TE04550,M0135,A036,2025-08-29,6,375,2250,Reviewed case documents and prepared analysis
TE04551,M0092,A036,2025-05-04,3,375,1125,Drafted correspondence and legal memorandum
TE04552,M0085,A007,2026-02-20,6,675,4050,Reviewed case documents and prepared analysis
TE04553,M0085,A019,2026-03-13,4.5,725,3262.5,Reviewed discovery materials
TE04554,M0123,A003,2026-06-17,0.5,425,212.5,Drafted correspondence and legal memorandum
TE04555,M0001,A028,2026-03-09,4,700,2800,Drafted correspondence and legal memorandum
TE04556,M0001,A032,2025-02-15,1.5,550,825,Reviewed discovery materials
TE04557,M0080,A001,2025-07-05,4.5,650,2925,Coordinated matter planning with client team
TE04558,M0142,A014,2025-12-01,1.5,600,900,Conducted client strategy conference
TE04559,M0114,A008,2024-07-19,4,575,2300,Reviewed case documents and prepared analysis
TE04560,M0020,A028,2025-11-15,0.5,700,350,Prepared matter status update
TE04561,M0007,A015,2025-07-23,7.5,475,3562.5,Reviewed billing and budget status
TE04562,M0010,A002,2025-12-20,8,550,4400,Reviewed discovery materials
TE04563,M0003,A025,2025-01-03,8,750,6000,Coordinated matter planning with client team
TE04564,M0068,A029,2023-11-24,5.5,600,3300,Prepared for witness interview
TE04565,M0125,A007,2025-10-24,8,675,5400,Conducted client strategy conference
TE04566,M0101,A037,2025-08-13,1,675,675,Prepared matter status update
TE04567,M0041,A015,2026-01-05,2.5,475,1187.5,Conducted client strategy conference
TE04568,M0070,A003,2025-11-23,0.5,425,212.5,Reviewed billing and budget status
TE04569,M0048,A012,2026-04-22,6.5,400,2600,Performed legal research
TE04570,M0098,A019,2023-07-23,3,725,2175,Reviewed billing and budget status
TE04571,M0038,A005,2023-04-19,0.5,625,312.5,Reviewed case documents and prepared analysis
TE04572,M0001,A004,2025-07-18,4,725,2900,Coordinated matter planning with client team
TE04573,M0144,A035,2024-07-19,1.5,625,937.5,Analyzed regulatory and compliance requirements
TE04574,M0110,A025,2026-05-24,2.5,750,1875,Drafted correspondence and legal memorandum
TE04575,M0071,A008,2025-09-02,3.5,575,2012.5,Analyzed regulatory and compliance requirements
TE04576,M0020,A005,2025-05-31,6.5,625,4062.5,Prepared for witness interview
TE04577,M0081,A003,2026-04-07,2.5,425,1062.5,Drafted correspondence and legal memorandum
TE04578,M0003,A037,2024-02-10,6.5,675,4387.5,Reviewed billing and budget status
TE04579,M0114,A004,2024-05-04,4.5,725,3262.5,Conducted client strategy conference
TE04580,M0133,A032,2024-08-05,2.5,550,1375,Performed legal research
TE04581,M0057,A024,2024-07-05,7,450,3150,Performed legal research
TE04582,M0060,A013,2026-01-31,1,700,700,Conducted client strategy conference
TE04583,M0119,A029,2024-04-11,6,600,3600,Prepared for witness interview
TE04584,M0081,A026,2026-04-05,0.5,525,262.5,Drafted correspondence and legal memorandum
TE04585,M0125,A024,2025-07-16,2.5,450,1125,Performed legal research
TE04586,M0053,A007,2025-12-04,6,675,4050,Analyzed regulatory and compliance requirements
TE04587,M0044,A008,2026-03-06,3,575,1725,Prepared for witness interview
TE04588,M0119,A005,2024-03-29,3,625,1875,Reviewed case documents and prepared analysis
TE04589,M0058,A026,2023-11-12,6.5,525,3412.5,Prepared for witness interview
TE04590,M0036,A015,2026-01-27,6,475,2850,Reviewed discovery materials
TE04591,M0143,A037,2025-10-30,3,675,2025,Reviewed billing and budget status
TE04592,M0136,A037,2026-06-12,5.5,675,3712.5,Conducted client strategy conference
TE04593,M0039,A032,2024-06-02,2,550,1100,Drafted correspondence and legal memorandum
TE04594,M0141,A022,2026-07-14,5.5,675,3712.5,Coordinated matter planning with client team
TE04595,M0007,A005,2025-02-15,1.5,625,937.5,Drafted correspondence and legal memorandum
TE04596,M0026,A017,2025-05-16,2.5,550,1375,Coordinated matter planning with client team
TE04597,M0007,A037,2025-08-24,5,675,3375,Conducted client strategy conference
TE04598,M0137,A009,2024-08-08,2,450,900,Coordinated matter planning with client team
TE04599,M0027,A006,2024-05-11,1.5,375,562.5,Reviewed discovery materials
TE04600,M0074,A035,2026-07-02,4,625,2500,Reviewed discovery materials
TE04601,M0150,A023,2025-09-08,8,575,4600,Prepared matter status update
TE04602,M0079,A015,2025-09-11,6,475,2850,Coordinated matter planning with client team
TE04603,M0058,A013,2024-06-19,5.5,700,3850,Performed legal research
TE04604,M0050,A015,2026-04-27,0.5,475,237.5,Prepared matter status update
TE04605,M0033,A023,2026-05-21,5.5,575,3162.5,Drafted correspondence and legal memorandum
TE04606,M0014,A011,2025-12-11,3.5,525,1837.5,Reviewed discovery materials
TE04607,M0041,A007,2026-02-27,7.5,675,5062.5,Prepared for witness interview
TE04608,M0099,A018,2025-04-16,6,425,2550,Coordinated matter planning with client team
TE04609,M0146,A034,2026-07-21,4,725,2900,Drafted correspondence and legal memorandum
TE04610,M0025,A023,2023-10-03,2.5,575,1437.5,Reviewed discovery materials
TE04611,M0062,A011,2023-08-02,2.5,525,1312.5,Drafted correspondence and legal memorandum
TE04612,M0044,A027,2026-02-24,5,400,2000,Reviewed billing and budget status
TE04613,M0059,A029,2023-04-15,3,600,1800,Conducted client strategy conference
TE04614,M0116,A026,2024-10-31,3,525,1575,Coordinated matter planning with client team
TE04615,M0150,A035,2026-01-15,5.5,625,3437.5,Prepared for witness interview
TE04616,M0070,A034,2025-09-26,7,725,5075,Reviewed discovery materials
TE04617,M0016,A033,2026-03-12,4.5,425,1912.5,Reviewed billing and budget status
TE04618,M0043,A031,2025-07-23,4.5,650,2925,Reviewed discovery materials
TE04619,M0046,A004,2024-12-14,4.5,725,3262.5,Conducted client strategy conference
TE04620,M0123,A032,2025-12-23,5.5,550,3025,Reviewed case documents and prepared analysis
TE04621,M0067,A037,2023-04-15,0.5,675,337.5,Prepared matter status update
TE04622,M0011,A023,2025-02-19,1.5,575,862.5,Reviewed billing and budget status
TE04623,M0003,A030,2024-09-05,1,475,475,Reviewed billing and budget status
TE04624,M0028,A012,2025-07-22,3.5,400,1400,Reviewed billing and budget status
TE04625,M0129,A030,2023-03-31,5,475,2375,Prepared for witness interview
TE04626,M0117,A023,2023-10-06,4,575,2300,Prepared matter status update
TE04627,M0146,A032,2024-05-22,5,550,2750,Performed legal research
TE04628,M0118,A025,2026-02-09,2,750,1500,Conducted client strategy conference
TE04629,M0105,A034,2025-04-28,7.5,725,5437.5,Prepared for witness interview
TE04630,M0016,A016,2025-10-31,5.5,650,3575,Drafted correspondence and legal memorandum
TE04631,M0066,A024,2026-03-27,7.5,450,3375,Coordinated matter planning with client team
TE04632,M0059,A021,2023-05-19,7.5,375,2812.5,Reviewed discovery materials
TE04633,M0145,A033,2025-10-30,7.5,425,3187.5,Coordinated matter planning with client team
TE04634,M0140,A037,2025-02-16,8,675,5400,Reviewed billing and budget status
TE04635,M0063,A029,2025-09-13,8,600,4800,Coordinated matter planning with client team
TE04636,M0054,A021,2025-11-01,2,375,750,Prepared for witness interview
TE04637,M0112,A036,2023-05-29,4.5,375,1687.5,Coordinated matter planning with client team
TE04638,M0068,A034,2023-10-09,5,725,3625,Conducted client strategy conference
TE04639,M0069,A020,2026-03-11,1,625,625,Coordinated matter planning with client team
TE04640,M0052,A001,2025-08-09,1,650,650,Performed legal research
TE04641,M0141,A026,2026-07-23,3.5,525,1837.5,Coordinated matter planning with client team
TE04642,M0022,A032,2024-04-19,8,550,4400,Prepared for witness interview
TE04643,M0064,A014,2025-11-18,6.5,600,3900,Reviewed discovery materials
TE04644,M0061,A029,2025-03-04,2,600,1200,Coordinated matter planning with client team
TE04645,M0007,A006,2025-02-10,0.5,375,187.5,Reviewed case documents and prepared analysis
TE04646,M0147,A011,2023-05-02,7,525,3675,Coordinated matter planning with client team
TE04647,M0129,A009,2023-03-05,4.5,450,2025,Drafted correspondence and legal memorandum
TE04648,M0061,A022,2026-03-04,5,675,3375,Prepared for witness interview
TE04649,M0031,A014,2026-06-13,3.5,600,2100,Conducted client strategy conference
TE04650,M0029,A035,2025-03-04,7,625,4375,Reviewed discovery materials
TE04651,M0083,A021,2025-02-09,1.5,375,562.5,Coordinated matter planning with client team
TE04652,M0040,A032,2025-03-01,5.5,550,3025,Prepared matter status update
TE04653,M0025,A030,2026-07-17,2,475,950,Prepared for witness interview
TE04654,M0100,A003,2025-12-18,2,425,850,Prepared matter status update
TE04655,M0131,A021,2025-10-06,7,375,2625,Coordinated matter planning with client team
TE04656,M0048,A017,2026-01-23,5.5,550,3025,Reviewed discovery materials
TE04657,M0069,A012,2026-05-17,2,400,800,Prepared for witness interview
TE04658,M0024,A022,2026-04-10,6,675,4050,Coordinated matter planning with client team
TE04659,M0062,A016,2023-09-03,2.5,650,1625,Prepared for witness interview
TE04660,M0071,A024,2026-04-08,8,450,3600,Conducted client strategy conference
TE04661,M0121,A030,2025-04-04,8,475,3800,Coordinated matter planning with client team
TE04662,M0142,A008,2026-07-17,6,575,3450,Prepared for witness interview
TE04663,M0087,A012,2026-06-08,4.5,400,1800,Prepared matter status update
TE04664,M0077,A002,2023-08-20,2,550,1100,Analyzed regulatory and compliance requirements
TE04665,M0049,A003,2023-06-20,2,425,850,Coordinated matter planning with client team
TE04666,M0133,A003,2024-03-13,2.5,425,1062.5,Analyzed regulatory and compliance requirements
TE04667,M0041,A025,2025-10-23,5,750,3750,Analyzed regulatory and compliance requirements
TE04668,M0046,A014,2025-09-07,6,600,3600,Performed legal research
TE04669,M0074,A011,2026-03-08,6.5,525,3412.5,Conducted client strategy conference
TE04670,M0128,A033,2024-12-13,8,425,3400,Conducted client strategy conference
TE04671,M0120,A019,2026-02-10,6,725,4350,Reviewed discovery materials
TE04672,M0046,A003,2025-05-21,0.5,425,212.5,Reviewed discovery materials
TE04673,M0024,A030,2025-08-27,8,475,3800,Reviewed case documents and prepared analysis
TE04674,M0053,A023,2026-07-14,6,575,3450,Conducted client strategy conference
TE04675,M0118,A024,2026-07-01,7,450,3150,Reviewed discovery materials
TE04676,M0075,A011,2025-05-19,7,525,3675,Analyzed regulatory and compliance requirements
TE04677,M0064,A003,2023-09-30,6.5,425,2762.5,Reviewed billing and budget status
TE04678,M0063,A024,2024-12-03,2,450,900,Drafted correspondence and legal memorandum
TE04679,M0146,A004,2025-01-31,3.5,725,2537.5,Prepared for witness interview
TE04680,M0111,A023,2026-06-08,4.5,575,2587.5,Reviewed discovery materials
TE04681,M0078,A020,2024-07-10,3.5,625,2187.5,Reviewed billing and budget status
TE04682,M0051,A023,2026-02-21,4.5,575,2587.5,Analyzed regulatory and compliance requirements
TE04683,M0129,A016,2023-03-08,2,650,1300,Prepared matter status update
TE04684,M0141,A012,2026-06-20,6,400,2400,Reviewed case documents and prepared analysis
TE04685,M0089,A004,2025-07-05,2,725,1450,Conducted client strategy conference
TE04686,M0038,A002,2023-11-24,4.5,550,2475,Prepared for witness interview
TE04687,M0077,A025,2024-01-03,7.5,750,5625,Drafted correspondence and legal memorandum
TE04688,M0077,A003,2023-05-05,3.5,425,1487.5,Coordinated matter planning with client team
TE04689,M0028,A029,2025-04-23,7,600,4200,Coordinated matter planning with client team
TE04690,M0143,A009,2025-06-14,6,450,2700,Reviewed case documents and prepared analysis
TE04691,M0093,A004,2025-07-28,5,725,3625,Drafted correspondence and legal memorandum
TE04692,M0146,A023,2025-02-16,0.5,575,287.5,Performed legal research
TE04693,M0098,A023,2023-06-16,7.5,575,4312.5,Drafted correspondence and legal memorandum
TE04694,M0030,A025,2024-12-14,5.5,750,4125,Analyzed regulatory and compliance requirements
TE04695,M0021,A033,2025-04-01,6,425,2550,Coordinated matter planning with client team
TE04696,M0059,A013,2024-01-28,1.5,700,1050,Drafted correspondence and legal memorandum
TE04697,M0079,A037,2025-07-12,1.5,675,1012.5,Reviewed billing and budget status
TE04698,M0150,A017,2026-07-13,7,550,3850,Drafted correspondence and legal memorandum
TE04699,M0136,A037,2025-11-15,7,675,4725,Conducted client strategy conference
TE04700,M0023,A017,2025-03-22,6,550,3300,Reviewed case documents and prepared analysis
TE04701,M0022,A014,2024-02-02,2,600,1200,Analyzed regulatory and compliance requirements
TE04702,M0005,A007,2024-04-04,1.5,675,1012.5,Reviewed case documents and prepared analysis
TE04703,M0138,A020,2023-11-13,0.5,625,312.5,Analyzed regulatory and compliance requirements
TE04704,M0122,A029,2024-07-12,6.5,600,3900,Reviewed billing and budget status
TE04705,M0070,A035,2026-04-03,4.5,625,2812.5,Prepared matter status update
TE04706,M0136,A029,2025-12-26,1,600,600,Reviewed billing and budget status
TE04707,M0015,A029,2026-02-07,1.5,600,900,Reviewed case documents and prepared analysis
TE04708,M0037,A012,2026-03-12,0.5,400,200,Reviewed case documents and prepared analysis
TE04709,M0145,A006,2026-06-09,8,375,3000,Reviewed discovery materials
TE04710,M0031,A014,2026-05-16,8,600,4800,Prepared matter status update
TE04711,M0026,A021,2025-07-04,0.5,375,187.5,Analyzed regulatory and compliance requirements
TE04712,M0079,A004,2026-03-16,6.5,725,4712.5,Reviewed billing and budget status
TE04713,M0003,A036,2023-10-13,7.5,375,2812.5,Reviewed billing and budget status
TE04714,M0033,A008,2026-04-21,6,575,3450,Prepared for witness interview
TE04715,M0012,A011,2026-07-03,5.5,525,2887.5,Reviewed billing and budget status
TE04716,M0128,A020,2025-03-07,4,625,2500,Performed legal research
TE04717,M0146,A029,2024-11-23,5.5,600,3300,Reviewed case documents and prepared analysis
TE04718,M0082,A005,2026-04-07,8,625,5000,Conducted client strategy conference
TE04719,M0124,A035,2025-11-23,1.5,625,937.5,Analyzed regulatory and compliance requirements
TE04720,M0131,A029,2024-12-24,4,600,2400,Reviewed billing and budget status
TE04721,M0116,A031,2026-03-19,6.5,650,4225,Performed legal research
TE04722,M0099,A024,2024-11-02,1.5,450,675,Prepared matter status update
TE04723,M0041,A001,2025-07-31,4.5,650,2925,Coordinated matter planning with client team
TE04724,M0073,A016,2024-03-10,4,650,2600,Reviewed case documents and prepared analysis
TE04725,M0103,A011,2024-05-07,2.5,525,1312.5,Coordinated matter planning with client team
TE04726,M0026,A006,2024-12-14,5,375,1875,Drafted correspondence and legal memorandum
TE04727,M0070,A028,2026-02-27,0.5,700,350,Reviewed discovery materials
TE04728,M0054,A008,2026-04-18,7,575,4025,Prepared for witness interview
TE04729,M0014,A036,2025-11-25,8,375,3000,Drafted correspondence and legal memorandum
TE04730,M0055,A008,2026-01-26,6,575,3450,Performed legal research
TE04731,M0148,A008,2024-09-11,6,575,3450,Prepared for witness interview
TE04732,M0064,A001,2025-05-13,5.5,650,3575,Reviewed discovery materials
TE04733,M0074,A036,2025-10-21,3.5,375,1312.5,Coordinated matter planning with client team
TE04734,M0040,A013,2025-11-05,2,700,1400,Prepared matter status update
TE04735,M0012,A021,2026-05-25,2.5,375,937.5,Reviewed case documents and prepared analysis
TE04736,M0076,A035,2025-05-31,7.5,625,4687.5,Reviewed case documents and prepared analysis
TE04737,M0022,A004,2024-02-19,0.5,725,362.5,Drafted correspondence and legal memorandum
TE04738,M0148,A031,2025-03-05,6.5,650,4225,Reviewed billing and budget status
TE04739,M0038,A012,2023-07-05,3,400,1200,Drafted correspondence and legal memorandum
TE04740,M0132,A014,2025-12-23,1,600,600,Reviewed billing and budget status
TE04741,M0107,A021,2025-04-27,2,375,750,Prepared for witness interview
TE04742,M0068,A036,2024-05-10,2.5,375,937.5,Prepared matter status update
TE04743,M0150,A005,2025-08-02,6.5,625,4062.5,Drafted correspondence and legal memorandum
TE04744,M0061,A037,2025-06-30,1,675,675,Reviewed discovery materials
TE04745,M0109,A023,2025-12-19,5.5,575,3162.5,Prepared for witness interview
TE04746,M0079,A003,2025-11-17,2.5,425,1062.5,Drafted correspondence and legal memorandum
TE04747,M0024,A020,2024-03-13,7.5,625,4687.5,Prepared matter status update
TE04748,M0013,A033,2026-06-15,7.5,425,3187.5,Coordinated matter planning with client team
TE04749,M0120,A027,2026-06-23,2.5,400,1000,Drafted correspondence and legal memorandum
TE04750,M0034,A013,2026-04-13,7.5,700,5250,Coordinated matter planning with client team
TE04751,M0067,A016,2023-03-19,2,650,1300,Coordinated matter planning with client team
TE04752,M0093,A013,2026-05-12,0.5,700,350,Analyzed regulatory and compliance requirements
TE04753,M0041,A018,2025-07-19,7.5,425,3187.5,Reviewed billing and budget status
TE04754,M0142,A022,2024-10-26,5.5,675,3712.5,Performed legal research
TE04755,M0050,A033,2025-08-11,4.5,425,1912.5,Prepared for witness interview
TE04756,M0098,A035,2023-08-03,4.5,625,2812.5,Analyzed regulatory and compliance requirements
TE04757,M0043,A036,2026-01-03,2,375,750,Reviewed case documents and prepared analysis
TE04758,M0115,A022,2025-05-04,3,675,2025,Coordinated matter planning with client team
TE04759,M0149,A013,2024-07-04,0.5,700,350,Prepared for witness interview
TE04760,M0144,A029,2024-12-01,4.5,600,2700,Conducted client strategy conference
TE04761,M0127,A012,2023-05-28,5.5,400,2200,Prepared matter status update
TE04762,M0048,A009,2026-01-13,5.5,450,2475,Reviewed case documents and prepared analysis
TE04763,M0115,A020,2025-06-19,1,625,625,Reviewed case documents and prepared analysis
TE04764,M0031,A023,2026-05-30,1,575,575,Drafted correspondence and legal memorandum
TE04765,M0104,A016,2025-09-22,5.5,650,3575,Performed legal research
TE04766,M0031,A032,2025-05-26,1,550,550,Prepared for witness interview
TE04767,M0033,A013,2024-07-17,1.5,700,1050,Drafted correspondence and legal memorandum
TE04768,M0015,A024,2026-04-07,1,450,450,Performed legal research
TE04769,M0048,A002,2026-05-03,2,550,1100,Analyzed regulatory and compliance requirements
TE04770,M0005,A015,2026-05-21,4.5,475,2137.5,Prepared matter status update
TE04771,M0067,A007,2023-05-25,5.5,675,3712.5,Conducted client strategy conference
TE04772,M0005,A016,2025-06-03,0.5,650,325,Prepared for witness interview
TE04773,M0104,A007,2025-07-17,2.5,675,1687.5,Prepared for witness interview
TE04774,M0077,A012,2023-12-13,1.5,400,600,Reviewed discovery materials
TE04775,M0060,A006,2024-04-09,6.5,375,2437.5,Reviewed billing and budget status
TE04776,M0106,A026,2025-07-21,4,525,2100,Reviewed case documents and prepared analysis
TE04777,M0053,A013,2026-04-22,1.5,700,1050,Performed legal research
TE04778,M0149,A031,2023-12-26,0.5,650,325,Drafted correspondence and legal memorandum
TE04779,M0138,A023,2023-10-25,1.5,575,862.5,Coordinated matter planning with client team
TE04780,M0037,A033,2026-03-05,1,425,425,Reviewed case documents and prepared analysis
TE04781,M0130,A028,2025-02-19,6,700,4200,Reviewed case documents and prepared analysis
TE04782,M0005,A026,2024-07-22,2.5,525,1312.5,Prepared matter status update
TE04783,M0078,A001,2024-07-20,4.5,650,2925,Performed legal research
TE04784,M0026,A020,2025-12-19,2.5,625,1562.5,Prepared matter status update
TE04785,M0048,A035,2026-04-13,1,625,625,Performed legal research
TE04786,M0101,A037,2026-03-23,8,675,5400,Conducted client strategy conference
TE04787,M0098,A001,2023-10-25,0.5,650,325,Reviewed discovery materials
TE04788,M0135,A015,2026-01-05,6.5,475,3087.5,Performed legal research
TE04789,M0040,A020,2025-07-03,2.5,625,1562.5,Prepared for witness interview
TE04790,M0110,A020,2026-01-22,1,625,625,Conducted client strategy conference
TE04791,M0042,A018,2025-09-13,6.5,425,2762.5,Drafted correspondence and legal memorandum
TE04792,M0058,A024,2024-04-17,1,450,450,Prepared for witness interview
TE04793,M0037,A012,2025-12-12,2.5,400,1000,Analyzed regulatory and compliance requirements
TE04794,M0095,A004,2025-06-19,3,725,2175,Analyzed regulatory and compliance requirements
TE04795,M0007,A017,2025-05-14,4.5,550,2475,Reviewed case documents and prepared analysis
TE04796,M0144,A020,2025-05-04,8,625,5000,Drafted correspondence and legal memorandum
TE04797,M0121,A020,2025-02-19,6.5,625,4062.5,Reviewed case documents and prepared analysis
TE04798,M0099,A010,2025-01-02,8,750,6000,Reviewed billing and budget status
TE04799,M0055,A020,2025-06-29,7,625,4375,Coordinated matter planning with client team
TE04800,M0023,A009,2025-04-26,3.5,450,1575,Reviewed billing and budget status
TE04801,M0090,A013,2023-09-21,6,700,4200,Reviewed billing and budget status
TE04802,M0049,A036,2023-09-04,3.5,375,1312.5,Coordinated matter planning with client team
TE04803,M0143,A003,2026-03-20,3.5,425,1487.5,Reviewed case documents and prepared analysis
TE04804,M0068,A022,2024-04-21,8,675,5400,Drafted correspondence and legal memorandum
TE04805,M0050,A003,2024-12-12,5,425,2125,Reviewed case documents and prepared analysis
TE04806,M0146,A028,2026-01-31,2.5,700,1750,Prepared matter status update
TE04807,M0145,A024,2026-03-18,0.5,450,225,Performed legal research
TE04808,M0135,A003,2025-05-24,4.5,425,1912.5,Prepared for witness interview
TE04809,M0134,A022,2024-02-19,2.5,675,1687.5,Performed legal research
TE04810,M0121,A011,2025-04-20,4,525,2100,Coordinated matter planning with client team
TE04811,M0080,A034,2024-11-12,4.5,725,3262.5,Conducted client strategy conference
TE04812,M0108,A004,2025-03-27,5.5,725,3987.5,Conducted client strategy conference
TE04813,M0112,A001,2026-03-16,2.5,650,1625,Prepared for witness interview
TE04814,M0056,A024,2025-09-02,3.5,450,1575,Conducted client strategy conference
TE04815,M0108,A028,2025-03-14,2.5,700,1750,Reviewed discovery materials
TE04816,M0096,A035,2026-06-11,3.5,625,2187.5,Conducted client strategy conference
TE04817,M0018,A028,2025-06-29,1,700,700,Reviewed billing and budget status
TE04818,M0087,A015,2026-01-23,0.5,475,237.5,Conducted client strategy conference
TE04819,M0147,A015,2023-04-30,6.5,475,3087.5,Conducted client strategy conference
TE04820,M0042,A028,2026-05-13,4.5,700,3150,Prepared for witness interview
TE04821,M0005,A034,2024-09-25,2.5,725,1812.5,Drafted correspondence and legal memorandum
TE04822,M0058,A014,2024-01-15,7,600,4200,Prepared matter status update
TE04823,M0034,A018,2026-04-15,2.5,425,1062.5,Prepared for witness interview
TE04824,M0046,A001,2024-09-02,1,650,650,Drafted correspondence and legal memorandum
TE04825,M0138,A020,2023-12-27,5,625,3125,Analyzed regulatory and compliance requirements
TE04826,M0076,A011,2025-01-05,5.5,525,2887.5,Prepared for witness interview
TE04827,M0046,A018,2024-11-17,1.5,425,637.5,Prepared for witness interview
TE04828,M0107,A016,2025-05-27,5,650,3250,Prepared matter status update
TE04829,M0087,A010,2026-04-02,6,750,4500,Coordinated matter planning with client team
TE04830,M0071,A004,2025-09-11,1.5,725,1087.5,Analyzed regulatory and compliance requirements
TE04831,M0137,A006,2025-01-16,4,375,1500,Conducted client strategy conference
TE04832,M0005,A018,2024-09-16,1,425,425,Reviewed case documents and prepared analysis
TE04833,M0105,A030,2026-03-26,3,475,1425,Prepared for witness interview
TE04834,M0024,A007,2024-03-15,1,675,675,Performed legal research
TE04835,M0070,A002,2025-10-15,1,550,550,Drafted correspondence and legal memorandum
TE04836,M0128,A001,2024-06-23,4.5,650,2925,Performed legal research
TE04837,M0021,A002,2026-06-25,8,550,4400,Performed legal research
TE04838,M0097,A010,2024-03-17,7.5,750,5625,Drafted correspondence and legal memorandum
TE04839,M0047,A018,2025-03-20,4,425,1700,Coordinated matter planning with client team
TE04840,M0099,A005,2025-03-07,3,625,1875,Prepared matter status update
TE04841,M0145,A024,2026-02-16,1,450,450,Coordinated matter planning with client team
TE04842,M0114,A004,2024-10-13,7,725,5075,Reviewed discovery materials
TE04843,M0088,A026,2024-05-24,5,525,2625,Reviewed discovery materials
TE04844,M0112,A012,2023-11-05,1.5,400,600,Reviewed discovery materials
TE04845,M0149,A002,2024-09-10,7.5,550,4125,Coordinated matter planning with client team
TE04846,M0106,A024,2026-05-31,2,450,900,Reviewed case documents and prepared analysis
TE04847,M0078,A004,2023-12-06,3.5,725,2537.5,Drafted correspondence and legal memorandum
TE04848,M0007,A010,2025-05-09,6,750,4500,Prepared matter status update
TE04849,M0096,A019,2026-04-21,1,725,725,Conducted client strategy conference
TE04850,M0024,A015,2025-10-18,8,475,3800,Conducted client strategy conference
TE04851,M0086,A009,2024-10-04,3,450,1350,Prepared for witness interview
TE04852,M0116,A023,2024-10-09,1.5,575,862.5,Reviewed discovery materials
TE04853,M0007,A002,2025-02-08,1.5,550,825,Reviewed discovery materials
TE04854,M0036,A006,2026-04-18,8,375,3000,Performed legal research
TE04855,M0069,A009,2026-01-24,7,450,3150,Coordinated matter planning with client team
TE04856,M0110,A018,2025-12-30,1.5,425,637.5,Analyzed regulatory and compliance requirements
TE04857,M0150,A021,2025-06-15,2.5,375,937.5,Prepared matter status update
TE04858,M0093,A025,2025-03-17,7.5,750,5625,Reviewed billing and budget status
TE04859,M0129,A023,2023-03-02,7,575,4025,Reviewed billing and budget status
TE04860,M0101,A002,2026-04-15,3.5,550,1925,Coordinated matter planning with client team
TE04861,M0017,A018,2024-03-31,1,425,425,Prepared for witness interview
TE04862,M0125,A030,2024-05-03,8,475,3800,Reviewed discovery materials
TE04863,M0087,A031,2026-07-18,7.5,650,4875,Prepared for witness interview
TE04864,M0038,A005,2023-11-01,3.5,625,2187.5,Reviewed case documents and prepared analysis
TE04865,M0003,A004,2024-02-25,4.5,725,3262.5,Reviewed billing and budget status
TE04866,M0040,A024,2026-02-02,3.5,450,1575,Conducted client strategy conference
TE04867,M0107,A007,2025-03-05,7.5,675,5062.5,Analyzed regulatory and compliance requirements
TE04868,M0001,A007,2026-06-27,3.5,675,2362.5,Performed legal research
TE04869,M0055,A034,2025-12-01,5,725,3625,Performed legal research
TE04870,M0116,A001,2025-07-12,6.5,650,4225,Conducted client strategy conference
TE04871,M0046,A012,2025-11-14,5,400,2000,Reviewed billing and budget status
TE04872,M0146,A026,2025-06-21,4,525,2100,Analyzed regulatory and compliance requirements
TE04873,M0099,A028,2025-01-07,1,700,700,Prepared for witness interview
TE04874,M0062,A004,2024-06-19,5.5,725,3987.5,Conducted client strategy conference
TE04875,M0041,A006,2025-12-14,1,375,375,Prepared matter status update
TE04876,M0114,A005,2024-06-28,5.5,625,3437.5,Reviewed billing and budget status
TE04877,M0028,A027,2025-06-29,2,400,800,Prepared matter status update
TE04878,M0098,A014,2023-11-02,4.5,600,2700,Reviewed discovery materials
TE04879,M0121,A035,2024-08-12,4,625,2500,Analyzed regulatory and compliance requirements
TE04880,M0127,A017,2023-12-08,4,550,2200,Prepared for witness interview
TE04881,M0094,A026,2025-06-02,2,525,1050,Reviewed case documents and prepared analysis
TE04882,M0032,A009,2025-10-11,6.5,450,2925,Reviewed discovery materials
TE04883,M0016,A018,2023-04-15,3,425,1275,Conducted client strategy conference
TE04884,M0042,A030,2026-04-04,3,475,1425,Prepared matter status update
TE04885,M0093,A022,2025-09-26,0.5,675,337.5,Reviewed billing and budget status
TE04886,M0095,A007,2023-08-30,6.5,675,4387.5,Prepared for witness interview
TE04887,M0094,A019,2026-05-05,3,725,2175,Performed legal research
TE04888,M0040,A013,2026-06-14,1.5,700,1050,Performed legal research
TE04889,M0026,A011,2026-06-11,1.5,525,787.5,Prepared matter status update
TE04890,M0009,A022,2023-11-14,3,675,2025,Prepared matter status update
TE04891,M0040,A014,2026-03-03,1,600,600,Analyzed regulatory and compliance requirements
TE04892,M0027,A029,2024-02-26,4.5,600,2700,Prepared matter status update
TE04893,M0115,A025,2025-11-04,8,750,6000,Reviewed discovery materials
TE04894,M0042,A014,2025-10-07,0.5,600,300,Conducted client strategy conference
TE04895,M0100,A024,2023-07-16,2.5,450,1125,Reviewed discovery materials
TE04896,M0122,A012,2025-12-14,5,400,2000,Prepared matter status update
TE04897,M0065,A023,2026-01-11,6.5,575,3737.5,Coordinated matter planning with client team
TE04898,M0062,A011,2025-05-02,7,525,3675,Prepared for witness interview
TE04899,M0081,A021,2025-05-20,2.5,375,937.5,Analyzed regulatory and compliance requirements
TE04900,M0062,A006,2025-05-23,7.5,375,2812.5,Analyzed regulatory and compliance requirements
TE04901,M0009,A005,2024-07-29,6.5,625,4062.5,Coordinated matter planning with client team
TE04902,M0041,A010,2026-03-09,3.5,750,2625,Reviewed discovery materials
TE04903,M0080,A024,2025-11-14,6,450,2700,Prepared matter status update
TE04904,M0098,A024,2023-08-10,8,450,3600,Performed legal research
TE04905,M0080,A014,2025-01-22,1.5,600,900,Analyzed regulatory and compliance requirements
TE04906,M0101,A005,2025-11-30,2,625,1250,Conducted client strategy conference
TE04907,M0136,A015,2025-11-10,2.5,475,1187.5,Analyzed regulatory and compliance requirements
TE04908,M0080,A032,2024-01-12,6,550,3300,Prepared for witness interview
TE04909,M0075,A018,2025-12-28,2,425,850,Reviewed case documents and prepared analysis
TE04910,M0026,A025,2025-04-28,7,750,5250,Prepared matter status update
TE04911,M0086,A010,2026-05-20,1.5,750,1125,Performed legal research
TE04912,M0082,A026,2026-04-18,7.5,525,3937.5,Reviewed billing and budget status
TE04913,M0126,A025,2024-07-13,1.5,750,1125,Analyzed regulatory and compliance requirements
TE04914,M0015,A037,2025-10-15,6.5,675,4387.5,Coordinated matter planning with client team
TE04915,M0050,A031,2025-10-07,3,650,1950,Coordinated matter planning with client team
TE04916,M0003,A023,2024-03-27,7,575,4025,Reviewed case documents and prepared analysis
TE04917,M0027,A029,2024-05-11,4,600,2400,Coordinated matter planning with client team
TE04918,M0070,A017,2025-10-13,4.5,550,2475,Reviewed billing and budget status
TE04919,M0126,A002,2026-01-14,5,550,2750,Reviewed discovery materials
TE04920,M0001,A026,2026-06-13,1.5,525,787.5,Prepared for witness interview
TE04921,M0065,A030,2026-07-17,1,475,475,Drafted correspondence and legal memorandum
TE04922,M0046,A036,2026-01-31,4,375,1500,Conducted client strategy conference
TE04923,M0070,A033,2025-10-16,7.5,425,3187.5,Performed legal research
TE04924,M0092,A035,2026-01-19,7.5,625,4687.5,Reviewed discovery materials
TE04925,M0123,A023,2026-05-20,6,575,3450,Analyzed regulatory and compliance requirements
TE04926,M0023,A020,2025-04-27,1.5,625,937.5,Coordinated matter planning with client team
TE04927,M0111,A013,2026-02-26,6,700,4200,Drafted correspondence and legal memorandum
TE04928,M0063,A026,2024-03-17,2.5,525,1312.5,Reviewed case documents and prepared analysis
TE04929,M0083,A016,2024-11-12,5,650,3250,Prepared for witness interview
TE04930,M0137,A006,2024-09-03,1,375,375,Coordinated matter planning with client team
TE04931,M0123,A015,2026-01-14,7,475,3325,Conducted client strategy conference
TE04932,M0098,A020,2023-11-13,1,625,625,Reviewed discovery materials
TE04933,M0102,A013,2026-03-20,2.5,700,1750,Prepared for witness interview
TE04934,M0079,A009,2026-04-23,5.5,450,2475,Performed legal research
TE04935,M0104,A025,2025-11-27,4,750,3000,Reviewed billing and budget status
TE04936,M0026,A014,2025-06-24,2.5,600,1500,Reviewed case documents and prepared analysis
TE04937,M0036,A033,2025-05-09,1,425,425,Reviewed case documents and prepared analysis
TE04938,M0146,A010,2024-05-07,5,750,3750,Drafted correspondence and legal memorandum
TE04939,M0079,A023,2026-03-02,3,575,1725,Performed legal research
TE04940,M0060,A002,2026-01-28,1,550,550,Drafted correspondence and legal memorandum
TE04941,M0148,A015,2025-01-05,5.5,475,2612.5,Analyzed regulatory and compliance requirements
TE04942,M0119,A004,2024-02-11,1,725,725,Conducted client strategy conference
TE04943,M0038,A025,2023-04-19,5,750,3750,Reviewed discovery materials
TE04944,M0024,A022,2024-06-13,1,675,675,Coordinated matter planning with client team
TE04945,M0005,A034,2024-11-10,7.5,725,5437.5,Reviewed billing and budget status
TE04946,M0062,A003,2024-12-10,0.5,425,212.5,Coordinated matter planning with client team
TE04947,M0145,A015,2026-06-03,6,475,2850,Reviewed billing and budget status
TE04948,M0032,A012,2026-03-21,7.5,400,3000,Analyzed regulatory and compliance requirements
TE04949,M0028,A034,2025-08-04,4.5,725,3262.5,Prepared matter status update
TE04950,M0134,A024,2025-05-15,8,450,3600,Prepared for witness interview
TE04951,M0041,A036,2026-01-13,1,375,375,Reviewed discovery materials
TE04952,M0042,A027,2026-01-04,6,400,2400,Reviewed case documents and prepared analysis
TE04953,M0053,A019,2026-05-30,7,725,5075,Performed legal research
TE04954,M0149,A032,2024-06-30,3,550,1650,Drafted correspondence and legal memorandum
TE04955,M0068,A017,2023-09-26,3,550,1650,Prepared for witness interview
TE04956,M0114,A005,2025-04-26,3.5,625,2187.5,Prepared matter status update
TE04957,M0039,A028,2024-02-28,4.5,700,3150,Performed legal research
TE04958,M0061,A019,2026-01-07,1,725,725,Conducted client strategy conference
TE04959,M0066,A002,2026-07-23,1,550,550,Coordinated matter planning with client team
TE04960,M0103,A023,2024-05-30,5,575,2875,Coordinated matter planning with client team
TE04961,M0142,A030,2025-01-12,5,475,2375,Performed legal research
TE04962,M0044,A020,2025-10-06,7,625,4375,Prepared for witness interview
TE04963,M0036,A006,2026-07-02,2.5,375,937.5,Drafted correspondence and legal memorandum
TE04964,M0121,A001,2025-01-27,3,650,1950,Drafted correspondence and legal memorandum
TE04965,M0102,A019,2025-07-19,2.5,725,1812.5,Drafted correspondence and legal memorandum
TE04966,M0076,A024,2025-11-07,1,450,450,Coordinated matter planning with client team
TE04967,M0027,A019,2024-03-29,0.5,725,362.5,Reviewed billing and budget status
TE04968,M0084,A015,2026-03-29,3,475,1425,Performed legal research
TE04969,M0124,A028,2025-06-16,6.5,700,4550,Reviewed case documents and prepared analysis
TE04970,M0117,A030,2023-05-25,3.5,475,1662.5,Reviewed billing and budget status
TE04971,M0041,A023,2025-07-22,2.5,575,1437.5,Conducted client strategy conference
TE04972,M0066,A020,2025-11-24,1,625,625,Conducted client strategy conference
TE04973,M0096,A020,2025-08-29,3,625,1875,Coordinated matter planning with client team
TE04974,M0034,A003,2026-02-27,8,425,3400,Conducted client strategy conference
TE04975,M0138,A028,2023-11-19,7.5,700,5250,Analyzed regulatory and compliance requirements
TE04976,M0054,A001,2026-06-06,7.5,650,4875,Conducted client strategy conference
TE04977,M0019,A025,2026-03-05,4,750,3000,Analyzed regulatory and compliance requirements
TE04978,M0024,A024,2025-07-30,1,450,450,Prepared matter status update
TE04979,M0003,A017,2024-01-20,2.5,550,1375,Conducted client strategy conference
TE04980,M0050,A004,2025-03-18,2.5,725,1812.5,Analyzed regulatory and compliance requirements
TE04981,M0127,A026,2023-11-07,4,525,2100,Performed legal research
TE04982,M0014,A011,2026-06-09,1,525,525,Reviewed discovery materials
TE04983,M0066,A022,2024-11-10,4,675,2700,Reviewed discovery materials
TE04984,M0072,A034,2024-04-05,8,725,5800,Reviewed case documents and prepared analysis
TE04985,M0009,A003,2024-01-25,7,425,2975,Reviewed case documents and prepared analysis
TE04986,M0057,A020,2024-04-01,6.5,625,4062.5,Conducted client strategy conference
TE04987,M0011,A037,2025-07-26,1.5,675,1012.5,Prepared matter status update
TE04988,M0015,A024,2025-11-19,5,450,2250,Reviewed discovery materials
TE04989,M0087,A032,2026-07-20,8,550,4400,Conducted client strategy conference
TE04990,M0001,A012,2025-02-01,1,400,400,Prepared matter status update
TE04991,M0114,A030,2026-02-22,5.5,475,2612.5,Drafted correspondence and legal memorandum
TE04992,M0130,A023,2026-05-07,7.5,575,4312.5,Conducted client strategy conference
TE04993,M0099,A024,2025-03-25,7,450,3150,Performed legal research
TE04994,M0144,A002,2025-10-10,3,550,1650,Reviewed billing and budget status
TE04995,M0007,A037,2025-05-22,5,675,3375,Drafted correspondence and legal memorandum
TE04996,M0142,A002,2026-03-02,6.5,550,3575,Analyzed regulatory and compliance requirements
TE04997,M0035,A035,2024-05-09,1,625,625,Performed legal research
TE04998,M0044,A017,2025-07-17,5.5,550,3025,Drafted correspondence and legal memorandum
TE04999,M0130,A025,2026-06-09,8,750,6000,Reviewed billing and budget status
TE05000,M0036,A009,2025-04-15,1.5,450,675,Prepared for witness interview
TE05001,M0001,A009,2025-02-21,7.5,450,3375,Reviewed discovery materials
TE05002,M0005,A008,2023-06-30,1,575,575,Conducted client strategy conference
TE05003,M0060,A032,2024-12-05,0.5,550,275,Reviewed case documents and prepared analysis
TE05004,M0126,A007,2025-12-01,3,675,2025,Prepared for witness interview
TE05005,M0027,A015,2024-04-02,4,475,1900,Coordinated matter planning with client team
TE05006,M0120,A020,2026-04-29,2,625,1250,Analyzed regulatory and compliance requirements
TE05007,M0094,A016,2026-04-30,7.5,650,4875,Reviewed discovery materials
TE05008,M0003,A021,2025-09-06,1,375,375,Analyzed regulatory and compliance requirements
TE05009,M0124,A005,2025-01-15,7.5,625,4687.5,Performed legal research
TE05010,M0060,A018,2024-03-02,1.5,425,637.5,Conducted client strategy conference
TE05011,M0005,A003,2024-12-11,4.5,425,1912.5,Prepared matter status update
TE05012,M0029,A033,2025-02-20,1.5,425,637.5,Reviewed billing and budget status
TE05013,M0015,A004,2025-12-02,3.5,725,2537.5,Reviewed billing and budget status
TE05014,M0106,A009,2025-09-17,2.5,450,1125,Coordinated matter planning with client team
TE05015,M0068,A013,2024-04-05,2.5,700,1750,Performed legal research
TE05016,M0133,A005,2024-11-16,1.5,625,937.5,Prepared matter status update
TE05017,M0047,A004,2025-04-27,8,725,5800,Conducted client strategy conference
TE05018,M0013,A002,2025-09-18,6,550,3300,Prepared for witness interview
TE05019,M0038,A015,2023-08-31,5,475,2375,Coordinated matter planning with client team
TE05020,M0058,A009,2023-11-18,6.5,450,2925,Coordinated matter planning with client team
TE05021,M0094,A020,2025-03-15,4,625,2500,Conducted client strategy conference
TE05022,M0076,A036,2025-08-27,3.5,375,1312.5,Reviewed discovery materials
TE05023,M0132,A014,2025-03-29,7.5,600,4500,Drafted correspondence and legal memorandum
TE05024,M0071,A002,2025-09-20,6,550,3300,Coordinated matter planning with client team
TE05025,M0129,A033,2023-09-16,3,425,1275,Conducted client strategy conference
TE05026,M0108,A024,2025-05-06,6,450,2700,Reviewed case documents and prepared analysis
TE05027,M0146,A032,2025-04-08,7,550,3850,Prepared for witness interview
TE05028,M0016,A016,2026-06-25,4,650,2600,Prepared for witness interview
TE05029,M0048,A035,2026-02-16,4.5,625,2812.5,Analyzed regulatory and compliance requirements
TE05030,M0149,A002,2024-09-13,6,550,3300,Prepared for witness interview
TE05031,M0078,A029,2023-10-15,1,600,600,Prepared matter status update
TE05032,M0135,A035,2026-01-06,5.5,625,3437.5,Drafted correspondence and legal memorandum
TE05033,M0105,A017,2025-02-16,1.5,550,825,Prepared for witness interview
TE05034,M0095,A004,2024-08-08,8,725,5800,Performed legal research
TE05035,M0038,A017,2023-09-05,3.5,550,1925,Drafted correspondence and legal memorandum
TE05036,M0149,A033,2024-01-16,6,425,2550,Drafted correspondence and legal memorandum
TE05037,M0048,A021,2026-04-15,2.5,375,937.5,Drafted correspondence and legal memorandum
TE05038,M0052,A003,2024-11-24,1.5,425,637.5,Conducted client strategy conference
TE05039,M0141,A033,2025-12-21,2.5,425,1062.5,Reviewed discovery materials
TE05040,M0032,A031,2025-12-14,4,650,2600,Performed legal research
TE05041,M0019,A025,2026-07-17,5.5,750,4125,Conducted client strategy conference
TE05042,M0061,A009,2024-10-14,4,450,1800,Prepared for witness interview
TE05043,M0046,A029,2025-09-13,1.5,600,900,Drafted correspondence and legal memorandum
TE05044,M0037,A028,2025-12-14,0.5,700,350,Analyzed regulatory and compliance requirements
TE05045,M0047,A015,2025-03-30,6,475,2850,Conducted client strategy conference
TE05046,M0042,A018,2026-06-28,4,425,1700,Analyzed regulatory and compliance requirements
TE05047,M0099,A012,2024-12-24,7,400,2800,Reviewed billing and budget status
TE05048,M0106,A032,2025-01-09,1.5,550,825,Reviewed billing and budget status
TE05049,M0063,A029,2024-10-10,7.5,600,4500,Reviewed discovery materials
TE05050,M0021,A036,2023-10-18,7.5,375,2812.5,Prepared matter status update
TE05051,M0041,A009,2025-12-07,0.5,450,225,Coordinated matter planning with client team
TE05052,M0031,A012,2024-11-25,3.5,400,1400,Conducted client strategy conference
TE05053,M0089,A034,2025-05-28,8,725,5800,Conducted client strategy conference
TE05054,M0053,A029,2025-12-10,6,600,3600,Prepared for witness interview
TE05055,M0119,A029,2024-01-21,1,600,600,Prepared for witness interview
TE05056,M0075,A012,2023-11-25,7.5,400,3000,Reviewed case documents and prepared analysis
TE05057,M0101,A031,2026-05-24,3.5,650,2275,Prepared for witness interview
TE05058,M0029,A036,2025-04-16,6.5,375,2437.5,Prepared for witness interview
TE05059,M0142,A014,2024-02-20,1.5,600,900,Performed legal research
TE05060,M0003,A021,2023-12-03,3.5,375,1312.5,Prepared for witness interview
TE05061,M0022,A032,2024-04-26,5.5,550,3025,Reviewed case documents and prepared analysis
TE05062,M0146,A024,2024-03-26,5,450,2250,Analyzed regulatory and compliance requirements
TE05063,M0046,A029,2026-03-05,2.5,600,1500,Prepared matter status update
TE05064,M0147,A022,2023-05-15,8,675,5400,Coordinated matter planning with client team
TE05065,M0139,A032,2023-10-23,5,550,2750,Reviewed billing and budget status
TE05066,M0017,A003,2024-10-18,0.5,425,212.5,Prepared matter status update
TE05067,M0060,A020,2026-06-18,5,625,3125,Reviewed case documents and prepared analysis
TE05068,M0125,A028,2026-05-09,2.5,700,1750,Reviewed case documents and prepared analysis
TE05069,M0091,A020,2024-10-15,4,625,2500,Reviewed discovery materials
TE05070,M0067,A037,2023-05-16,4,675,2700,Coordinated matter planning with client team
TE05071,M0071,A013,2026-05-30,6,700,4200,Conducted client strategy conference
TE05072,M0080,A002,2025-05-17,6,550,3300,Performed legal research
TE05073,M0095,A014,2024-10-10,5,600,3000,Prepared matter status update
TE05074,M0130,A020,2026-04-15,3.5,625,2187.5,Drafted correspondence and legal memorandum
TE05075,M0149,A024,2023-12-24,6,450,2700,Reviewed case documents and prepared analysis
TE05076,M0003,A006,2026-04-11,1,375,375,Coordinated matter planning with client team
TE05077,M0020,A022,2025-12-17,6,675,4050,Reviewed discovery materials
TE05078,M0003,A018,2025-12-04,1,425,425,Conducted client strategy conference
TE05079,M0112,A006,2025-05-17,3.5,375,1312.5,Reviewed billing and budget status
TE05080,M0001,A035,2026-03-08,2,625,1250,Drafted correspondence and legal memorandum
TE05081,M0072,A001,2024-11-10,5,650,3250,Reviewed case documents and prepared analysis
TE05082,M0041,A016,2026-05-26,6,650,3900,Reviewed case documents and prepared analysis
TE05083,M0005,A003,2026-06-16,3,425,1275,Reviewed billing and budget status
TE05084,M0150,A027,2026-01-01,7,400,2800,Reviewed billing and budget status
TE05085,M0032,A035,2026-03-22,7.5,625,4687.5,Conducted client strategy conference
TE05086,M0108,A001,2025-05-03,2,650,1300,Drafted correspondence and legal memorandum
TE05087,M0050,A010,2024-11-01,7,750,5250,Performed legal research
TE05088,M0137,A036,2024-12-16,5,375,1875,Analyzed regulatory and compliance requirements
TE05089,M0052,A020,2023-12-08,7.5,625,4687.5,Reviewed discovery materials
TE05090,M0058,A015,2024-05-21,0.5,475,237.5,Conducted client strategy conference
TE05091,M0146,A026,2026-03-01,0.5,525,262.5,Coordinated matter planning with client team
TE05092,M0011,A010,2024-08-06,2.5,750,1875,Drafted correspondence and legal memorandum
TE05093,M0021,A007,2024-01-11,7.5,675,5062.5,Reviewed discovery materials
TE05094,M0102,A004,2026-07-08,5.5,725,3987.5,Reviewed billing and budget status
TE05095,M0047,A001,2024-12-09,6.5,650,4225,Drafted correspondence and legal memorandum
TE05096,M0073,A003,2023-10-08,8,425,3400,Analyzed regulatory and compliance requirements
TE05097,M0099,A030,2025-04-10,2.5,475,1187.5,Prepared for witness interview
TE05098,M0040,A018,2025-06-14,0.5,425,212.5,Prepared for witness interview
TE05099,M0117,A013,2023-07-15,7.5,700,5250,Reviewed case documents and prepared analysis
TE05100,M0065,A009,2026-06-28,6.5,450,2925,Reviewed discovery materials
TE05101,M0096,A029,2026-02-12,4.5,600,2700,Reviewed discovery materials
TE05102,M0063,A014,2024-01-23,6,600,3600,Reviewed case documents and prepared analysis
TE05103,M0027,A033,2024-07-26,4.5,425,1912.5,Reviewed case documents and prepared analysis
TE05104,M0135,A019,2025-09-18,5,725,3625,Coordinated matter planning with client team
TE05105,M0026,A036,2025-09-26,0.5,375,187.5,Prepared matter status update
TE05106,M0111,A001,2026-02-01,2,650,1300,Drafted correspondence and legal memorandum
TE05107,M0041,A001,2025-10-05,3,650,1950,Conducted client strategy conference
TE05108,M0120,A007,2026-07-12,4.5,675,3037.5,Coordinated matter planning with client team
TE05109,M0061,A021,2023-08-26,8,375,3000,Reviewed discovery materials
TE05110,M0028,A029,2025-06-07,3,600,1800,Reviewed billing and budget status
TE05111,M0057,A028,2024-12-14,2,700,1400,Reviewed billing and budget status
TE05112,M0019,A036,2026-06-17,1.5,375,562.5,Conducted client strategy conference
TE05113,M0135,A025,2025-09-27,4.5,750,3375,Analyzed regulatory and compliance requirements
TE05114,M0023,A023,2024-11-18,7,575,4025,Performed legal research
TE05115,M0040,A025,2026-06-29,2,750,1500,Prepared for witness interview
TE05116,M0020,A013,2025-10-13,5.5,700,3850,Prepared matter status update
TE05117,M0148,A025,2025-01-18,3.5,750,2625,Reviewed discovery materials
TE05118,M0107,A011,2025-03-30,2,525,1050,Prepared for witness interview
TE05119,M0044,A005,2026-06-24,2.5,625,1562.5,Analyzed regulatory and compliance requirements
TE05120,M0142,A037,2025-07-04,1.5,675,1012.5,Reviewed discovery materials
TE05121,M0003,A013,2025-04-02,2,700,1400,Prepared matter status update
TE05122,M0141,A023,2025-12-12,7.5,575,4312.5,Reviewed case documents and prepared analysis
TE05123,M0021,A027,2026-06-14,7,400,2800,Prepared for witness interview
TE05124,M0014,A030,2025-05-06,1,475,475,Analyzed regulatory and compliance requirements
TE05125,M0133,A005,2024-02-08,3,625,1875,Reviewed billing and budget status
TE05126,M0054,A011,2025-06-16,3,525,1575,Analyzed regulatory and compliance requirements
TE05127,M0036,A018,2024-03-10,1,425,425,Prepared for witness interview
TE05128,M0121,A018,2024-11-13,5.5,425,2337.5,Conducted client strategy conference
TE05129,M0083,A019,2026-03-11,7.5,725,5437.5,Prepared matter status update
TE05130,M0079,A035,2026-03-31,1.5,625,937.5,Prepared matter status update
TE05131,M0142,A004,2025-12-27,2,725,1450,Drafted correspondence and legal memorandum
TE05132,M0044,A006,2025-12-04,6.5,375,2437.5,Reviewed discovery materials
TE05133,M0056,A003,2026-04-12,1.5,425,637.5,Reviewed discovery materials
TE05134,M0060,A004,2025-05-22,1.5,725,1087.5,Analyzed regulatory and compliance requirements
TE05135,M0010,A018,2026-07-10,1,425,425,Analyzed regulatory and compliance requirements
TE05136,M0055,A012,2026-04-15,6,400,2400,Drafted correspondence and legal memorandum
TE05137,M0001,A027,2026-07-26,2,400,800,Drafted correspondence and legal memorandum
TE05138,M0057,A032,2024-10-12,5,550,2750,Analyzed regulatory and compliance requirements
TE05139,M0026,A007,2024-11-10,7.5,675,5062.5,Coordinated matter planning with client team
TE05140,M0059,A036,2023-04-06,5,375,1875,Conducted client strategy conference
TE05141,M0133,A017,2024-10-22,7.5,550,4125,Prepared for witness interview
TE05142,M0114,A005,2025-04-13,7.5,625,4687.5,Drafted correspondence and legal memorandum
TE05143,M0128,A013,2024-03-31,2,700,1400,Analyzed regulatory and compliance requirements
TE05144,M0029,A036,2025-05-14,2,375,750,Prepared for witness interview
TE05145,M0124,A011,2026-07-27,0.5,525,262.5,Coordinated matter planning with client team
TE05146,M0087,A017,2026-04-22,3.5,550,1925,Drafted correspondence and legal memorandum
TE05147,M0046,A036,2025-10-28,5.5,375,2062.5,Reviewed billing and budget status
TE05148,M0005,A016,2026-07-28,5.5,650,3575,Coordinated matter planning with client team
TE05149,M0073,A033,2025-03-14,0.5,425,212.5,Drafted correspondence and legal memorandum
TE05150,M0062,A019,2026-05-17,7,725,5075,Reviewed case documents and prepared analysis
TE05151,M0038,A008,2023-09-10,7,575,4025,Analyzed regulatory and compliance requirements
TE05152,M0032,A005,2026-03-12,8,625,5000,Conducted client strategy conference
TE05153,M0021,A031,2024-10-13,6.5,650,4225,Coordinated matter planning with client team
TE05154,M0007,A012,2025-03-15,2,400,800,Reviewed case documents and prepared analysis
TE05155,M0113,A012,2026-03-11,4,400,1600,Conducted client strategy conference
TE05156,M0074,A021,2026-04-27,3.5,375,1312.5,Conducted client strategy conference
TE05157,M0017,A020,2023-09-06,5.5,625,3437.5,Prepared for witness interview
TE05158,M0097,A013,2023-08-09,2,700,1400,Coordinated matter planning with client team
TE05159,M0071,A001,2026-01-28,3.5,650,2275,Drafted correspondence and legal memorandum
TE05160,M0044,A033,2025-08-09,7.5,425,3187.5,Drafted correspondence and legal memorandum
TE05161,M0047,A019,2025-05-04,7,725,5075,Prepared matter status update
TE05162,M0030,A016,2024-11-13,2,650,1300,Coordinated matter planning with client team
TE05163,M0024,A026,2025-07-02,1,525,525,Prepared matter status update
TE05164,M0028,A017,2025-05-03,0.5,550,275,Performed legal research
TE05165,M0010,A030,2024-11-04,2,475,950,Analyzed regulatory and compliance requirements
TE05166,M0024,A034,2024-02-10,4,725,2900,Performed legal research
TE05167,M0027,A017,2024-02-03,8,550,4400,Prepared for witness interview
TE05168,M0140,A007,2025-08-12,5,675,3375,Drafted correspondence and legal memorandum
TE05169,M0038,A001,2023-11-04,4.5,650,2925,Reviewed case documents and prepared analysis
TE05170,M0134,A001,2023-07-16,6,650,3900,Reviewed case documents and prepared analysis
TE05171,M0101,A033,2025-07-27,1.5,425,637.5,Analyzed regulatory and compliance requirements
TE05172,M0057,A018,2024-04-02,8,425,3400,Prepared for witness interview
TE05173,M0062,A004,2023-05-14,4,725,2900,Reviewed billing and budget status
TE05174,M0138,A026,2024-01-12,7.5,525,3937.5,Performed legal research
TE05175,M0091,A037,2026-06-18,6,675,4050,Coordinated matter planning with client team
TE05176,M0015,A016,2026-04-23,3.5,650,2275,Performed legal research
TE05177,M0115,A026,2025-05-24,6.5,525,3412.5,Reviewed discovery materials
TE05178,M0118,A009,2026-05-30,1,450,450,Prepared matter status update
TE05179,M0044,A033,2026-05-23,1.5,425,637.5,Performed legal research
TE05180,M0037,A031,2026-01-21,5.5,650,3575,Reviewed billing and budget status
TE05181,M0007,A026,2025-03-15,2,525,1050,Reviewed discovery materials
TE05182,M0067,A031,2023-04-06,5.5,650,3575,Reviewed billing and budget status
TE05183,M0021,A023,2024-07-19,2,575,1150,Conducted client strategy conference
TE05184,M0139,A002,2023-09-26,4.5,550,2475,Drafted correspondence and legal memorandum
TE05185,M0027,A018,2024-01-21,3.5,425,1487.5,Analyzed regulatory and compliance requirements
TE05186,M0005,A017,2024-12-22,7.5,550,4125,Conducted client strategy conference
TE05187,M0142,A004,2025-05-25,7,725,5075,Analyzed regulatory and compliance requirements
TE05188,M0149,A027,2024-05-11,7.5,400,3000,Performed legal research
TE05189,M0135,A024,2025-05-12,3,450,1350,Conducted client strategy conference
TE05190,M0047,A028,2025-05-06,3,700,2100,Reviewed case documents and prepared analysis
TE05191,M0026,A014,2025-03-03,7,600,4200,Drafted correspondence and legal memorandum
TE05192,M0051,A014,2025-08-08,7,600,4200,Reviewed discovery materials
TE05193,M0107,A028,2025-07-02,0.5,700,350,Performed legal research
TE05194,M0067,A016,2023-06-04,6,650,3900,Coordinated matter planning with client team
TE05195,M0078,A028,2023-10-28,3,700,2100,Prepared for witness interview
TE05196,M0098,A018,2023-07-01,7.5,425,3187.5,Drafted correspondence and legal memorandum
TE05197,M0125,A018,2025-01-30,1,425,425,Analyzed regulatory and compliance requirements
TE05198,M0141,A012,2025-12-18,3,400,1200,Reviewed discovery materials
TE05199,M0133,A026,2024-05-07,5,525,2625,Reviewed discovery materials
TE05200,M0015,A003,2026-07-23,2.5,425,1062.5,Conducted client strategy conference
TE05201,M0022,A017,2024-09-08,2.5,550,1375,Conducted client strategy conference
TE05202,M0089,A004,2025-10-08,8,725,5800,Performed legal research
TE05203,M0077,A020,2024-03-26,1.5,625,937.5,Prepared for witness interview
TE05204,M0114,A030,2025-10-07,8,475,3800,Analyzed regulatory and compliance requirements
TE05205,M0144,A032,2026-06-14,4.5,550,2475,Reviewed billing and budget status
TE05206,M0088,A034,2023-10-21,7,725,5075,Coordinated matter planning with client team
TE05207,M0069,A008,2026-07-21,7.5,575,4312.5,Prepared matter status update
TE05208,M0130,A022,2025-04-26,6,675,4050,Reviewed billing and budget status
TE05209,M0140,A028,2025-11-22,8,700,5600,Analyzed regulatory and compliance requirements
TE05210,M0038,A022,2023-07-04,4.5,675,3037.5,Conducted client strategy conference
TE05211,M0131,A036,2024-07-27,1,375,375,Conducted client strategy conference
TE05212,M0122,A009,2023-12-24,5,450,2250,Performed legal research
TE05213,M0066,A029,2026-02-06,2.5,600,1500,Prepared for witness interview
TE05214,M0013,A001,2025-09-01,0.5,650,325,Prepared for witness interview
TE05215,M0133,A008,2026-07-09,5,575,2875,Drafted correspondence and legal memorandum
TE05216,M0075,A019,2026-02-09,4,725,2900,Coordinated matter planning with client team
TE05217,M0145,A023,2025-10-14,1.5,575,862.5,Reviewed billing and budget status
TE05218,M0099,A025,2025-03-04,7.5,750,5625,Performed legal research
TE05219,M0092,A027,2024-03-18,1.5,400,600,Prepared matter status update
TE05220,M0059,A033,2023-11-27,6.5,425,2762.5,Drafted correspondence and legal memorandum
TE05221,M0055,A017,2025-09-14,4.5,550,2475,Prepared matter status update
TE05222,M0141,A026,2026-04-15,2,525,1050,Prepared for witness interview
TE05223,M0046,A034,2026-06-26,6.5,725,4712.5,Reviewed billing and budget status
TE05224,M0066,A036,2025-08-25,6.5,375,2437.5,Prepared for witness interview
TE05225,M0045,A023,2025-07-23,2,575,1150,Analyzed regulatory and compliance requirements
TE05226,M0031,A019,2026-05-12,1.5,725,1087.5,Coordinated matter planning with client team
TE05227,M0052,A020,2024-01-02,7.5,625,4687.5,Prepared matter status update
TE05228,M0010,A009,2025-03-29,3,450,1350,Drafted correspondence and legal memorandum
TE05229,M0082,A008,2025-09-29,0.5,575,287.5,Coordinated matter planning with client team
TE05230,M0141,A020,2026-05-14,7.5,625,4687.5,Reviewed case documents and prepared analysis
TE05231,M0032,A035,2026-04-24,1,625,625,Drafted correspondence and legal memorandum
TE05232,M0032,A009,2026-05-25,1,450,450,Performed legal research
TE05233,M0047,A017,2025-01-30,3,550,1650,Prepared for witness interview
TE05234,M0141,A017,2026-05-31,5.5,550,3025,Conducted client strategy conference
TE05235,M0030,A012,2025-09-17,4.5,400,1800,Reviewed discovery materials
TE05236,M0094,A008,2025-08-31,1.5,575,862.5,Prepared for witness interview
TE05237,M0129,A028,2023-08-27,5.5,700,3850,Prepared for witness interview
TE05238,M0041,A009,2026-06-20,2.5,450,1125,Conducted client strategy conference
TE05239,M0142,A023,2024-01-21,6.5,575,3737.5,Prepared for witness interview
TE05240,M0111,A029,2026-02-07,1.5,600,900,Performed legal research
TE05241,M0129,A010,2023-03-24,5,750,3750,Analyzed regulatory and compliance requirements
TE05242,M0103,A036,2024-12-01,6,375,2250,Prepared matter status update
TE05243,M0032,A016,2025-11-17,1,650,650,Prepared for witness interview
TE05244,M0059,A025,2023-10-27,4.5,750,3375,Coordinated matter planning with client team
TE05245,M0072,A037,2025-12-03,5.5,675,3712.5,Prepared matter status update
TE05246,M0003,A036,2025-03-03,0.5,375,187.5,Reviewed case documents and prepared analysis
TE05247,M0107,A027,2025-05-04,5,400,2000,Drafted correspondence and legal memorandum
TE05248,M0003,A005,2026-03-29,3,625,1875,Performed legal research
TE05249,M0150,A010,2026-05-15,4,750,3000,Conducted client strategy conference
TE05250,M0026,A035,2025-01-30,1.5,625,937.5,Performed legal research
TE05251,M0051,A023,2024-11-23,0.5,575,287.5,Prepared for witness interview
TE05252,M0133,A025,2026-07-27,4.5,750,3375,Conducted client strategy conference
TE05253,M0063,A027,2025-08-07,2.5,400,1000,Performed legal research
TE05254,M0018,A016,2025-10-15,0.5,650,325,Reviewed billing and budget status
TE05255,M0141,A006,2026-01-27,0.5,375,187.5,Reviewed case documents and prepared analysis
TE05256,M0034,A009,2026-05-26,4.5,450,2025,Prepared for witness interview
TE05257,M0147,A014,2023-03-26,3,600,1800,Performed legal research
TE05258,M0037,A026,2025-12-19,7,525,3675,Reviewed case documents and prepared analysis
TE05259,M0121,A034,2024-09-11,8,725,5800,Analyzed regulatory and compliance requirements
TE05260,M0106,A005,2025-07-06,4.5,625,2812.5,Coordinated matter planning with client team
TE05261,M0068,A023,2024-02-14,0.5,575,287.5,Coordinated matter planning with client team
TE05262,M0078,A002,2024-04-24,8,550,4400,Coordinated matter planning with client team
TE05263,M0001,A024,2026-04-22,4.5,450,2025,Coordinated matter planning with client team
TE05264,M0079,A003,2025-11-21,1.5,425,637.5,Drafted correspondence and legal memorandum
TE05265,M0028,A016,2025-04-05,3.5,650,2275,Coordinated matter planning with client team
TE05266,M0021,A009,2024-04-11,7.5,450,3375,Reviewed discovery materials
TE05267,M0148,A035,2024-12-12,1,625,625,Performed legal research
TE05268,M0118,A014,2026-06-30,4.5,600,2700,Coordinated matter planning with client team
TE05269,M0093,A009,2026-01-04,5.5,450,2475,Drafted correspondence and legal memorandum
TE05270,M0146,A017,2026-03-13,1.5,550,825,Conducted client strategy conference
TE05271,M0073,A035,2025-12-28,2.5,625,1562.5,Reviewed billing and budget status
TE05272,M0007,A014,2025-06-04,8,600,4800,Performed legal research
TE05273,M0023,A034,2025-04-22,5.5,725,3987.5,Reviewed discovery materials
TE05274,M0150,A037,2025-08-27,4.5,675,3037.5,Reviewed case documents and prepared analysis
TE05275,M0072,A030,2023-10-15,3.5,475,1662.5,Prepared for witness interview
TE05276,M0003,A024,2025-04-26,1.5,450,675,Drafted correspondence and legal memorandum
TE05277,M0097,A033,2023-11-08,1,425,425,Prepared matter status update
TE05278,M0125,A002,2025-11-27,6.5,550,3575,Conducted client strategy conference
TE05279,M0014,A025,2025-11-22,4.5,750,3375,Analyzed regulatory and compliance requirements
TE05280,M0129,A025,2023-06-29,1,750,750,Reviewed case documents and prepared analysis
TE05281,M0038,A004,2023-11-11,4,725,2900,Performed legal research
TE05282,M0066,A017,2025-10-03,7,550,3850,Performed legal research
TE05283,M0137,A002,2025-01-05,8,550,4400,Performed legal research
TE05284,M0125,A026,2025-01-21,6.5,525,3412.5,Reviewed case documents and prepared analysis
TE05285,M0020,A033,2025-06-29,6.5,425,2762.5,Coordinated matter planning with client team
TE05286,M0036,A025,2024-08-04,3,750,2250,Reviewed discovery materials
TE05287,M0130,A035,2025-11-10,3.5,625,2187.5,Analyzed regulatory and compliance requirements
TE05288,M0057,A003,2024-10-11,8,425,3400,Performed legal research
TE05289,M0064,A012,2024-12-26,5.5,400,2200,Prepared for witness interview
TE05290,M0076,A032,2025-11-24,5.5,550,3025,Reviewed case documents and prepared analysis
TE05291,M0129,A003,2023-04-02,6.5,425,2762.5,Performed legal research
TE05292,M0005,A004,2025-09-18,2.5,725,1812.5,Reviewed billing and budget status
TE05293,M0027,A021,2024-05-21,8,375,3000,Analyzed regulatory and compliance requirements
TE05294,M0036,A017,2026-05-13,1.5,550,825,Coordinated matter planning with client team
TE05295,M0059,A027,2024-02-16,8,400,3200,Coordinated matter planning with client team
TE05296,M0032,A011,2025-08-09,4.5,525,2362.5,Reviewed discovery materials
TE05297,M0132,A009,2026-02-23,0.5,450,225,Prepared matter status update
TE05298,M0101,A004,2025-10-16,2,725,1450,Reviewed case documents and prepared analysis
TE05299,M0147,A003,2023-05-21,7.5,425,3187.5,Performed legal research
TE05300,M0053,A034,2026-07-02,2,725,1450,Prepared matter status update
TE05301,M0013,A013,2026-07-05,0.5,700,350,Prepared for witness interview
TE05302,M0066,A015,2026-01-26,2,475,950,Reviewed billing and budget status
TE05303,M0044,A027,2025-10-23,3,400,1200,Drafted correspondence and legal memorandum
TE05304,M0068,A020,2024-04-03,1.5,625,937.5,Conducted client strategy conference
TE05305,M0018,A020,2025-11-22,5,625,3125,Prepared matter status update
TE05306,M0062,A009,2026-07-10,7,450,3150,Drafted correspondence and legal memorandum
TE05307,M0123,A004,2025-12-26,4.5,725,3262.5,Analyzed regulatory and compliance requirements
TE05308,M0073,A037,2025-10-04,7.5,675,5062.5,Drafted correspondence and legal memorandum
TE05309,M0017,A025,2025-05-26,3,750,2250,Prepared matter status update
TE05310,M0062,A036,2026-02-06,1,375,375,Reviewed discovery materials
TE05311,M0069,A013,2025-12-03,1,700,700,Prepared for witness interview
TE05312,M0045,A003,2025-12-15,0.5,425,212.5,Performed legal research
TE05313,M0083,A032,2026-06-25,1.5,550,825,Reviewed billing and budget status
TE05314,M0079,A026,2025-09-24,6.5,525,3412.5,Reviewed discovery materials
TE05315,M0126,A005,2026-07-28,1,625,625,Prepared for witness interview
TE05316,M0084,A022,2024-12-18,1.5,675,1012.5,Conducted client strategy conference
TE05317,M0145,A005,2025-12-10,1,625,625,Analyzed regulatory and compliance requirements
TE05318,M0012,A009,2024-11-10,8,450,3600,Drafted correspondence and legal memorandum
TE05319,M0007,A012,2025-05-14,2.5,400,1000,Performed legal research
TE05320,M0112,A026,2026-01-24,4,525,2100,Drafted correspondence and legal memorandum
TE05321,M0036,A024,2024-05-05,4.5,450,2025,Analyzed regulatory and compliance requirements
TE05322,M0129,A012,2023-02-09,4.5,400,1800,Conducted client strategy conference
TE05323,M0061,A012,2024-10-28,7.5,400,3000,Reviewed case documents and prepared analysis
TE05324,M0119,A006,2024-01-23,2,375,750,Analyzed regulatory and compliance requirements
TE05325,M0020,A030,2025-08-13,4,475,1900,Drafted correspondence and legal memorandum
TE05326,M0011,A030,2026-02-15,2,475,950,Reviewed case documents and prepared analysis
TE05327,M0065,A025,2025-11-16,0.5,750,375,Performed legal research
TE05328,M0076,A022,2023-07-05,4.5,675,3037.5,Performed legal research
TE05329,M0099,A023,2025-04-21,3,575,1725,Prepared matter status update
TE05330,M0036,A034,2025-08-03,1,725,725,Conducted client strategy conference
TE05331,M0096,A006,2025-07-23,7.5,375,2812.5,Drafted correspondence and legal memorandum
TE05332,M0129,A028,2023-02-10,4,700,2800,Reviewed case documents and prepared analysis
TE05333,M0148,A016,2024-12-27,3.5,650,2275,Analyzed regulatory and compliance requirements
TE05334,M0061,A013,2024-08-16,2,700,1400,Drafted correspondence and legal memorandum
TE05335,M0140,A017,2025-05-31,3,550,1650,Prepared matter status update
TE05336,M0112,A027,2024-08-04,1,400,400,Prepared matter status update
TE05337,M0072,A029,2025-09-01,5,600,3000,Prepared matter status update
TE05338,M0071,A006,2026-04-25,2.5,375,937.5,Performed legal research
TE05339,M0003,A004,2023-11-12,3.5,725,2537.5,Drafted correspondence and legal memorandum
TE05340,M0069,A034,2025-11-03,4,725,2900,Reviewed discovery materials
TE05341,M0050,A008,2025-10-07,7,575,4025,Reviewed discovery materials
TE05342,M0029,A006,2025-05-28,8,375,3000,Analyzed regulatory and compliance requirements
TE05343,M0090,A022,2024-06-07,1,675,675,Conducted client strategy conference
TE05344,M0125,A035,2026-07-12,6.5,625,4062.5,Analyzed regulatory and compliance requirements
TE05345,M0050,A013,2025-10-18,3.5,700,2450,Drafted correspondence and legal memorandum
TE05346,M0040,A022,2026-02-19,2,675,1350,Reviewed case documents and prepared analysis
TE05347,M0076,A022,2025-04-02,3.5,675,2362.5,Prepared matter status update
TE05348,M0090,A006,2024-04-16,1,375,375,Conducted client strategy conference
TE05349,M0096,A033,2025-12-05,4,425,1700,Prepared matter status update
TE05350,M0119,A019,2024-03-29,5.5,725,3987.5,Reviewed case documents and prepared analysis
TE05351,M0085,A023,2026-05-31,5,575,2875,Analyzed regulatory and compliance requirements
TE05352,M0033,A034,2025-05-15,4.5,725,3262.5,Reviewed case documents and prepared analysis
TE05353,M0015,A021,2026-03-11,6.5,375,2437.5,Prepared matter status update
TE05354,M0029,A018,2025-02-13,7.5,425,3187.5,Reviewed billing and budget status
TE05355,M0027,A030,2024-01-30,1,475,475,Reviewed discovery materials
TE05356,M0077,A037,2023-07-12,2.5,675,1687.5,Conducted client strategy conference
TE05357,M0106,A009,2026-03-14,7,450,3150,Coordinated matter planning with client team
TE05358,M0045,A035,2025-06-13,0.5,625,312.5,Reviewed case documents and prepared analysis
TE05359,M0073,A031,2023-09-27,7,650,4550,Analyzed regulatory and compliance requirements
TE05360,M0077,A015,2023-07-31,1.5,475,712.5,Performed legal research
TE05361,M0084,A009,2025-10-06,6.5,450,2925,Reviewed discovery materials
TE05362,M0127,A025,2023-11-07,5.5,750,4125,Coordinated matter planning with client team
TE05363,M0083,A017,2026-05-27,7,550,3850,Drafted correspondence and legal memorandum
TE05364,M0033,A028,2026-03-02,1,700,700,Prepared matter status update
TE05365,M0110,A026,2026-04-18,4.5,525,2362.5,Reviewed billing and budget status
TE05366,M0023,A025,2026-03-12,1.5,750,1125,Reviewed billing and budget status
TE05367,M0087,A016,2026-03-28,6,650,3900,Drafted correspondence and legal memorandum
TE05368,M0012,A023,2025-12-09,1.5,575,862.5,Drafted correspondence and legal memorandum
TE05369,M0079,A005,2026-06-06,8,625,5000,Drafted correspondence and legal memorandum
TE05370,M0014,A020,2026-04-26,6.5,625,4062.5,Prepared matter status update
TE05371,M0085,A037,2026-07-19,2.5,675,1687.5,Prepared for witness interview
TE05372,M0132,A017,2025-07-10,2.5,550,1375,Drafted correspondence and legal memorandum
TE05373,M0075,A009,2026-04-06,6,450,2700,Coordinated matter planning with client team
TE05374,M0084,A002,2024-11-19,4.5,550,2475,Reviewed case documents and prepared analysis
TE05375,M0062,A022,2026-01-30,0.5,675,337.5,Prepared for witness interview
TE05376,M0005,A034,2026-01-01,3.5,725,2537.5,Coordinated matter planning with client team
TE05377,M0069,A026,2025-11-04,6.5,525,3412.5,Prepared matter status update
TE05378,M0122,A028,2023-05-09,7,700,4900,Analyzed regulatory and compliance requirements
TE05379,M0148,A028,2024-11-01,3,700,2100,Reviewed case documents and prepared analysis
TE05380,M0104,A007,2025-12-26,8,675,5400,Coordinated matter planning with client team
TE05381,M0044,A033,2026-02-26,6.5,425,2762.5,Prepared for witness interview
TE05382,M0017,A005,2026-04-10,6,625,3750,Conducted client strategy conference
TE05383,M0126,A008,2026-06-14,0.5,575,287.5,Prepared for witness interview
TE05384,M0072,A019,2024-03-26,4,725,2900,Prepared for witness interview
TE05385,M0031,A001,2026-07-23,1,650,650,Prepared for witness interview
TE05386,M0079,A003,2026-05-04,0.5,425,212.5,Performed legal research
TE05387,M0023,A004,2026-03-06,7.5,725,5437.5,Coordinated matter planning with client team
TE05388,M0145,A016,2026-02-28,7.5,650,4875,Prepared for witness interview
TE05389,M0016,A019,2025-03-25,4,725,2900,Prepared for witness interview
TE05390,M0001,A035,2026-02-26,1,625,625,Performed legal research
TE05391,M0134,A006,2024-03-19,6,375,2250,Reviewed discovery materials
TE05392,M0034,A035,2026-06-17,2.5,625,1562.5,Analyzed regulatory and compliance requirements
TE05393,M0044,A027,2026-06-03,4.5,400,1800,Reviewed case documents and prepared analysis
TE05394,M0025,A031,2024-02-08,5.5,650,3575,Reviewed discovery materials
TE05395,M0025,A008,2025-11-25,6.5,575,3737.5,Conducted client strategy conference
TE05396,M0088,A034,2023-08-15,5,725,3625,Prepared matter status update
TE05397,M0068,A020,2024-02-03,7,625,4375,Reviewed billing and budget status
TE05398,M0141,A034,2026-04-07,6.5,725,4712.5,Conducted client strategy conference
TE05399,M0055,A027,2025-07-04,0.5,400,200,Analyzed regulatory and compliance requirements
TE05400,M0062,A005,2025-01-09,2,625,1250,Conducted client strategy conference
TE05401,M0137,A004,2024-12-08,5,725,3625,Coordinated matter planning with client team
TE05402,M0024,A034,2024-08-26,1.5,725,1087.5,Reviewed discovery materials
TE05403,M0069,A033,2025-11-10,2,425,850,Drafted correspondence and legal memorandum
TE05404,M0065,A013,2026-01-20,5,700,3500,Reviewed case documents and prepared analysis
TE05405,M0088,A028,2023-08-16,2.5,700,1750,Prepared matter status update
TE05406,M0080,A031,2026-06-03,4.5,650,2925,Reviewed billing and budget status
TE05407,M0087,A017,2026-05-10,0.5,550,275,Reviewed discovery materials
TE05408,M0003,A010,2024-04-18,3.5,750,2625,Reviewed billing and budget status
TE05409,M0067,A024,2023-06-02,6,450,2700,Coordinated matter planning with client team
TE05410,M0060,A004,2025-04-14,7,725,5075,Performed legal research
TE05411,M0056,A016,2026-03-31,7.5,650,4875,Reviewed case documents and prepared analysis
TE05412,M0099,A020,2024-11-03,3.5,625,2187.5,Prepared matter status update
TE05413,M0090,A023,2023-06-06,7,575,4025,Coordinated matter planning with client team
TE05414,M0129,A030,2023-07-24,6,475,2850,Prepared for witness interview
TE05415,M0142,A015,2025-03-20,5.5,475,2612.5,Performed legal research
TE05416,M0036,A011,2025-06-07,5.5,525,2887.5,Drafted correspondence and legal memorandum
TE05417,M0113,A006,2025-12-19,8,375,3000,Reviewed case documents and prepared analysis
TE05418,M0095,A017,2023-02-15,5,550,2750,Reviewed discovery materials
TE05419,M0098,A028,2023-11-28,5.5,700,3850,Coordinated matter planning with client team
TE05420,M0031,A008,2024-12-14,6.5,575,3737.5,Reviewed case documents and prepared analysis
TE05421,M0048,A001,2026-02-17,4.5,650,2925,Drafted correspondence and legal memorandum
TE05422,M0131,A011,2025-09-26,3,525,1575,Prepared for witness interview
TE05423,M0013,A034,2026-02-14,4.5,725,3262.5,Prepared for witness interview
TE05424,M0123,A016,2026-03-10,4.5,650,2925,Prepared matter status update
TE05425,M0057,A001,2024-05-31,7,650,4550,Drafted correspondence and legal memorandum
TE05426,M0134,A003,2025-05-05,5.5,425,2337.5,Analyzed regulatory and compliance requirements
TE05427,M0010,A011,2025-07-09,4,525,2100,Reviewed discovery materials
TE05428,M0132,A026,2026-05-05,6,525,3150,Prepared for witness interview
TE05429,M0040,A012,2025-11-24,2.5,400,1000,Conducted client strategy conference
TE05430,M0023,A008,2025-01-25,3,575,1725,Reviewed case documents and prepared analysis
TE05431,M0046,A008,2025-07-20,4.5,575,2587.5,Conducted client strategy conference
TE05432,M0005,A015,2025-09-22,6,475,2850,Drafted correspondence and legal memorandum
TE05433,M0113,A001,2026-06-18,1.5,650,975,Reviewed billing and budget status
TE05434,M0007,A002,2025-07-03,6,550,3300,Prepared for witness interview
TE05435,M0040,A004,2025-03-31,6,725,4350,Coordinated matter planning with client team
TE05436,M0001,A037,2025-03-28,5.5,675,3712.5,Reviewed discovery materials
TE05437,M0052,A033,2023-08-27,3,425,1275,Performed legal research
TE05438,M0003,A028,2025-06-15,7.5,700,5250,Reviewed discovery materials
TE05439,M0025,A031,2025-09-20,6.5,650,4225,Prepared for witness interview
TE05440,M0107,A023,2025-07-13,2.5,575,1437.5,Conducted client strategy conference
TE05441,M0119,A002,2023-12-30,5,550,2750,Reviewed billing and budget status
TE05442,M0087,A034,2026-06-19,6.5,725,4712.5,Performed legal research
TE05443,M0060,A012,2024-12-12,6.5,400,2600,Reviewed case documents and prepared analysis
TE05444,M0123,A030,2026-01-06,2.5,475,1187.5,Conducted client strategy conference
TE05445,M0022,A027,2025-01-03,6,400,2400,Reviewed billing and budget status
TE05446,M0113,A028,2025-07-18,2.5,700,1750,Prepared matter status update
TE05447,M0079,A013,2026-03-18,8,700,5600,Reviewed billing and budget status
TE05448,M0094,A027,2025-08-03,7,400,2800,Coordinated matter planning with client team
TE05449,M0072,A026,2025-05-14,1.5,525,787.5,Drafted correspondence and legal memorandum
TE05450,M0014,A002,2025-11-01,1,550,550,Prepared matter status update
TE05451,M0043,A029,2026-07-25,4.5,600,2700,Prepared for witness interview
TE05452,M0038,A015,2023-09-12,1.5,475,712.5,Reviewed discovery materials
TE05453,M0120,A012,2026-01-12,0.5,400,200,Reviewed case documents and prepared analysis
TE05454,M0058,A015,2024-06-03,8,475,3800,Analyzed regulatory and compliance requirements
TE05455,M0061,A003,2025-11-22,5,425,2125,Prepared matter status update
TE05456,M0092,A006,2023-07-23,0.5,375,187.5,Prepared matter status update
TE05457,M0082,A016,2025-09-29,1,650,650,Reviewed discovery materials
TE05458,M0054,A019,2026-06-24,6,725,4350,Prepared matter status update
TE05459,M0095,A029,2024-12-15,8,600,4800,Prepared matter status update
TE05460,M0036,A019,2024-12-26,4,725,2900,Reviewed billing and budget status
TE05461,M0087,A013,2026-05-01,6,700,4200,Coordinated matter planning with client team
TE05462,M0114,A007,2025-12-24,5,675,3375,Reviewed discovery materials
TE05463,M0109,A001,2025-04-13,1.5,650,975,Drafted correspondence and legal memorandum
TE05464,M0016,A031,2024-12-07,3,650,1950,Coordinated matter planning with client team
TE05465,M0036,A005,2025-10-30,0.5,625,312.5,Performed legal research
TE05466,M0040,A009,2025-12-20,2,450,900,Drafted correspondence and legal memorandum
TE05467,M0044,A017,2026-01-11,3.5,550,1925,Drafted correspondence and legal memorandum
TE05468,M0105,A009,2025-09-04,6,450,2700,Reviewed case documents and prepared analysis
TE05469,M0126,A007,2025-10-31,7.5,675,5062.5,Reviewed case documents and prepared analysis
TE05470,M0045,A007,2025-06-12,1,675,675,Analyzed regulatory and compliance requirements
TE05471,M0087,A037,2026-05-15,2.5,675,1687.5,Drafted correspondence and legal memorandum
TE05472,M0064,A022,2025-05-31,3,675,2025,Analyzed regulatory and compliance requirements
TE05473,M0035,A036,2026-01-22,0.5,375,187.5,Reviewed discovery materials
TE05474,M0083,A010,2026-06-14,5,750,3750,Drafted correspondence and legal memorandum
TE05475,M0078,A025,2023-12-28,0.5,750,375,Coordinated matter planning with client team
TE05476,M0040,A009,2026-07-25,4.5,450,2025,Prepared for witness interview
TE05477,M0106,A008,2026-02-03,4.5,575,2587.5,Analyzed regulatory and compliance requirements
TE05478,M0137,A022,2024-08-29,5.5,675,3712.5,Performed legal research
TE05479,M0081,A031,2025-09-11,1,650,650,Drafted correspondence and legal memorandum
TE05480,M0045,A020,2025-08-10,5.5,625,3437.5,Coordinated matter planning with client team
TE05481,M0124,A032,2025-02-22,6,550,3300,Performed legal research
TE05482,M0058,A021,2024-04-01,5,375,1875,Drafted correspondence and legal memorandum
TE05483,M0132,A037,2025-04-25,2.5,675,1687.5,Coordinated matter planning with client team
TE05484,M0056,A003,2025-03-23,7.5,425,3187.5,Conducted client strategy conference
TE05485,M0139,A007,2023-09-23,0.5,675,337.5,Reviewed discovery materials
TE05486,M0081,A015,2025-12-25,2,475,950,Reviewed case documents and prepared analysis
TE05487,M0005,A022,2025-12-20,2,675,1350,Drafted correspondence and legal memorandum
TE05488,M0069,A031,2025-10-12,1.5,650,975,Reviewed case documents and prepared analysis
TE05489,M0055,A006,2026-06-13,2,375,750,Reviewed case documents and prepared analysis
TE05490,M0140,A005,2024-12-08,1,625,625,Conducted client strategy conference
TE05491,M0108,A023,2025-02-09,6,575,3450,Reviewed discovery materials
TE05492,M0092,A005,2023-06-18,2.5,625,1562.5,Conducted client strategy conference
TE05493,M0101,A017,2026-06-19,7.5,550,4125,Coordinated matter planning with client team
TE05494,M0024,A026,2025-09-14,3.5,525,1837.5,Prepared matter status update
TE05495,M0096,A005,2026-05-14,4.5,625,2812.5,Reviewed billing and budget status
TE05496,M0042,A029,2026-06-12,3.5,600,2100,Reviewed case documents and prepared analysis
TE05497,M0036,A001,2025-03-21,1,650,650,Prepared matter status update
TE05498,M0141,A010,2026-04-08,6,750,4500,Conducted client strategy conference
TE05499,M0123,A029,2026-03-23,3.5,600,2100,Conducted client strategy conference
TE05500,M0121,A017,2025-11-29,2.5,550,1375,Performed legal research
TE05501,M0090,A029,2026-03-11,2.5,600,1500,Prepared matter status update
TE05502,M0059,A003,2023-06-17,5.5,425,2337.5,Reviewed discovery materials
TE05503,M0035,A007,2023-12-30,3.5,675,2362.5,Prepared for witness interview
TE05504,M0060,A034,2024-07-09,1.5,725,1087.5,Prepared matter status update
TE05505,M0146,A015,2025-04-23,5,475,2375,Prepared for witness interview
TE05506,M0063,A027,2025-10-10,4.5,400,1800,Performed legal research
TE05507,M0069,A021,2025-12-27,6,375,2250,Reviewed case documents and prepared analysis
TE05508,M0056,A029,2025-04-28,4.5,600,2700,Reviewed discovery materials
TE05509,M0027,A028,2024-06-30,1,700,700,Analyzed regulatory and compliance requirements
TE05510,M0103,A018,2026-03-16,1.5,425,637.5,Analyzed regulatory and compliance requirements
TE05511,M0096,A021,2026-05-03,3,375,1125,Coordinated matter planning with client team
TE05512,M0074,A004,2025-12-29,2,725,1450,Coordinated matter planning with client team
TE05513,M0146,A019,2024-02-07,7.5,725,5437.5,Conducted client strategy conference
TE05514,M0112,A005,2026-01-16,7,625,4375,Reviewed discovery materials
TE05515,M0109,A025,2025-10-21,4.5,750,3375,Prepared matter status update
TE05516,M0028,A018,2025-08-24,3.5,425,1487.5,Reviewed discovery materials
TE05517,M0028,A021,2025-06-23,6.5,375,2437.5,Reviewed billing and budget status
TE05518,M0106,A009,2025-10-22,3,450,1350,Reviewed case documents and prepared analysis
TE05519,M0125,A007,2025-10-14,3.5,675,2362.5,Prepared for witness interview
TE05520,M0146,A009,2024-10-26,3,450,1350,Reviewed discovery materials
TE05521,M0113,A033,2025-10-11,2.5,425,1062.5,Prepared matter status update
TE05522,M0128,A023,2024-09-10,6.5,575,3737.5,Reviewed discovery materials
TE05523,M0067,A033,2023-06-02,7,425,2975,Reviewed case documents and prepared analysis
TE05524,M0044,A005,2026-06-29,6,625,3750,Drafted correspondence and legal memorandum
TE05525,M0091,A026,2024-03-02,8,525,4200,Reviewed discovery materials
TE05526,M0014,A033,2026-03-26,2,425,850,Coordinated matter planning with client team
TE05527,M0056,A001,2025-11-22,6,650,3900,Performed legal research
TE05528,M0017,A031,2024-12-23,2,650,1300,Reviewed case documents and prepared analysis
TE05529,M0077,A001,2023-11-03,5,650,3250,Reviewed discovery materials
TE05530,M0077,A010,2023-07-16,5.5,750,4125,Reviewed discovery materials
TE05531,M0089,A028,2025-12-01,1.5,700,1050,Conducted client strategy conference
TE05532,M0012,A021,2026-05-31,1.5,375,562.5,Drafted correspondence and legal memorandum
TE05533,M0081,A003,2025-08-20,2.5,425,1062.5,Drafted correspondence and legal memorandum
TE05534,M0059,A022,2023-07-09,0.5,675,337.5,Prepared for witness interview
TE05535,M0098,A019,2023-06-15,2,725,1450,Drafted correspondence and legal memorandum
TE05536,M0005,A014,2023-09-08,6.5,600,3900,Reviewed discovery materials
TE05537,M0079,A023,2025-08-18,4,575,2300,Reviewed billing and budget status
TE05538,M0102,A020,2026-06-27,2,625,1250,Reviewed case documents and prepared analysis
TE05539,M0107,A018,2025-05-29,3.5,425,1487.5,Reviewed discovery materials
TE05540,M0029,A028,2025-04-27,3,700,2100,Drafted correspondence and legal memorandum
TE05541,M0085,A001,2026-03-22,2,650,1300,Coordinated matter planning with client team
TE05542,M0141,A013,2026-07-10,2.5,700,1750,Conducted client strategy conference
TE05543,M0010,A017,2026-03-10,5.5,550,3025,Coordinated matter planning with client team
TE05544,M0123,A010,2026-03-07,5,750,3750,Conducted client strategy conference
TE05545,M0115,A019,2025-08-21,6,725,4350,Prepared for witness interview
TE05546,M0129,A029,2023-09-11,0.5,600,300,Reviewed discovery materials
TE05547,M0058,A019,2023-11-10,0.5,725,362.5,Performed legal research
TE05548,M0076,A007,2023-10-12,5,675,3375,Analyzed regulatory and compliance requirements
TE05549,M0009,A018,2024-03-05,2.5,425,1062.5,Reviewed discovery materials
TE05550,M0063,A026,2026-03-11,2.5,525,1312.5,Reviewed case documents and prepared analysis
TE05551,M0087,A003,2026-06-09,4,425,1700,Analyzed regulatory and compliance requirements
TE05552,M0072,A008,2026-07-27,7,575,4025,Drafted correspondence and legal memorandum
TE05553,M0081,A015,2025-02-24,1.5,475,712.5,Coordinated matter planning with client team
TE05554,M0149,A011,2023-12-12,3.5,525,1837.5,Prepared for witness interview
TE05555,M0069,A021,2026-06-25,7,375,2625,Reviewed billing and budget status
TE05556,M0040,A005,2025-08-16,3.5,625,2187.5,Reviewed billing and budget status
TE05557,M0141,A002,2025-12-03,3,550,1650,Reviewed discovery materials
TE05558,M0110,A036,2025-12-31,1.5,375,562.5,Reviewed discovery materials
TE05559,M0130,A013,2024-10-21,1.5,700,1050,Reviewed billing and budget status
TE05560,M0103,A001,2024-11-17,6,650,3900,Performed legal research
TE05561,M0055,A027,2025-08-31,7.5,400,3000,Reviewed billing and budget status
TE05562,M0146,A004,2025-02-08,6,725,4350,Drafted correspondence and legal memorandum
TE05563,M0127,A033,2023-09-23,6,425,2550,Drafted correspondence and legal memorandum
TE05564,M0075,A021,2025-05-04,3,375,1125,Analyzed regulatory and compliance requirements
TE05565,M0105,A035,2026-04-29,5,625,3125,Reviewed billing and budget status
TE05566,M0051,A032,2025-01-12,0.5,550,275,Reviewed discovery materials
TE05567,M0039,A020,2024-07-04,0.5,625,312.5,Drafted correspondence and legal memorandum
TE05568,M0021,A018,2024-02-16,3.5,425,1487.5,Reviewed discovery materials
TE05569,M0007,A023,2025-04-02,0.5,575,287.5,Drafted correspondence and legal memorandum
TE05570,M0128,A023,2025-02-28,5.5,575,3162.5,Reviewed discovery materials
TE05571,M0042,A030,2026-06-03,6,475,2850,Prepared for witness interview
TE05572,M0045,A014,2026-04-27,8,600,4800,Performed legal research
TE05573,M0031,A026,2025-09-02,4.5,525,2362.5,Prepared for witness interview
TE05574,M0077,A023,2024-02-03,8,575,4600,Reviewed case documents and prepared analysis
TE05575,M0119,A005,2023-12-30,1,625,625,Reviewed case documents and prepared analysis
TE05576,M0089,A023,2025-11-29,0.5,575,287.5,Reviewed billing and budget status
TE05577,M0091,A007,2023-12-15,1.5,675,1012.5,Analyzed regulatory and compliance requirements
TE05578,M0038,A002,2023-07-20,8,550,4400,Prepared for witness interview
TE05579,M0014,A028,2026-01-10,6,700,4200,Prepared matter status update
TE05580,M0084,A017,2025-06-07,2.5,550,1375,Prepared matter status update
TE05581,M0115,A009,2025-10-07,6,450,2700,Drafted correspondence and legal memorandum
TE05582,M0133,A031,2024-05-18,1,650,650,Drafted correspondence and legal memorandum
TE05583,M0120,A018,2026-03-08,4,425,1700,Conducted client strategy conference
TE05584,M0136,A028,2026-07-31,1,700,700,Performed legal research
TE05585,M0057,A015,2024-10-11,2.5,475,1187.5,Coordinated matter planning with client team
TE05586,M0113,A009,2025-09-30,1,450,450,Performed legal research
TE05587,M0090,A017,2026-06-01,2.5,550,1375,Conducted client strategy conference
TE05588,M0089,A029,2025-09-27,5.5,600,3300,Coordinated matter planning with client team
TE05589,M0141,A005,2025-12-03,6,625,3750,Drafted correspondence and legal memorandum
TE05590,M0030,A003,2024-11-11,5.5,425,2337.5,Reviewed billing and budget status
TE05591,M0057,A032,2024-01-25,5,550,2750,Reviewed billing and budget status
TE05592,M0022,A034,2026-07-27,7.5,725,5437.5,Analyzed regulatory and compliance requirements
TE05593,M0075,A008,2023-12-31,0.5,575,287.5,Performed legal research
TE05594,M0106,A017,2024-04-18,6.5,550,3575,Reviewed discovery materials
TE05595,M0033,A012,2024-08-23,4,400,1600,Analyzed regulatory and compliance requirements
TE05596,M0066,A011,2026-03-11,7.5,525,3937.5,Reviewed discovery materials
TE05597,M0030,A016,2025-11-27,1.5,650,975,Drafted correspondence and legal memorandum
TE05598,M0109,A011,2025-06-09,0.5,525,262.5,Drafted correspondence and legal memorandum
TE05599,M0143,A024,2026-07-04,4.5,450,2025,Performed legal research
TE05600,M0105,A016,2025-03-23,8,650,5200,Prepared matter status update
TE05601,M0035,A028,2025-05-20,7,700,4900,Prepared for witness interview
TE05602,M0045,A021,2025-12-03,4,375,1500,Drafted correspondence and legal memorandum
TE05603,M0062,A027,2025-11-06,0.5,400,200,Prepared matter status update
TE05604,M0131,A033,2024-08-22,6,425,2550,Reviewed billing and budget status
TE05605,M0147,A035,2023-04-21,2.5,625,1562.5,Performed legal research
TE05606,M0036,A003,2024-10-29,5,425,2125,Coordinated matter planning with client team
TE05607,M0018,A010,2025-06-13,2.5,750,1875,Reviewed case documents and prepared analysis
TE05608,M0084,A013,2025-09-28,3,700,2100,Coordinated matter planning with client team
TE05609,M0007,A006,2025-03-28,6.5,375,2437.5,Conducted client strategy conference
TE05610,M0126,A008,2025-04-11,1.5,575,862.5,Drafted correspondence and legal memorandum
TE05611,M0068,A017,2023-09-29,2.5,550,1375,Analyzed regulatory and compliance requirements
TE05612,M0059,A017,2023-11-14,1,550,550,Reviewed case documents and prepared analysis
TE05613,M0070,A002,2026-03-24,2.5,550,1375,Analyzed regulatory and compliance requirements
TE05614,M0126,A031,2026-05-04,7,650,4550,Coordinated matter planning with client team
TE05615,M0077,A018,2024-03-28,5.5,425,2337.5,Drafted correspondence and legal memorandum
TE05616,M0071,A027,2025-09-22,6.5,400,2600,Drafted correspondence and legal memorandum
TE05617,M0013,A004,2026-05-18,4,725,2900,Performed legal research
TE05618,M0028,A016,2025-09-04,2.5,650,1625,Conducted client strategy conference
TE05619,M0136,A010,2026-01-11,2,750,1500,Reviewed case documents and prepared analysis
TE05620,M0077,A025,2023-07-07,0.5,750,375,Prepared for witness interview
TE05621,M0031,A011,2024-09-12,1.5,525,787.5,Performed legal research
TE05622,M0084,A009,2025-01-30,0.5,450,225,Prepared for witness interview
TE05623,M0131,A014,2026-06-13,2.5,600,1500,Reviewed billing and budget status
TE05624,M0001,A021,2025-03-02,2.5,375,937.5,Analyzed regulatory and compliance requirements
TE05625,M0085,A009,2026-04-05,4.5,450,2025,Reviewed billing and budget status
TE05626,M0010,A037,2024-12-12,6.5,675,4387.5,Performed legal research
TE05627,M0143,A001,2025-09-19,7,650,4550,Analyzed regulatory and compliance requirements
TE05628,M0129,A020,2023-08-20,1,625,625,Conducted client strategy conference
TE05629,M0013,A005,2026-02-25,3,625,1875,Reviewed case documents and prepared analysis
TE05630,M0137,A015,2024-03-24,2.5,475,1187.5,Analyzed regulatory and compliance requirements
TE05631,M0035,A026,2026-02-08,0.5,525,262.5,Coordinated matter planning with client team
TE05632,M0047,A025,2025-01-06,1,750,750,Reviewed case documents and prepared analysis
TE05633,M0141,A014,2026-01-15,6,600,3600,Drafted correspondence and legal memorandum
TE05634,M0082,A027,2024-08-15,5,400,2000,Prepared matter status update
TE05635,M0014,A026,2026-07-07,3,525,1575,Reviewed discovery materials
TE05636,M0052,A010,2025-03-06,7,750,5250,Drafted correspondence and legal memorandum
TE05637,M0012,A010,2026-05-29,8,750,6000,Performed legal research
TE05638,M0137,A004,2024-05-22,0.5,725,362.5,Conducted client strategy conference
TE05639,M0123,A004,2026-03-20,6.5,725,4712.5,Reviewed discovery materials
TE05640,M0135,A005,2025-05-05,4,625,2500,Prepared matter status update
TE05641,M0062,A018,2026-04-29,2.5,425,1062.5,Reviewed case documents and prepared analysis
TE05642,M0145,A028,2026-04-08,6,700,4200,Drafted correspondence and legal memorandum
TE05643,M0050,A019,2026-07-25,1,725,725,Coordinated matter planning with client team
TE05644,M0071,A004,2026-01-23,2.5,725,1812.5,Reviewed discovery materials
TE05645,M0134,A003,2024-06-29,7,425,2975,Prepared matter status update
TE05646,M0030,A022,2025-04-03,5,675,3375,Analyzed regulatory and compliance requirements
TE05647,M0027,A016,2024-02-06,6,650,3900,Analyzed regulatory and compliance requirements
TE05648,M0059,A016,2023-04-11,1.5,650,975,Prepared for witness interview
TE05649,M0123,A018,2026-02-22,0.5,425,212.5,Drafted correspondence and legal memorandum
TE05650,M0133,A037,2026-05-24,5,675,3375,Drafted correspondence and legal memorandum
TE05651,M0072,A037,2024-06-29,3,675,2025,Conducted client strategy conference
TE05652,M0100,A022,2023-04-27,4,675,2700,Coordinated matter planning with client team
TE05653,M0007,A009,2025-03-14,7,450,3150,Prepared matter status update
TE05654,M0009,A035,2023-12-14,0.5,625,312.5,Coordinated matter planning with client team
TE05655,M0074,A021,2026-07-02,6,375,2250,Prepared for witness interview
TE05656,M0133,A037,2026-03-15,1.5,675,1012.5,Reviewed billing and budget status
TE05657,M0083,A035,2025-09-01,2,625,1250,Prepared for witness interview
TE05658,M0023,A022,2025-05-23,1.5,675,1012.5,Reviewed discovery materials
TE05659,M0076,A032,2025-11-29,6,550,3300,Reviewed billing and budget status
TE05660,M0095,A036,2025-10-29,2,375,750,Drafted correspondence and legal memorandum
TE05661,M0085,A020,2026-06-13,7.5,625,4687.5,Analyzed regulatory and compliance requirements
TE05662,M0133,A002,2024-01-15,5.5,550,3025,Prepared for witness interview
TE05663,M0137,A036,2024-05-06,8,375,3000,Reviewed discovery materials
TE05664,M0017,A024,2023-10-24,1,450,450,Conducted client strategy conference
TE05665,M0071,A005,2026-01-14,1.5,625,937.5,Analyzed regulatory and compliance requirements
TE05666,M0029,A024,2025-05-01,3,450,1350,Prepared for witness interview
TE05667,M0130,A018,2025-01-26,3,425,1275,Coordinated matter planning with client team
TE05668,M0014,A009,2025-10-08,0.5,450,225,Reviewed case documents and prepared analysis
TE05669,M0138,A012,2024-02-13,5,400,2000,Drafted correspondence and legal memorandum
TE05670,M0147,A022,2023-04-18,6.5,675,4387.5,Prepared for witness interview
TE05671,M0088,A009,2023-08-30,8,450,3600,Prepared matter status update
TE05672,M0085,A022,2026-07-16,2,675,1350,Drafted correspondence and legal memorandum
TE05673,M0043,A017,2026-04-23,0.5,550,275,Performed legal research
TE05674,M0026,A017,2025-04-12,5.5,550,3025,Conducted client strategy conference
TE05675,M0046,A035,2025-02-12,8,625,5000,Reviewed discovery materials
TE05676,M0068,A017,2024-01-09,3.5,550,1925,Drafted correspondence and legal memorandum
TE05677,M0055,A011,2025-11-07,6,525,3150,Performed legal research
TE05678,M0020,A033,2026-01-31,5,425,2125,Analyzed regulatory and compliance requirements
TE05679,M0088,A018,2023-09-03,6.5,425,2762.5,Reviewed case documents and prepared analysis
TE05680,M0103,A021,2026-04-14,3,375,1125,Performed legal research
TE05681,M0033,A018,2025-05-31,3,425,1275,Prepared for witness interview
TE05682,M0007,A013,2025-05-21,0.5,700,350,Conducted client strategy conference
TE05683,M0146,A013,2024-10-13,3.5,700,2450,Coordinated matter planning with client team
TE05684,M0116,A010,2024-04-28,0.5,750,375,Conducted client strategy conference
TE05685,M0100,A024,2026-07-26,5,450,2250,Reviewed case documents and prepared analysis
TE05686,M0103,A012,2026-06-15,5,400,2000,Prepared for witness interview
TE05687,M0010,A029,2024-12-02,6,600,3600,Coordinated matter planning with client team
TE05688,M0005,A023,2026-07-26,0.5,575,287.5,Prepared for witness interview
TE05689,M0051,A032,2025-12-02,5.5,550,3025,Reviewed case documents and prepared analysis
TE05690,M0018,A035,2026-02-14,2.5,625,1562.5,Prepared matter status update
TE05691,M0094,A017,2025-09-29,1.5,550,825,Reviewed discovery materials
TE05692,M0123,A020,2026-03-31,8,625,5000,Prepared for witness interview
TE05693,M0084,A002,2025-12-24,4,550,2200,Drafted correspondence and legal memorandum
TE05694,M0112,A027,2023-07-22,2,400,800,Reviewed billing and budget status
TE05695,M0033,A012,2024-06-24,4.5,400,1800,Prepared matter status update
TE05696,M0095,A037,2023-05-13,0.5,675,337.5,Conducted client strategy conference
TE05697,M0025,A025,2026-02-19,0.5,750,375,Analyzed regulatory and compliance requirements
TE05698,M0096,A028,2025-07-07,3,700,2100,Analyzed regulatory and compliance requirements
TE05699,M0063,A024,2026-07-19,5,450,2250,Reviewed discovery materials
TE05700,M0081,A030,2025-07-24,7,475,3325,Performed legal research
TE05701,M0097,A008,2023-07-28,2.5,575,1437.5,Reviewed case documents and prepared analysis
TE05702,M0084,A010,2025-02-26,2.5,750,1875,Reviewed billing and budget status
TE05703,M0018,A004,2026-05-28,2,725,1450,Coordinated matter planning with client team
TE05704,M0070,A001,2026-05-13,4,650,2600,Reviewed billing and budget status
TE05705,M0146,A030,2025-11-30,5,475,2375,Reviewed case documents and prepared analysis
TE05706,M0057,A031,2024-04-20,3.5,650,2275,Conducted client strategy conference
TE05707,M0059,A011,2023-11-09,6,525,3150,Reviewed billing and budget status
TE05708,M0114,A024,2026-05-10,6.5,450,2925,Drafted correspondence and legal memorandum
TE05709,M0118,A023,2026-03-07,5.5,575,3162.5,Coordinated matter planning with client team
TE05710,M0069,A034,2026-05-04,7.5,725,5437.5,Analyzed regulatory and compliance requirements
TE05711,M0010,A001,2023-09-21,5.5,650,3575,Reviewed case documents and prepared analysis
TE05712,M0065,A004,2026-06-07,5,725,3625,Prepared matter status update
TE05713,M0029,A008,2025-02-13,6.5,575,3737.5,Reviewed case documents and prepared analysis
TE05714,M0129,A017,2023-03-08,8,550,4400,Prepared matter status update
TE05715,M0131,A007,2025-06-30,0.5,675,337.5,Prepared matter status update
TE05716,M0032,A008,2025-08-12,4.5,575,2587.5,Reviewed billing and budget status
TE05717,M0038,A007,2023-10-12,4,675,2700,Prepared for witness interview
TE05718,M0032,A033,2025-11-01,8,425,3400,Drafted correspondence and legal memorandum
TE05719,M0060,A020,2025-06-29,0.5,625,312.5,Performed legal research
TE05720,M0003,A026,2025-10-03,1.5,525,787.5,Drafted correspondence and legal memorandum
TE05721,M0038,A030,2023-05-05,3.5,475,1662.5,Performed legal research
TE05722,M0019,A024,2026-05-05,6,450,2700,Reviewed billing and budget status
TE05723,M0007,A024,2025-03-20,1.5,450,675,Performed legal research
TE05724,M0062,A010,2025-04-13,2.5,750,1875,Drafted correspondence and legal memorandum
TE05725,M0095,A019,2025-08-07,4.5,725,3262.5,Coordinated matter planning with client team
TE05726,M0097,A019,2023-11-19,5,725,3625,Coordinated matter planning with client team
TE05727,M0034,A007,2026-01-02,1.5,675,1012.5,Prepared for witness interview
TE05728,M0115,A028,2026-06-08,0.5,700,350,Reviewed discovery materials
TE05729,M0035,A028,2024-05-05,7.5,700,5250,Reviewed billing and budget status
TE05730,M0034,A036,2026-05-02,7.5,375,2812.5,Performed legal research
TE05731,M0024,A036,2025-10-13,7.5,375,2812.5,Prepared for witness interview
TE05732,M0040,A002,2025-12-31,8,550,4400,Performed legal research
TE05733,M0064,A020,2025-07-12,5.5,625,3437.5,Prepared matter status update
TE05734,M0057,A034,2024-10-28,3.5,725,2537.5,Reviewed case documents and prepared analysis
TE05735,M0149,A022,2024-09-29,7.5,675,5062.5,Analyzed regulatory and compliance requirements
TE05736,M0037,A025,2026-01-10,2,750,1500,Analyzed regulatory and compliance requirements
TE05737,M0114,A030,2024-05-05,6,475,2850,Prepared matter status update
TE05738,M0117,A032,2023-06-15,5,550,2750,Reviewed billing and budget status
TE05739,M0062,A026,2023-08-02,1.5,525,787.5,Reviewed case documents and prepared analysis
TE05740,M0147,A009,2023-06-10,4.5,450,2025,Reviewed billing and budget status
TE05741,M0025,A020,2026-06-17,0.5,625,312.5,Analyzed regulatory and compliance requirements
TE05742,M0074,A017,2026-07-10,4,550,2200,Reviewed discovery materials
TE05743,M0031,A013,2024-08-01,7.5,700,5250,Prepared matter status update
TE05744,M0024,A010,2025-10-05,1.5,750,1125,Reviewed case documents and prepared analysis
TE05745,M0017,A002,2026-06-13,4.5,550,2475,Reviewed billing and budget status
TE05746,M0050,A030,2025-09-10,1.5,475,712.5,Reviewed billing and budget status
TE05747,M0066,A018,2025-04-17,0.5,425,212.5,Analyzed regulatory and compliance requirements
TE05748,M0113,A007,2026-01-11,6.5,675,4387.5,Reviewed case documents and prepared analysis
TE05749,M0106,A011,2024-11-27,7.5,525,3937.5,Drafted correspondence and legal memorandum
TE05750,M0083,A017,2024-12-01,0.5,550,275,Performed legal research
TE05751,M0005,A001,2024-07-19,7.5,650,4875,Prepared for witness interview
TE05752,M0114,A011,2025-05-17,4.5,525,2362.5,Analyzed regulatory and compliance requirements
TE05753,M0016,A007,2024-09-17,8,675,5400,Reviewed billing and budget status
TE05754,M0044,A033,2026-04-25,1.5,425,637.5,Analyzed regulatory and compliance requirements
TE05755,M0003,A008,2026-02-05,8,575,4600,Prepared for witness interview
TE05756,M0122,A016,2025-12-31,1.5,650,975,Conducted client strategy conference
TE05757,M0048,A020,2026-01-15,7,625,4375,Reviewed case documents and prepared analysis
TE05758,M0135,A009,2026-05-21,7,450,3150,Conducted client strategy conference
TE05759,M0095,A031,2025-09-20,2,650,1300,Conducted client strategy conference
TE05760,M0141,A035,2026-04-29,4,625,2500,Reviewed discovery materials
TE05761,M0076,A028,2024-02-20,7.5,700,5250,Conducted client strategy conference
TE05762,M0046,A021,2025-02-08,3,375,1125,Performed legal research
TE05763,M0019,A020,2025-12-07,7,625,4375,Conducted client strategy conference
TE05764,M0030,A015,2024-05-07,1,475,475,Reviewed billing and budget status
TE05765,M0112,A025,2025-08-31,4,750,3000,Prepared for witness interview
TE05766,M0031,A013,2026-05-14,3.5,700,2450,Performed legal research
TE05767,M0079,A027,2026-03-20,1,400,400,Performed legal research
TE05768,M0091,A015,2024-09-22,3.5,475,1662.5,Prepared matter status update
TE05769,M0102,A004,2025-08-26,5,725,3625,Prepared matter status update
TE05770,M0083,A026,2025-12-28,0.5,525,262.5,Reviewed billing and budget status
TE05771,M0140,A035,2025-04-18,7,625,4375,Reviewed billing and budget status
TE05772,M0035,A028,2024-07-03,5,700,3500,Coordinated matter planning with client team
TE05773,M0054,A025,2026-05-31,7,750,5250,Prepared for witness interview
TE05774,M0125,A008,2024-07-17,6.5,575,3737.5,Conducted client strategy conference
TE05775,M0022,A036,2024-10-08,7,375,2625,Conducted client strategy conference
TE05776,M0046,A017,2026-03-24,4,550,2200,Reviewed billing and budget status
TE05777,M0044,A007,2025-10-22,0.5,675,337.5,Conducted client strategy conference
TE05778,M0088,A033,2024-03-12,3,425,1275,Prepared matter status update
TE05779,M0072,A030,2024-06-16,7,475,3325,Drafted correspondence and legal memorandum
TE05780,M0149,A013,2024-06-03,7,700,4900,Analyzed regulatory and compliance requirements
TE05781,M0060,A008,2024-10-07,7,575,4025,Prepared for witness interview
TE05782,M0136,A032,2026-05-04,3.5,550,1925,Reviewed discovery materials
TE05783,M0018,A032,2026-03-24,6,550,3300,Coordinated matter planning with client team
TE05784,M0024,A011,2026-05-12,5,525,2625,Performed legal research
TE05785,M0074,A025,2026-07-08,2.5,750,1875,Drafted correspondence and legal memorandum
TE05786,M0088,A010,2023-08-20,6,750,4500,Reviewed billing and budget status
TE05787,M0107,A023,2025-07-05,7,575,4025,Prepared matter status update
TE05788,M0039,A036,2024-03-11,2,375,750,Coordinated matter planning with client team
TE05789,M0057,A009,2024-12-15,2,450,900,Prepared for witness interview
TE05790,M0064,A009,2024-01-13,3.5,450,1575,Reviewed case documents and prepared analysis
TE05791,M0088,A032,2024-02-29,2,550,1100,Prepared matter status update
TE05792,M0055,A018,2026-07-27,4,425,1700,Analyzed regulatory and compliance requirements
TE05793,M0038,A035,2023-08-12,1.5,625,937.5,Analyzed regulatory and compliance requirements
TE05794,M0042,A024,2025-11-01,6,450,2700,Conducted client strategy conference
TE05795,M0057,A028,2024-06-26,3,700,2100,Prepared matter status update
TE05796,M0100,A015,2025-12-06,4.5,475,2137.5,Analyzed regulatory and compliance requirements
TE05797,M0117,A023,2023-09-07,0.5,575,287.5,Analyzed regulatory and compliance requirements
TE05798,M0093,A022,2024-06-13,3.5,675,2362.5,Conducted client strategy conference
TE05799,M0101,A026,2026-02-22,1.5,525,787.5,Reviewed case documents and prepared analysis
TE05800,M0127,A026,2023-07-19,1.5,525,787.5,Conducted client strategy conference
TE05801,M0132,A022,2026-04-28,6,675,4050,Prepared matter status update
TE05802,M0076,A034,2023-12-02,2,725,1450,Analyzed regulatory and compliance requirements
TE05803,M0078,A016,2024-02-07,3,650,1950,Reviewed billing and budget status
TE05804,M0113,A007,2026-06-10,6,675,4050,Performed legal research
TE05805,M0026,A019,2025-01-15,7.5,725,5437.5,Reviewed discovery materials
TE05806,M0050,A036,2025-06-30,8,375,3000,Conducted client strategy conference
TE05807,M0003,A019,2025-05-05,1.5,725,1087.5,Coordinated matter planning with client team
TE05808,M0132,A032,2026-01-14,7.5,550,4125,Drafted correspondence and legal memorandum
TE05809,M0031,A026,2025-01-09,0.5,525,262.5,Drafted correspondence and legal memorandum
TE05810,M0053,A026,2026-03-01,1.5,525,787.5,Performed legal research
TE05811,M0110,A005,2026-06-27,2.5,625,1562.5,Analyzed regulatory and compliance requirements
TE05812,M0099,A024,2025-03-12,2,450,900,Performed legal research
TE05813,M0038,A027,2023-10-12,7,400,2800,Prepared for witness interview
TE05814,M0133,A033,2025-10-05,4,425,1700,Reviewed discovery materials
TE05815,M0057,A026,2024-03-29,0.5,525,262.5,Coordinated matter planning with client team
TE05816,M0047,A009,2025-03-06,3,450,1350,Reviewed case documents and prepared analysis
TE05817,M0096,A029,2025-12-14,0.5,600,300,Reviewed discovery materials
TE05818,M0035,A005,2025-09-04,5.5,625,3437.5,Prepared matter status update
TE05819,M0076,A015,2023-11-07,5.5,475,2612.5,Conducted client strategy conference
TE05820,M0044,A037,2025-09-22,1,675,675,Analyzed regulatory and compliance requirements
TE05821,M0078,A008,2023-12-27,2.5,575,1437.5,Analyzed regulatory and compliance requirements
TE05822,M0085,A007,2026-01-27,0.5,675,337.5,Prepared for witness interview
TE05823,M0005,A008,2023-07-31,1.5,575,862.5,Reviewed discovery materials
TE05824,M0083,A036,2025-08-31,3.5,375,1312.5,Prepared matter status update
TE05825,M0048,A034,2026-02-28,5,725,3625,Reviewed discovery materials
TE05826,M0131,A031,2025-08-18,5.5,650,3575,Reviewed billing and budget status
TE05827,M0019,A012,2026-04-21,6.5,400,2600,Drafted correspondence and legal memorandum
TE05828,M0015,A010,2026-06-13,1,750,750,Reviewed discovery materials
TE05829,M0147,A007,2023-02-19,6,675,4050,Reviewed billing and budget status
TE05830,M0138,A022,2024-01-26,4,675,2700,Drafted correspondence and legal memorandum
TE05831,M0074,A032,2026-02-28,7,550,3850,Prepared matter status update
TE05832,M0032,A002,2025-11-20,6.5,550,3575,Reviewed case documents and prepared analysis
TE05833,M0020,A013,2025-08-05,6,700,4200,Prepared for witness interview
TE05834,M0013,A015,2026-05-14,0.5,475,237.5,Reviewed discovery materials
TE05835,M0102,A018,2025-07-18,3,425,1275,Reviewed discovery materials
TE05836,M0122,A025,2024-06-23,0.5,750,375,Prepared matter status update
TE05837,M0062,A024,2024-10-17,3.5,450,1575,Prepared matter status update
TE05838,M0082,A003,2025-11-02,3,425,1275,Reviewed billing and budget status
TE05839,M0103,A020,2024-12-24,4.5,625,2812.5,Analyzed regulatory and compliance requirements
TE05840,M0140,A004,2025-02-26,1.5,725,1087.5,Reviewed billing and budget status
TE05841,M0094,A003,2025-01-25,2.5,425,1062.5,Reviewed billing and budget status
TE05842,M0045,A036,2025-09-02,6.5,375,2437.5,Coordinated matter planning with client team
TE05843,M0016,A036,2023-11-08,8,375,3000,Conducted client strategy conference
TE05844,M0050,A018,2024-11-19,0.5,425,212.5,Prepared matter status update
TE05845,M0011,A004,2026-06-13,5.5,725,3987.5,Conducted client strategy conference
TE05846,M0144,A027,2026-07-16,4.5,400,1800,Performed legal research
TE05847,M0136,A031,2026-05-11,2,650,1300,Prepared for witness interview
TE05848,M0047,A002,2025-03-15,2,550,1100,Prepared matter status update
TE05849,M0113,A029,2025-06-18,1,600,600,Performed legal research
TE05850,M0096,A025,2025-11-08,3,750,2250,Prepared matter status update
TE05851,M0111,A020,2026-01-25,5.5,625,3437.5,Prepared for witness interview
TE05852,M0045,A016,2025-08-22,4.5,650,2925,Reviewed case documents and prepared analysis
TE05853,M0129,A037,2023-05-02,4.5,675,3037.5,Prepared matter status update
TE05854,M0104,A006,2026-03-17,0.5,375,187.5,Analyzed regulatory and compliance requirements
TE05855,M0114,A023,2024-07-25,4.5,575,2587.5,Reviewed discovery materials
TE05856,M0113,A009,2025-05-08,0.5,450,225,Coordinated matter planning with client team
TE05857,M0138,A004,2023-11-22,0.5,725,362.5,Reviewed billing and budget status
TE05858,M0085,A011,2026-05-14,6.5,525,3412.5,Reviewed billing and budget status
TE05859,M0049,A018,2023-07-15,6.5,425,2762.5,Conducted client strategy conference
TE05860,M0119,A020,2023-12-23,5.5,625,3437.5,Reviewed discovery materials
TE05861,M0145,A006,2026-07-21,8,375,3000,Reviewed discovery materials
TE05862,M0102,A011,2026-07-01,1,525,525,Reviewed case documents and prepared analysis
TE05863,M0089,A030,2025-08-11,6.5,475,3087.5,Drafted correspondence and legal memorandum
TE05864,M0045,A010,2025-08-19,0.5,750,375,Reviewed discovery materials
TE05865,M0059,A031,2024-03-06,6.5,650,4225,Prepared matter status update
TE05866,M0108,A013,2025-05-05,2,700,1400,Performed legal research
TE05867,M0072,A015,2026-04-04,7.5,475,3562.5,Drafted correspondence and legal memorandum
TE05868,M0016,A034,2024-03-06,8,725,5800,Reviewed case documents and prepared analysis
TE05869,M0097,A022,2023-12-26,8,675,5400,Coordinated matter planning with client team
TE05870,M0013,A032,2026-02-23,3,550,1650,Performed legal research
TE05871,M0109,A011,2025-08-20,1,525,525,Analyzed regulatory and compliance requirements
TE05872,M0051,A019,2024-09-07,6.5,725,4712.5,Drafted correspondence and legal memorandum
TE05873,M0013,A004,2025-02-21,1,725,725,Prepared for witness interview
TE05874,M0117,A013,2023-09-06,7.5,700,5250,Reviewed discovery materials
TE05875,M0127,A034,2023-07-24,4.5,725,3262.5,Analyzed regulatory and compliance requirements
TE05876,M0057,A003,2024-12-27,4.5,425,1912.5,Analyzed regulatory and compliance requirements
TE05877,M0065,A004,2026-04-15,4.5,725,3262.5,Conducted client strategy conference
TE05878,M0052,A026,2024-06-27,8,525,4200,Prepared for witness interview
TE05879,M0046,A023,2024-09-30,5,575,2875,Reviewed discovery materials
TE05880,M0019,A027,2026-05-30,1,400,400,Analyzed regulatory and compliance requirements
TE05881,M0036,A034,2025-12-24,6.5,725,4712.5,Reviewed billing and budget status
TE05882,M0049,A035,2023-09-03,6.5,625,4062.5,Coordinated matter planning with client team
TE05883,M0038,A017,2023-11-23,0.5,550,275,Analyzed regulatory and compliance requirements
TE05884,M0142,A033,2025-05-31,5.5,425,2337.5,Reviewed discovery materials
TE05885,M0081,A022,2026-03-05,1.5,675,1012.5,Coordinated matter planning with client team
TE05886,M0064,A011,2024-06-04,2.5,525,1312.5,Analyzed regulatory and compliance requirements
TE05887,M0063,A007,2025-02-05,3.5,675,2362.5,Reviewed discovery materials
TE05888,M0086,A005,2025-01-29,4,625,2500,Performed legal research
TE05889,M0074,A003,2026-03-15,6.5,425,2762.5,Reviewed case documents and prepared analysis
TE05890,M0074,A005,2025-10-12,7,625,4375,Performed legal research
TE05891,M0099,A022,2025-01-11,7,675,4725,Conducted client strategy conference
TE05892,M0041,A033,2025-12-08,5,425,2125,Prepared matter status update
TE05893,M0131,A010,2025-05-07,6.5,750,4875,Analyzed regulatory and compliance requirements
TE05894,M0048,A008,2026-02-02,4,575,2300,Prepared for witness interview
TE05895,M0017,A034,2024-09-19,3.5,725,2537.5,Analyzed regulatory and compliance requirements
TE05896,M0131,A022,2025-08-14,4.5,675,3037.5,Drafted correspondence and legal memorandum
TE05897,M0092,A029,2025-04-11,3.5,600,2100,Reviewed case documents and prepared analysis
TE05898,M0067,A027,2023-03-01,2.5,400,1000,Performed legal research
TE05899,M0022,A034,2026-06-08,6.5,725,4712.5,Prepared matter status update
TE05900,M0095,A002,2025-07-26,1.5,550,825,Prepared matter status update
TE05901,M0070,A028,2026-04-26,6.5,700,4550,Reviewed discovery materials
TE05902,M0129,A029,2023-05-15,5.5,600,3300,Coordinated matter planning with client team
TE05903,M0007,A020,2025-05-10,0.5,625,312.5,Prepared matter status update
TE05904,M0020,A009,2025-07-18,2.5,450,1125,Prepared for witness interview
TE05905,M0115,A028,2026-01-11,6,700,4200,Prepared matter status update
TE05906,M0115,A025,2026-06-20,6.5,750,4875,Reviewed case documents and prepared analysis
TE05907,M0065,A017,2025-12-03,3,550,1650,Coordinated matter planning with client team
TE05908,M0142,A035,2026-06-02,8,625,5000,Drafted correspondence and legal memorandum
TE05909,M0084,A025,2025-09-03,6.5,750,4875,Coordinated matter planning with client team
TE05910,M0049,A006,2023-07-26,6.5,375,2437.5,Drafted correspondence and legal memorandum
TE05911,M0109,A011,2025-11-28,2.5,525,1312.5,Reviewed billing and budget status
TE05912,M0091,A023,2023-10-28,8,575,4600,Performed legal research
TE05913,M0086,A008,2024-12-21,2.5,575,1437.5,Performed legal research
TE05914,M0081,A030,2025-04-20,3.5,475,1662.5,Analyzed regulatory and compliance requirements
TE05915,M0147,A007,2023-03-02,4,675,2700,Prepared for witness interview
TE05916,M0084,A034,2024-08-08,2.5,725,1812.5,Reviewed discovery materials
TE05917,M0007,A035,2025-03-20,1.5,625,937.5,Performed legal research
TE05918,M0106,A028,2025-01-06,8,700,5600,Prepared for witness interview
TE05919,M0108,A031,2025-05-28,0.5,650,325,Prepared for witness interview
TE05920,M0114,A007,2024-12-17,2.5,675,1687.5,Conducted client strategy conference
TE05921,M0104,A030,2026-06-26,3.5,475,1662.5,Analyzed regulatory and compliance requirements
TE05922,M0081,A031,2026-05-10,7,650,4550,Reviewed billing and budget status
TE05923,M0126,A003,2024-08-26,7,425,2975,Performed legal research
TE05924,M0024,A020,2024-08-22,7.5,625,4687.5,Reviewed discovery materials
TE05925,M0065,A030,2026-07-17,6,475,2850,Analyzed regulatory and compliance requirements
TE05926,M0135,A027,2025-06-16,5.5,400,2200,Reviewed case documents and prepared analysis
TE05927,M0102,A014,2026-01-19,1.5,600,900,Prepared matter status update
TE05928,M0078,A034,2023-11-20,6,725,4350,Reviewed discovery materials
TE05929,M0056,A033,2026-01-20,5.5,425,2337.5,Coordinated matter planning with client team
TE05930,M0129,A015,2023-02-18,3.5,475,1662.5,Performed legal research
TE05931,M0001,A002,2026-04-22,1.5,550,825,Reviewed billing and budget status
TE05932,M0074,A027,2025-12-19,6.5,400,2600,Coordinated matter planning with client team
TE05933,M0010,A002,2024-06-10,7.5,550,4125,Reviewed billing and budget status
TE05934,M0085,A035,2026-04-09,3,625,1875,Conducted client strategy conference
TE05935,M0045,A002,2026-02-25,5.5,550,3025,Reviewed case documents and prepared analysis
TE05936,M0021,A026,2025-09-05,6,525,3150,Reviewed case documents and prepared analysis
TE05937,M0093,A029,2024-05-20,4,600,2400,Reviewed case documents and prepared analysis
TE05938,M0011,A013,2024-07-30,8,700,5600,Performed legal research
TE05939,M0055,A013,2026-04-03,4.5,700,3150,Prepared matter status update
TE05940,M0005,A031,2024-03-27,3.5,650,2275,Reviewed case documents and prepared analysis
TE05941,M0140,A033,2025-08-10,3.5,425,1487.5,Reviewed case documents and prepared analysis
TE05942,M0150,A014,2025-04-18,8,600,4800,Conducted client strategy conference
TE05943,M0020,A011,2026-02-07,1.5,525,787.5,Analyzed regulatory and compliance requirements
TE05944,M0070,A014,2026-03-11,7.5,600,4500,Reviewed discovery materials
TE05945,M0078,A028,2023-10-16,3.5,700,2450,Performed legal research
TE05946,M0024,A035,2026-02-03,1,625,625,Coordinated matter planning with client team
TE05947,M0001,A014,2025-07-08,2,600,1200,Analyzed regulatory and compliance requirements
TE05948,M0062,A012,2026-02-21,4,400,1600,Reviewed discovery materials
TE05949,M0051,A014,2025-05-23,3.5,600,2100,Conducted client strategy conference
TE05950,M0049,A006,2023-07-04,8,375,3000,Conducted client strategy conference
TE05951,M0136,A031,2026-01-22,2,650,1300,Drafted correspondence and legal memorandum
TE05952,M0049,A011,2023-08-02,2,525,1050,Reviewed billing and budget status
TE05953,M0140,A026,2025-10-31,2,525,1050,Reviewed case documents and prepared analysis
TE05954,M0137,A031,2024-06-09,5,650,3250,Reviewed case documents and prepared analysis
TE05955,M0048,A005,2026-04-16,7.5,625,4687.5,Performed legal research
TE05956,M0081,A014,2026-01-31,2.5,600,1500,Reviewed billing and budget status
TE05957,M0103,A028,2024-10-07,4,700,2800,Reviewed billing and budget status
TE05958,M0019,A034,2026-05-03,3,725,2175,Reviewed discovery materials
TE05959,M0100,A008,2023-06-03,6,575,3450,Prepared matter status update
TE05960,M0049,A005,2023-07-04,2.5,625,1562.5,Reviewed billing and budget status
TE05961,M0015,A035,2026-04-11,4,625,2500,Reviewed case documents and prepared analysis
TE05962,M0146,A031,2025-04-28,7.5,650,4875,Conducted client strategy conference
TE05963,M0045,A017,2025-06-30,2,550,1100,Reviewed billing and budget status
TE05964,M0102,A019,2025-10-19,4,725,2900,Reviewed case documents and prepared analysis
TE05965,M0078,A027,2024-07-23,5.5,400,2200,Reviewed discovery materials
TE05966,M0017,A020,2024-09-02,1,625,625,Performed legal research
TE05967,M0013,A018,2025-11-07,4.5,425,1912.5,Prepared matter status update
TE05968,M0087,A001,2026-01-22,1,650,650,Reviewed billing and budget status
TE05969,M0040,A036,2026-05-12,5.5,375,2062.5,Conducted client strategy conference
TE05970,M0123,A028,2025-12-10,4.5,700,3150,Reviewed discovery materials
TE05971,M0106,A029,2024-10-26,7.5,600,4500,Prepared for witness interview
TE05972,M0112,A015,2025-02-04,0.5,475,237.5,Conducted client strategy conference
TE05973,M0019,A032,2026-02-04,6.5,550,3575,Reviewed discovery materials
TE05974,M0061,A021,2026-07-20,8,375,3000,Analyzed regulatory and compliance requirements
TE05975,M0028,A007,2025-08-21,1.5,675,1012.5,Prepared for witness interview
TE05976,M0104,A009,2025-11-08,0.5,450,225,Analyzed regulatory and compliance requirements
TE05977,M0109,A019,2025-06-19,4.5,725,3262.5,Conducted client strategy conference
TE05978,M0073,A033,2025-02-23,3,425,1275,Performed legal research
TE05979,M0027,A005,2024-01-30,5.5,625,3437.5,Performed legal research
TE05980,M0089,A019,2025-11-03,7,725,5075,Drafted correspondence and legal memorandum
TE05981,M0025,A003,2024-01-13,1.5,425,637.5,Performed legal research
TE05982,M0064,A007,2026-04-03,1,675,675,Performed legal research
TE05983,M0138,A031,2023-12-25,4,650,2600,Drafted correspondence and legal memorandum
TE05984,M0041,A013,2026-02-25,2,700,1400,Reviewed discovery materials
TE05985,M0067,A025,2023-03-18,8,750,6000,Reviewed case documents and prepared analysis
TE05986,M0051,A021,2024-10-04,5,375,1875,Reviewed billing and budget status
TE05987,M0056,A036,2024-10-09,7.5,375,2812.5,Reviewed billing and budget status
TE05988,M0148,A006,2024-11-25,6,375,2250,Conducted client strategy conference
TE05989,M0096,A013,2026-06-11,3,700,2100,Reviewed case documents and prepared analysis
TE05990,M0044,A024,2026-05-24,3.5,450,1575,Reviewed billing and budget status
TE05991,M0063,A021,2024-10-14,1.5,375,562.5,Performed legal research
TE05992,M0038,A021,2023-05-04,7,375,2625,Coordinated matter planning with client team
TE05993,M0060,A009,2026-02-15,0.5,450,225,Performed legal research
TE05994,M0148,A026,2025-01-16,8,525,4200,Performed legal research
TE05995,M0023,A016,2025-02-15,2,650,1300,Performed legal research
TE05996,M0058,A036,2024-01-31,3,375,1125,Conducted client strategy conference
TE05997,M0130,A006,2024-12-07,5,375,1875,Prepared for witness interview
TE05998,M0092,A004,2025-02-20,0.5,725,362.5,Prepared matter status update
TE05999,M0142,A026,2025-01-03,7.5,525,3937.5,Analyzed regulatory and compliance requirements
TE06000,M0128,A028,2025-04-06,3,700,2100,Prepared matter status update
TE06001,M0011,A030,2025-11-12,5,475,2375,Reviewed discovery materials
TE06002,M0019,A033,2026-06-04,2,425,850,Drafted correspondence and legal memorandum
TE06003,M0081,A036,2026-03-10,7,375,2625,Prepared for witness interview
TE06004,M0109,A014,2025-09-30,3,600,1800,Reviewed case documents and prepared analysis
TE06005,M0018,A010,2026-07-18,1.5,750,1125,Conducted client strategy conference
TE06006,M0054,A008,2026-02-02,7.5,575,4312.5,Analyzed regulatory and compliance requirements
TE06007,M0121,A034,2026-03-24,6.5,725,4712.5,Reviewed case documents and prepared analysis
TE06008,M0137,A009,2024-10-07,3.5,450,1575,Prepared matter status update
TE06009,M0093,A033,2024-03-25,6.5,425,2762.5,Reviewed case documents and prepared analysis
TE06010,M0032,A011,2026-07-16,5,525,2625,Analyzed regulatory and compliance requirements
TE06011,M0072,A005,2024-02-17,1,625,625,Conducted client strategy conference
TE06012,M0014,A022,2026-05-22,1.5,675,1012.5,Drafted correspondence and legal memorandum
TE06013,M0079,A003,2026-05-11,5,425,2125,Prepared matter status update
TE06014,M0039,A002,2024-05-28,2.5,550,1375,Prepared matter status update
TE06015,M0074,A014,2025-11-03,1,600,600,Prepared for witness interview
TE06016,M0031,A037,2026-01-04,8,675,5400,Performed legal research
TE06017,M0047,A009,2025-03-07,1.5,450,675,Analyzed regulatory and compliance requirements
TE06018,M0140,A006,2026-05-27,5,375,1875,Performed legal research
TE06019,M0037,A035,2025-12-12,3,625,1875,Reviewed discovery materials
TE06020,M0096,A024,2026-06-09,6.5,450,2925,Coordinated matter planning with client team
TE06021,M0061,A031,2024-06-05,3.5,650,2275,Reviewed discovery materials
TE06022,M0145,A026,2025-09-19,1,525,525,Reviewed discovery materials
TE06023,M0044,A036,2026-02-25,1,375,375,Drafted correspondence and legal memorandum
TE06024,M0122,A007,2023-12-12,8,675,5400,Reviewed billing and budget status
TE06025,M0115,A024,2025-09-12,3,450,1350,Coordinated matter planning with client team
TE06026,M0023,A025,2026-02-21,3.5,750,2625,Prepared matter status update
TE06027,M0088,A008,2023-05-16,6,575,3450,Reviewed billing and budget status
TE06028,M0007,A014,2025-06-29,6.5,600,3900,Conducted client strategy conference
TE06029,M0047,A018,2025-04-19,6.5,425,2762.5,Reviewed discovery materials
TE06030,M0039,A036,2024-07-09,7.5,375,2812.5,Drafted correspondence and legal memorandum
TE06031,M0108,A020,2025-03-20,6,625,3750,Coordinated matter planning with client team
TE06032,M0109,A005,2025-10-24,2,625,1250,Coordinated matter planning with client team
TE06033,M0066,A019,2025-08-25,3.5,725,2537.5,Prepared matter status update
TE06034,M0144,A035,2026-02-14,7.5,625,4687.5,Prepared matter status update
TE06035,M0090,A013,2025-07-30,2.5,700,1750,Prepared matter status update
TE06036,M0073,A020,2024-12-02,6,625,3750,Reviewed case documents and prepared analysis
TE06037,M0137,A022,2024-12-25,8,675,5400,Reviewed billing and budget status
TE06038,M0141,A016,2026-07-27,6,650,3900,Reviewed discovery materials
TE06039,M0077,A006,2023-04-29,8,375,3000,Analyzed regulatory and compliance requirements
TE06040,M0140,A037,2025-03-03,5.5,675,3712.5,Coordinated matter planning with client team
TE06041,M0141,A033,2026-06-05,7.5,425,3187.5,Analyzed regulatory and compliance requirements
TE06042,M0024,A025,2024-06-25,4,750,3000,Conducted client strategy conference
TE06043,M0010,A018,2026-07-31,1.5,425,637.5,Prepared matter status update
TE06044,M0056,A005,2025-01-06,7,625,4375,Analyzed regulatory and compliance requirements
TE06045,M0058,A027,2024-03-20,4,400,1600,Analyzed regulatory and compliance requirements
TE06046,M0112,A025,2024-04-02,3,750,2250,Coordinated matter planning with client team
TE06047,M0072,A014,2024-11-25,2,600,1200,Drafted correspondence and legal memorandum
TE06048,M0042,A001,2025-09-05,0.5,650,325,Reviewed billing and budget status
TE06049,M0009,A019,2024-04-02,7,725,5075,Reviewed billing and budget status
TE06050,M0073,A010,2023-09-11,5.5,750,4125,Reviewed billing and budget status
TE06051,M0023,A027,2025-01-12,6,400,2400,Reviewed discovery materials
TE06052,M0128,A035,2024-05-28,6.5,625,4062.5,Prepared matter status update
TE06053,M0029,A037,2025-05-11,1,675,675,Prepared matter status update
TE06054,M0007,A031,2025-06-15,3,650,1950,Prepared matter status update
TE06055,M0081,A022,2025-07-13,7,675,4725,Reviewed billing and budget status
TE06056,M0073,A004,2025-03-17,2.5,725,1812.5,Prepared matter status update
TE06057,M0128,A028,2024-04-02,1,700,700,Coordinated matter planning with client team
TE06058,M0138,A011,2023-11-13,2,525,1050,Performed legal research
TE06059,M0015,A028,2025-10-29,8,700,5600,Analyzed regulatory and compliance requirements
TE06060,M0137,A012,2024-09-04,1.5,400,600,Reviewed billing and budget status
TE06061,M0149,A008,2024-03-14,1.5,575,862.5,Analyzed regulatory and compliance requirements
TE06062,M0005,A017,2024-06-17,1,550,550,Drafted correspondence and legal memorandum
TE06063,M0097,A022,2023-12-22,5.5,675,3712.5,Prepared for witness interview
TE06064,M0115,A018,2026-02-05,5.5,425,2337.5,Reviewed case documents and prepared analysis
TE06065,M0020,A031,2025-10-19,7.5,650,4875,Drafted correspondence and legal memorandum
TE06066,M0095,A002,2023-05-15,2,550,1100,Reviewed billing and budget status
TE06067,M0083,A023,2025-04-01,1.5,575,862.5,Reviewed discovery materials
TE06068,M0005,A005,2024-04-29,5,625,3125,Reviewed billing and budget status
TE06069,M0083,A005,2025-08-17,5,625,3125,Reviewed discovery materials
TE06070,M0139,A003,2023-07-20,3.5,425,1487.5,Analyzed regulatory and compliance requirements
TE06071,M0121,A005,2024-10-28,5,625,3125,Prepared matter status update
TE06072,M0040,A032,2026-04-23,1.5,550,825,Analyzed regulatory and compliance requirements
TE06073,M0092,A030,2025-08-30,2.5,475,1187.5,Analyzed regulatory and compliance requirements
TE06074,M0014,A032,2026-04-03,1.5,550,825,Conducted client strategy conference
TE06075,M0018,A010,2025-08-08,7,750,5250,Reviewed discovery materials
TE06076,M0010,A016,2025-11-30,2.5,650,1625,Reviewed case documents and prepared analysis
TE06077,M0109,A015,2025-03-30,5.5,475,2612.5,Reviewed billing and budget status
TE06078,M0034,A019,2026-04-21,8,725,5800,Conducted client strategy conference
TE06079,M0138,A024,2023-10-08,5.5,450,2475,Prepared matter status update
TE06080,M0043,A007,2023-03-29,5.5,675,3712.5,Reviewed billing and budget status
TE06081,M0103,A015,2023-10-03,5.5,475,2612.5,Reviewed billing and budget status
TE06082,M0019,A031,2026-06-04,2.5,650,1625,Conducted client strategy conference
TE06083,M0022,A027,2025-12-29,6.5,400,2600,Reviewed case documents and prepared analysis
TE06084,M0087,A004,2026-05-26,4,725,2900,Reviewed billing and budget status
TE06085,M0098,A006,2023-08-08,7,375,2625,Analyzed regulatory and compliance requirements
TE06086,M0054,A015,2025-02-06,7.5,475,3562.5,Reviewed billing and budget status
TE06087,M0137,A031,2024-10-17,1.5,650,975,Prepared for witness interview
TE06088,M0056,A011,2025-07-08,3.5,525,1837.5,Prepared for witness interview
TE06089,M0145,A037,2026-05-19,3.5,675,2362.5,Reviewed case documents and prepared analysis
TE06090,M0093,A029,2024-10-27,6.5,600,3900,Reviewed discovery materials
TE06091,M0061,A024,2024-03-07,2,450,900,Prepared for witness interview
TE06092,M0109,A028,2025-08-22,0.5,700,350,Coordinated matter planning with client team
TE06093,M0123,A015,2026-07-30,6.5,475,3087.5,Conducted client strategy conference
TE06094,M0080,A008,2024-08-23,4,575,2300,Reviewed case documents and prepared analysis
TE06095,M0096,A001,2026-05-14,7.5,650,4875,Drafted correspondence and legal memorandum
TE06096,M0017,A015,2025-01-03,6,475,2850,Prepared for witness interview
TE06097,M0029,A016,2025-02-10,6.5,650,4225,Analyzed regulatory and compliance requirements
TE06098,M0118,A001,2026-07-17,4,650,2600,Prepared for witness interview
TE06099,M0109,A034,2025-11-07,5.5,725,3987.5,Conducted client strategy conference
TE06100,M0121,A019,2025-07-09,6.5,725,4712.5,Coordinated matter planning with client team
TE06101,M0034,A010,2026-03-25,4.5,750,3375,Conducted client strategy conference
TE06102,M0003,A005,2023-07-14,1,625,625,Coordinated matter planning with client team
TE06103,M0016,A037,2026-03-08,4,675,2700,Drafted correspondence and legal memorandum
TE06104,M0143,A005,2026-03-11,0.5,625,312.5,Prepared matter status update
TE06105,M0112,A013,2025-03-29,5.5,700,3850,Prepared for witness interview
TE06106,M0096,A002,2025-06-21,3.5,550,1925,Conducted client strategy conference
TE06107,M0031,A035,2025-04-07,1.5,625,937.5,Performed legal research
TE06108,M0085,A010,2026-05-05,2,750,1500,Reviewed billing and budget status
TE06109,M0127,A027,2023-07-04,5.5,400,2200,Performed legal research
TE06110,M0051,A009,2025-06-09,1,450,450,Prepared matter status update
TE06111,M0032,A011,2025-10-27,7.5,525,3937.5,Analyzed regulatory and compliance requirements
TE06112,M0131,A034,2025-06-06,3.5,725,2537.5,Prepared for witness interview
TE06113,M0126,A033,2025-01-07,0.5,425,212.5,Reviewed discovery materials
TE06114,M0063,A004,2024-12-02,5,725,3625,Prepared matter status update
TE06115,M0025,A015,2026-05-26,2.5,475,1187.5,Prepared for witness interview
TE06116,M0070,A018,2025-12-31,4.5,425,1912.5,Prepared for witness interview
TE06117,M0139,A009,2023-10-08,3.5,450,1575,Reviewed case documents and prepared analysis
TE06118,M0078,A006,2024-05-18,0.5,375,187.5,Reviewed billing and budget status
TE06119,M0041,A024,2026-07-20,7,450,3150,Coordinated matter planning with client team
TE06120,M0124,A008,2025-07-04,5.5,575,3162.5,Prepared matter status update
TE06121,M0076,A029,2025-01-21,5.5,600,3300,Reviewed billing and budget status
TE06122,M0001,A022,2026-01-07,2,675,1350,Prepared for witness interview
TE06123,M0038,A013,2023-04-22,5,700,3500,Reviewed discovery materials
TE06124,M0098,A010,2023-12-20,7,750,5250,Reviewed case documents and prepared analysis
TE06125,M0030,A014,2025-10-23,4.5,600,2700,Conducted client strategy conference
TE06126,M0007,A006,2025-04-05,1,375,375,Reviewed case documents and prepared analysis
TE06127,M0007,A013,2025-09-10,1.5,700,1050,Analyzed regulatory and compliance requirements
TE06128,M0009,A018,2023-09-29,3,425,1275,Reviewed billing and budget status
TE06129,M0072,A018,2024-10-11,3,425,1275,Drafted correspondence and legal memorandum
TE06130,M0005,A015,2026-01-01,3.5,475,1662.5,Analyzed regulatory and compliance requirements
TE06131,M0103,A002,2025-08-15,2.5,550,1375,Reviewed case documents and prepared analysis
TE06132,M0101,A002,2025-06-25,4,550,2200,Prepared matter status update
TE06133,M0083,A037,2024-05-22,3,675,2025,Conducted client strategy conference
TE06134,M0100,A017,2023-06-06,5.5,550,3025,Performed legal research
TE06135,M0045,A017,2026-05-30,7.5,550,4125,Performed legal research
TE06136,M0027,A022,2024-07-07,6,675,4050,Performed legal research
TE06137,M0107,A012,2025-07-06,0.5,400,200,Reviewed billing and budget status
TE06138,M0090,A024,2023-04-25,7,450,3150,Drafted correspondence and legal memorandum
TE06139,M0050,A019,2025-09-29,7,725,5075,Analyzed regulatory and compliance requirements
TE06140,M0142,A021,2024-07-13,2,375,750,Reviewed discovery materials
TE06141,M0105,A035,2026-07-30,1,625,625,Drafted correspondence and legal memorandum
TE06142,M0066,A034,2025-04-13,4,725,2900,Reviewed case documents and prepared analysis
TE06143,M0069,A027,2026-05-18,7.5,400,3000,Drafted correspondence and legal memorandum
TE06144,M0060,A022,2025-07-02,1,675,675,Analyzed regulatory and compliance requirements
TE06145,M0077,A027,2023-02-21,2,400,800,Conducted client strategy conference
TE06146,M0049,A031,2023-08-30,1,650,650,Drafted correspondence and legal memorandum
TE06147,M0079,A003,2026-05-22,2,425,850,Reviewed discovery materials
TE06148,M0016,A031,2023-10-09,3.5,650,2275,Drafted correspondence and legal memorandum
TE06149,M0134,A035,2024-04-04,7.5,625,4687.5,Reviewed case documents and prepared analysis
TE06150,M0063,A003,2025-02-20,0.5,425,212.5,Reviewed case documents and prepared analysis
TE06151,M0022,A027,2026-03-26,3.5,400,1400,Conducted client strategy conference
TE06152,M0030,A003,2023-12-15,5,425,2125,Conducted client strategy conference
TE06153,M0051,A034,2025-07-14,1.5,725,1087.5,Coordinated matter planning with client team
TE06154,M0145,A026,2025-12-08,7,525,3675,Reviewed discovery materials
TE06155,M0098,A001,2023-09-26,3.5,650,2275,Prepared matter status update
TE06156,M0098,A028,2023-07-31,6,700,4200,Reviewed case documents and prepared analysis
TE06157,M0041,A027,2025-07-13,4.5,400,1800,Reviewed billing and budget status
TE06158,M0067,A004,2023-05-10,2,725,1450,Analyzed regulatory and compliance requirements
TE06159,M0041,A003,2026-01-14,7.5,425,3187.5,Conducted client strategy conference
TE06160,M0001,A035,2025-03-19,1.5,625,937.5,Conducted client strategy conference
TE06161,M0133,A023,2025-05-21,6,575,3450,Performed legal research
TE06162,M0061,A001,2026-05-11,5,650,3250,Drafted correspondence and legal memorandum
TE06163,M0005,A022,2025-05-29,5,675,3375,Analyzed regulatory and compliance requirements
TE06164,M0053,A035,2025-12-19,6.5,625,4062.5,Conducted client strategy conference
TE06165,M0108,A033,2025-03-12,1,425,425,Reviewed case documents and prepared analysis
TE06166,M0146,A011,2024-10-14,3,525,1575,Coordinated matter planning with client team
TE06167,M0053,A018,2026-05-08,4.5,425,1912.5,Reviewed discovery materials
TE06168,M0082,A036,2025-05-29,7.5,375,2812.5,Reviewed discovery materials
TE06169,M0013,A004,2025-07-08,2,725,1450,Conducted client strategy conference
TE06170,M0007,A036,2025-04-22,3.5,375,1312.5,Reviewed billing and budget status
TE06171,M0086,A016,2025-02-05,4,650,2600,Reviewed case documents and prepared analysis
TE06172,M0007,A031,2025-03-22,6,650,3900,Reviewed discovery materials
TE06173,M0024,A015,2025-03-01,1,475,475,Reviewed case documents and prepared analysis
TE06174,M0128,A011,2025-01-12,5.5,525,2887.5,Analyzed regulatory and compliance requirements
TE06175,M0150,A018,2026-02-19,3.5,425,1487.5,Analyzed regulatory and compliance requirements
TE06176,M0112,A025,2025-01-29,1.5,750,1125,Coordinated matter planning with client team
TE06177,M0054,A025,2025-06-17,2.5,750,1875,Performed legal research
TE06178,M0077,A035,2023-08-07,3.5,625,2187.5,Prepared for witness interview
TE06179,M0037,A031,2026-02-05,4.5,650,2925,Performed legal research
TE06180,M0077,A014,2023-06-04,3,600,1800,Analyzed regulatory and compliance requirements
TE06181,M0031,A013,2025-06-29,1.5,700,1050,Reviewed discovery materials
TE06182,M0136,A033,2026-04-06,3.5,425,1487.5,Reviewed case documents and prepared analysis
TE06183,M0148,A036,2024-09-13,6.5,375,2437.5,Analyzed regulatory and compliance requirements
TE06184,M0135,A015,2026-07-02,1.5,475,712.5,Drafted correspondence and legal memorandum
TE06185,M0135,A005,2025-04-22,2.5,625,1562.5,Prepared matter status update
TE06186,M0112,A028,2024-10-09,6.5,700,4550,Performed legal research
TE06187,M0124,A028,2024-12-11,1.5,700,1050,Conducted client strategy conference
TE06188,M0117,A028,2023-09-13,4,700,2800,Coordinated matter planning with client team
TE06189,M0112,A030,2025-02-22,8,475,3800,Reviewed billing and budget status
TE06190,M0097,A033,2023-10-28,3,425,1275,Prepared for witness interview
TE06191,M0086,A018,2026-02-08,1.5,425,637.5,Performed legal research
TE06192,M0093,A023,2023-07-04,5,575,2875,Reviewed billing and budget status
TE06193,M0132,A018,2025-10-31,7.5,425,3187.5,Reviewed case documents and prepared analysis
TE06194,M0080,A013,2025-08-11,7.5,700,5250,Analyzed regulatory and compliance requirements
TE06195,M0001,A037,2026-03-12,2.5,675,1687.5,Prepared matter status update
TE06196,M0019,A016,2026-01-23,6.5,650,4225,Reviewed case documents and prepared analysis
TE06197,M0122,A013,2026-01-05,7,700,4900,Prepared matter status update
TE06198,M0131,A007,2026-01-16,6,675,4050,Coordinated matter planning with client team
TE06199,M0115,A004,2025-07-09,6.5,725,4712.5,Performed legal research
TE06200,M0077,A034,2023-02-26,2.5,725,1812.5,Drafted correspondence and legal memorandum
TE06201,M0106,A008,2026-03-21,5,575,2875,Reviewed case documents and prepared analysis
TE06202,M0024,A029,2025-06-30,7,600,4200,Conducted client strategy conference
TE06203,M0069,A005,2026-03-02,3.5,625,2187.5,Prepared for witness interview
TE06204,M0013,A029,2026-05-07,6.5,600,3900,Reviewed billing and budget status
TE06205,M0116,A028,2025-03-20,4.5,700,3150,Reviewed case documents and prepared analysis
TE06206,M0062,A032,2024-07-14,3.5,550,1925,Reviewed discovery materials
TE06207,M0051,A019,2024-12-04,7.5,725,5437.5,Analyzed regulatory and compliance requirements
TE06208,M0117,A034,2023-09-02,4,725,2900,Performed legal research
TE06209,M0120,A030,2026-02-03,2.5,475,1187.5,Performed legal research
TE06210,M0090,A009,2024-10-04,3,450,1350,Coordinated matter planning with client team
TE06211,M0082,A032,2026-06-12,4,550,2200,Performed legal research
TE06212,M0010,A025,2024-12-13,2,750,1500,Drafted correspondence and legal memorandum
TE06213,M0073,A031,2025-11-11,4,650,2600,Prepared matter status update
TE06214,M0135,A017,2025-10-18,1,550,550,Drafted correspondence and legal memorandum
TE06215,M0131,A008,2024-06-13,3.5,575,2012.5,Drafted correspondence and legal memorandum
TE06216,M0131,A022,2026-06-12,0.5,675,337.5,Drafted correspondence and legal memorandum
TE06217,M0088,A016,2023-09-12,6.5,650,4225,Reviewed case documents and prepared analysis
TE06218,M0137,A021,2024-12-16,8,375,3000,Conducted client strategy conference
TE06219,M0132,A002,2025-10-17,1,550,550,Conducted client strategy conference
TE06220,M0075,A018,2026-02-26,4.5,425,1912.5,Coordinated matter planning with client team
TE06221,M0088,A016,2023-08-02,6,650,3900,Conducted client strategy conference
TE06222,M0003,A036,2024-02-12,1.5,375,562.5,Analyzed regulatory and compliance requirements
TE06223,M0054,A012,2024-06-26,2.5,400,1000,Performed legal research
TE06224,M0039,A022,2024-04-01,7.5,675,5062.5,Reviewed discovery materials
TE06225,M0061,A010,2025-06-03,8,750,6000,Conducted client strategy conference
TE06226,M0030,A023,2025-04-16,4.5,575,2587.5,Performed legal research
TE06227,M0061,A037,2023-12-20,6,675,4050,Analyzed regulatory and compliance requirements
TE06228,M0078,A012,2024-01-08,4.5,400,1800,Conducted client strategy conference
TE06229,M0059,A002,2023-09-13,6,550,3300,Drafted correspondence and legal memorandum
TE06230,M0062,A024,2026-06-15,4.5,450,2025,Drafted correspondence and legal memorandum
TE06231,M0009,A018,2023-11-27,8,425,3400,Conducted client strategy conference
TE06232,M0136,A015,2025-12-21,2,475,950,Drafted correspondence and legal memorandum
TE06233,M0108,A010,2025-04-05,2,750,1500,Conducted client strategy conference
TE06234,M0078,A020,2024-02-12,5.5,625,3437.5,Reviewed discovery materials
TE06235,M0084,A020,2026-06-24,0.5,625,312.5,Performed legal research
TE06236,M0071,A030,2025-12-16,8,475,3800,Conducted client strategy conference
TE06237,M0068,A002,2024-03-13,2.5,550,1375,Analyzed regulatory and compliance requirements
TE06238,M0131,A024,2024-11-12,8,450,3600,Drafted correspondence and legal memorandum
TE06239,M0147,A006,2023-03-19,2.5,375,937.5,Coordinated matter planning with client team
TE06240,M0043,A009,2023-06-21,4.5,450,2025,Coordinated matter planning with client team
TE06241,M0120,A025,2025-11-25,7,750,5250,Coordinated matter planning with client team
TE06242,M0111,A030,2026-06-04,3,475,1425,Prepared matter status update
TE06243,M0030,A010,2024-03-15,8,750,6000,Performed legal research
TE06244,M0003,A030,2026-05-25,8,475,3800,Prepared for witness interview
TE06245,M0045,A008,2025-06-23,7.5,575,4312.5,Performed legal research
TE06246,M0132,A030,2025-10-23,7.5,475,3562.5,Reviewed case documents and prepared analysis
TE06247,M0005,A020,2024-05-20,8,625,5000,Reviewed billing and budget status
TE06248,M0118,A020,2026-06-26,2.5,625,1562.5,Reviewed discovery materials
TE06249,M0082,A019,2024-12-26,5,725,3625,Conducted client strategy conference
TE06250,M0075,A002,2024-08-19,7.5,550,4125,Reviewed case documents and prepared analysis
TE06251,M0046,A023,2025-09-19,0.5,575,287.5,Performed legal research
TE06252,M0077,A024,2024-02-14,1,450,450,Conducted client strategy conference
TE06253,M0003,A024,2024-08-20,1,450,450,Performed legal research
TE06254,M0114,A002,2025-02-01,8,550,4400,Reviewed discovery materials
TE06255,M0137,A024,2024-07-14,1.5,450,675,Prepared matter status update
TE06256,M0052,A025,2023-10-11,6.5,750,4875,Drafted correspondence and legal memorandum
TE06257,M0082,A023,2024-10-12,5.5,575,3162.5,Reviewed discovery materials
TE06258,M0009,A017,2023-09-04,2.5,550,1375,Performed legal research
TE06259,M0149,A008,2024-07-04,1.5,575,862.5,Reviewed case documents and prepared analysis
TE06260,M0089,A012,2025-11-21,3,400,1200,Reviewed billing and budget status
TE06261,M0078,A010,2024-09-21,7,750,5250,Analyzed regulatory and compliance requirements
TE06262,M0016,A017,2026-02-26,6.5,550,3575,Reviewed discovery materials
TE06263,M0044,A026,2026-05-19,5.5,525,2887.5,Reviewed billing and budget status
TE06264,M0029,A021,2025-05-27,7,375,2625,Drafted correspondence and legal memorandum
TE06265,M0033,A002,2024-11-30,3,550,1650,Drafted correspondence and legal memorandum
TE06266,M0024,A023,2025-09-05,5,575,2875,Drafted correspondence and legal memorandum
TE06267,M0054,A022,2025-12-19,8,675,5400,Prepared matter status update
TE06268,M0034,A035,2026-04-21,8,625,5000,Conducted client strategy conference
TE06269,M0029,A037,2025-04-04,6.5,675,4387.5,Reviewed discovery materials
TE06270,M0112,A022,2026-05-10,8,675,5400,Prepared matter status update
TE06271,M0066,A034,2025-10-09,1,725,725,Performed legal research
TE06272,M0088,A035,2023-12-14,4,625,2500,Reviewed case documents and prepared analysis
TE06273,M0076,A028,2025-10-07,7,700,4900,Performed legal research
TE06274,M0053,A032,2026-03-19,5,550,2750,Reviewed discovery materials
TE06275,M0139,A032,2024-01-01,4.5,550,2475,Analyzed regulatory and compliance requirements
TE06276,M0124,A009,2025-05-12,3,450,1350,Reviewed case documents and prepared analysis
TE06277,M0138,A027,2023-12-02,7.5,400,3000,Analyzed regulatory and compliance requirements
TE06278,M0031,A032,2026-06-26,0.5,550,275,Reviewed discovery materials
TE06279,M0024,A003,2025-01-01,4,425,1700,Conducted client strategy conference
TE06280,M0015,A001,2025-10-10,6.5,650,4225,Performed legal research
TE06281,M0055,A002,2025-12-13,2,550,1100,Conducted client strategy conference
TE06282,M0141,A029,2026-07-05,6.5,600,3900,Prepared for witness interview
TE06283,M0013,A029,2025-08-25,0.5,600,300,Coordinated matter planning with client team
TE06284,M0092,A020,2024-08-17,5,625,3125,Prepared matter status update
TE06285,M0142,A027,2025-09-25,8,400,3200,Conducted client strategy conference
TE06286,M0017,A036,2024-12-12,5,375,1875,Performed legal research
TE06287,M0090,A010,2026-02-22,4,750,3000,Prepared matter status update
TE06288,M0043,A007,2025-10-12,6.5,675,4387.5,Analyzed regulatory and compliance requirements
TE06289,M0068,A012,2024-01-03,6.5,400,2600,Coordinated matter planning with client team
TE06290,M0108,A028,2025-02-04,5.5,700,3850,Prepared for witness interview
TE06291,M0041,A031,2026-02-02,7,650,4550,Conducted client strategy conference
TE06292,M0052,A014,2023-12-27,0.5,600,300,Reviewed discovery materials
TE06293,M0001,A004,2026-03-08,5,725,3625,Prepared for witness interview
TE06294,M0057,A019,2024-06-14,3.5,725,2537.5,Reviewed discovery materials
TE06295,M0110,A025,2026-02-24,1,750,750,Prepared for witness interview
TE06296,M0022,A024,2025-09-20,3,450,1350,Reviewed discovery materials
TE06297,M0053,A017,2025-12-09,1,550,550,Performed legal research
TE06298,M0088,A017,2023-09-25,6.5,550,3575,Coordinated matter planning with client team
TE06299,M0097,A023,2023-11-16,6,575,3450,Reviewed discovery materials
TE06300,M0017,A019,2024-11-04,6.5,725,4712.5,Analyzed regulatory and compliance requirements
TE06301,M0149,A037,2024-12-02,3.5,675,2362.5,Analyzed regulatory and compliance requirements
TE06302,M0027,A035,2024-06-17,6.5,625,4062.5,Prepared for witness interview
TE06303,M0134,A027,2025-11-06,2.5,400,1000,Prepared for witness interview
TE06304,M0009,A020,2023-10-24,6,625,3750,Prepared matter status update
TE06305,M0064,A037,2025-03-09,3,675,2025,Coordinated matter planning with client team
TE06306,M0131,A030,2025-02-12,6,475,2850,Performed legal research
TE06307,M0033,A036,2026-04-22,5.5,375,2062.5,Drafted correspondence and legal memorandum
TE06308,M0012,A011,2025-11-21,4.5,525,2362.5,Prepared for witness interview
TE06309,M0117,A006,2023-02-14,6.5,375,2437.5,Coordinated matter planning with client team
TE06310,M0150,A006,2025-05-14,6.5,375,2437.5,Conducted client strategy conference
TE06311,M0116,A033,2024-08-03,2,425,850,Analyzed regulatory and compliance requirements
TE06312,M0027,A026,2024-06-03,4.5,525,2362.5,Prepared for witness interview
TE06313,M0139,A017,2023-12-21,7,550,3850,Analyzed regulatory and compliance requirements
TE06314,M0007,A024,2025-08-30,0.5,450,225,Coordinated matter planning with client team
TE06315,M0084,A035,2024-09-09,3.5,625,2187.5,Reviewed billing and budget status
TE06316,M0131,A033,2025-08-30,5,425,2125,Coordinated matter planning with client team
TE06317,M0043,A027,2024-01-09,6,400,2400,Reviewed case documents and prepared analysis
TE06318,M0011,A012,2024-03-31,3,400,1200,Reviewed billing and budget status
TE06319,M0035,A002,2024-04-13,6,550,3300,Conducted client strategy conference
TE06320,M0031,A032,2024-10-18,3.5,550,1925,Reviewed discovery materials
TE06321,M0123,A020,2026-02-26,8,625,5000,Performed legal research
TE06322,M0077,A028,2023-02-26,6.5,700,4550,Prepared matter status update
TE06323,M0054,A027,2024-08-08,2,400,800,Prepared for witness interview
TE06324,M0125,A005,2026-06-25,5,625,3125,Reviewed billing and budget status
TE06325,M0041,A015,2026-02-26,4,475,1900,Coordinated matter planning with client team
TE06326,M0017,A001,2023-08-27,3.5,650,2275,Prepared matter status update
TE06327,M0084,A024,2025-11-16,5.5,450,2475,Coordinated matter planning with client team
TE06328,M0128,A012,2025-03-07,0.5,400,200,Reviewed discovery materials
TE06329,M0084,A026,2024-11-10,4.5,525,2362.5,Reviewed billing and budget status
TE06330,M0026,A002,2024-09-09,7,550,3850,Coordinated matter planning with client team
TE06331,M0017,A034,2024-07-16,0.5,725,362.5,Prepared for witness interview
TE06332,M0132,A011,2025-07-19,3.5,525,1837.5,Analyzed regulatory and compliance requirements
TE06333,M0125,A006,2025-08-31,5,375,1875,Performed legal research
TE06334,M0050,A008,2024-11-05,2,575,1150,Drafted correspondence and legal memorandum
TE06335,M0058,A026,2024-03-28,4,525,2100,Conducted client strategy conference
TE06336,M0060,A007,2024-06-16,4.5,675,3037.5,Analyzed regulatory and compliance requirements
TE06337,M0003,A001,2026-02-24,3,650,1950,Reviewed billing and budget status
TE06338,M0150,A005,2025-09-23,4,625,2500,Reviewed case documents and prepared analysis
TE06339,M0028,A031,2025-04-10,7.5,650,4875,Performed legal research
TE06340,M0119,A009,2024-04-17,7,450,3150,Reviewed discovery materials
TE06341,M0053,A015,2026-01-15,7.5,475,3562.5,Reviewed billing and budget status
TE06342,M0135,A013,2025-12-11,7.5,700,5250,Conducted client strategy conference
TE06343,M0051,A034,2025-05-16,0.5,725,362.5,Reviewed billing and budget status
TE06344,M0113,A026,2025-10-26,7.5,525,3937.5,Conducted client strategy conference
TE06345,M0128,A014,2025-02-22,3,600,1800,Reviewed case documents and prepared analysis
TE06346,M0051,A035,2025-09-26,7.5,625,4687.5,Analyzed regulatory and compliance requirements
TE06347,M0148,A029,2025-01-29,7,600,4200,Analyzed regulatory and compliance requirements
TE06348,M0067,A015,2023-03-06,1,475,475,Coordinated matter planning with client team
TE06349,M0005,A014,2026-04-23,8,600,4800,Reviewed discovery materials
TE06350,M0051,A037,2025-08-20,6,675,4050,Analyzed regulatory and compliance requirements
TE06351,M0103,A007,2026-01-22,1,675,675,Performed legal research
TE06352,M0034,A003,2026-01-06,1,425,425,Drafted correspondence and legal memorandum
TE06353,M0043,A034,2026-06-10,7.5,725,5437.5,Coordinated matter planning with client team
TE06354,M0106,A030,2024-05-01,0.5,475,237.5,Drafted correspondence and legal memorandum
TE06355,M0081,A028,2026-04-19,7.5,700,5250,Prepared for witness interview
TE06356,M0065,A031,2026-07-26,0.5,650,325,Performed legal research
TE06357,M0119,A021,2024-04-06,2.5,375,937.5,Coordinated matter planning with client team
TE06358,M0015,A027,2025-11-22,3,400,1200,Reviewed discovery materials
TE06359,M0010,A003,2024-07-31,5,425,2125,Performed legal research
TE06360,M0039,A019,2024-07-05,6,725,4350,Analyzed regulatory and compliance requirements
TE06361,M0138,A020,2023-10-05,1.5,625,937.5,Conducted client strategy conference
TE06362,M0040,A035,2025-08-13,5.5,625,3437.5,Performed legal research
TE06363,M0113,A002,2025-07-23,7,550,3850,Performed legal research
TE06364,M0126,A017,2025-10-04,1.5,550,825,Reviewed discovery materials
TE06365,M0048,A019,2026-05-10,1,725,725,Performed legal research
TE06366,M0044,A014,2025-12-23,2,600,1200,Reviewed case documents and prepared analysis
TE06367,M0031,A035,2026-05-18,4.5,625,2812.5,Reviewed billing and budget status
TE06368,M0132,A023,2025-10-16,4.5,575,2587.5,Coordinated matter planning with client team
TE06369,M0068,A007,2024-04-28,0.5,675,337.5,Analyzed regulatory and compliance requirements
TE06370,M0062,A005,2025-01-26,4,625,2500,Conducted client strategy conference
TE06371,M0036,A006,2025-11-30,4,375,1500,Reviewed billing and budget status
TE06372,M0149,A023,2024-11-26,5.5,575,3162.5,Reviewed case documents and prepared analysis
TE06373,M0059,A023,2024-01-23,5,575,2875,Reviewed discovery materials
TE06374,M0003,A005,2023-08-17,2.5,625,1562.5,Performed legal research
TE06375,M0037,A015,2026-02-11,0.5,475,237.5,Reviewed billing and budget status
TE06376,M0087,A030,2026-07-05,5.5,475,2612.5,Reviewed discovery materials
TE06377,M0141,A022,2026-04-26,1,675,675,Analyzed regulatory and compliance requirements
TE06378,M0098,A009,2023-10-06,5.5,450,2475,Prepared matter status update
TE06379,M0135,A036,2026-06-15,4.5,375,1687.5,Prepared for witness interview
TE06380,M0016,A016,2026-04-23,6,650,3900,Drafted correspondence and legal memorandum
TE06381,M0097,A036,2024-02-14,4.5,375,1687.5,Coordinated matter planning with client team
TE06382,M0095,A018,2025-12-14,4,425,1700,Drafted correspondence and legal memorandum
TE06383,M0097,A018,2023-08-01,2.5,425,1062.5,Drafted correspondence and legal memorandum
TE06384,M0113,A022,2026-02-06,4.5,675,3037.5,Prepared matter status update
TE06385,M0101,A017,2025-10-25,0.5,550,275,Reviewed case documents and prepared analysis
TE06386,M0041,A014,2025-08-13,5,600,3000,Reviewed case documents and prepared analysis
TE06387,M0030,A030,2025-05-01,0.5,475,237.5,Reviewed discovery materials
TE06388,M0098,A029,2023-11-27,8,600,4800,Prepared for witness interview
TE06389,M0121,A003,2025-05-04,0.5,425,212.5,Analyzed regulatory and compliance requirements
TE06390,M0120,A015,2025-12-30,4.5,475,2137.5,Reviewed discovery materials
TE06391,M0128,A029,2024-09-16,3.5,600,2100,Drafted correspondence and legal memorandum
TE06392,M0145,A001,2026-05-23,1,650,650,Performed legal research
TE06393,M0106,A011,2026-02-19,7.5,525,3937.5,Coordinated matter planning with client team
TE06394,M0118,A028,2026-04-28,2,700,1400,Reviewed billing and budget status
TE06395,M0029,A015,2025-06-05,7,475,3325,Reviewed billing and budget status
TE06396,M0024,A029,2024-09-27,3.5,600,2100,Reviewed case documents and prepared analysis
TE06397,M0009,A029,2024-09-01,4,600,2400,Prepared for witness interview
TE06398,M0013,A009,2025-08-21,8,450,3600,Prepared for witness interview
TE06399,M0116,A006,2024-11-29,1,375,375,Analyzed regulatory and compliance requirements
TE06400,M0052,A005,2024-10-29,7.5,625,4687.5,Coordinated matter planning with client team
TE06401,M0145,A027,2026-01-05,2,400,800,Prepared matter status update
TE06402,M0148,A008,2025-01-20,6,575,3450,Analyzed regulatory and compliance requirements
TE06403,M0144,A035,2026-02-21,1.5,625,937.5,Reviewed case documents and prepared analysis
TE06404,M0098,A010,2023-11-08,4,750,3000,Prepared for witness interview
TE06405,M0075,A002,2026-01-17,1.5,550,825,Reviewed discovery materials
TE06406,M0010,A007,2023-03-31,2.5,675,1687.5,Reviewed discovery materials
TE06407,M0103,A034,2026-04-20,2,725,1450,Reviewed billing and budget status
TE06408,M0123,A028,2026-06-22,8,700,5600,Reviewed billing and budget status
TE06409,M0031,A027,2024-03-05,3.5,400,1400,Reviewed case documents and prepared analysis
TE06410,M0058,A003,2024-03-09,5.5,425,2337.5,Performed legal research
TE06411,M0104,A021,2026-01-26,8,375,3000,Reviewed discovery materials
TE06412,M0123,A022,2026-06-04,0.5,675,337.5,Prepared matter status update
TE06413,M0137,A006,2024-06-17,4.5,375,1687.5,Reviewed case documents and prepared analysis
TE06414,M0110,A010,2026-05-01,3.5,750,2625,Analyzed regulatory and compliance requirements
TE06415,M0035,A019,2024-11-29,3,725,2175,Analyzed regulatory and compliance requirements
TE06416,M0072,A005,2025-06-26,1,625,625,Analyzed regulatory and compliance requirements
TE06417,M0074,A003,2026-05-27,1.5,425,637.5,Prepared for witness interview
TE06418,M0007,A037,2025-07-19,6,675,4050,Reviewed case documents and prepared analysis
TE06419,M0041,A005,2025-12-23,0.5,625,312.5,Reviewed billing and budget status
TE06420,M0090,A013,2024-03-01,1.5,700,1050,Reviewed case documents and prepared analysis
TE06421,M0056,A012,2025-01-22,8,400,3200,Conducted client strategy conference
TE06422,M0121,A002,2024-08-23,7,550,3850,Analyzed regulatory and compliance requirements
TE06423,M0070,A032,2025-12-11,2.5,550,1375,Prepared matter status update
TE06424,M0066,A022,2025-07-07,2.5,675,1687.5,Coordinated matter planning with client team
TE06425,M0064,A026,2025-12-10,6.5,525,3412.5,Analyzed regulatory and compliance requirements
TE06426,M0090,A002,2024-05-18,0.5,550,275,Reviewed billing and budget status
TE06427,M0145,A036,2025-12-05,6.5,375,2437.5,Reviewed billing and budget status
TE06428,M0085,A007,2026-03-23,5.5,675,3712.5,Drafted correspondence and legal memorandum
TE06429,M0076,A012,2024-01-14,8,400,3200,Performed legal research
TE06430,M0080,A003,2024-01-12,4.5,425,1912.5,Reviewed case documents and prepared analysis
TE06431,M0013,A016,2026-06-02,2.5,650,1625,Analyzed regulatory and compliance requirements
TE06432,M0082,A011,2024-08-17,0.5,525,262.5,Conducted client strategy conference
TE06433,M0003,A012,2025-01-21,0.5,400,200,Analyzed regulatory and compliance requirements
TE06434,M0011,A036,2026-01-13,1,375,375,Reviewed billing and budget status
TE06435,M0036,A006,2025-01-06,3.5,375,1312.5,Reviewed discovery materials
TE06436,M0032,A028,2026-04-13,8,700,5600,Performed legal research
TE06437,M0017,A019,2025-02-25,3.5,725,2537.5,Conducted client strategy conference
TE06438,M0020,A016,2026-02-26,4.5,650,2925,Performed legal research
TE06439,M0047,A026,2025-01-07,1,525,525,Reviewed case documents and prepared analysis
TE06440,M0051,A035,2025-07-12,6.5,625,4062.5,Drafted correspondence and legal memorandum
TE06441,M0023,A016,2026-07-23,1.5,650,975,Analyzed regulatory and compliance requirements
TE06442,M0107,A010,2025-07-24,1,750,750,Drafted correspondence and legal memorandum
TE06443,M0003,A013,2025-05-28,2,700,1400,Reviewed case documents and prepared analysis
TE06444,M0112,A017,2023-10-03,3.5,550,1925,Prepared matter status update
TE06445,M0034,A013,2025-10-14,2.5,700,1750,Prepared for witness interview
TE06446,M0103,A026,2023-08-12,5.5,525,2887.5,Analyzed regulatory and compliance requirements
TE06447,M0099,A030,2024-11-27,2,475,950,Coordinated matter planning with client team
TE06448,M0115,A012,2025-05-05,7,400,2800,Drafted correspondence and legal memorandum
TE06449,M0021,A002,2023-09-30,7.5,550,4125,Conducted client strategy conference
TE06450,M0048,A027,2026-02-08,8,400,3200,Prepared matter status update
TE06451,M0119,A017,2024-04-01,3.5,550,1925,Prepared for witness interview
TE06452,M0019,A007,2025-11-30,4,675,2700,Analyzed regulatory and compliance requirements
TE06453,M0047,A006,2025-04-17,5.5,375,2062.5,Prepared matter status update
TE06454,M0126,A009,2024-09-22,2.5,450,1125,Performed legal research
TE06455,M0023,A023,2024-07-14,3,575,1725,Reviewed discovery materials
TE06456,M0085,A011,2026-05-11,8,525,4200,Prepared for witness interview
TE06457,M0116,A020,2024-10-28,7.5,625,4687.5,Prepared matter status update
TE06458,M0025,A003,2025-06-30,4.5,425,1912.5,Reviewed discovery materials
TE06459,M0015,A034,2025-12-29,3.5,725,2537.5,Analyzed regulatory and compliance requirements
TE06460,M0036,A018,2024-03-22,6,425,2550,Prepared matter status update
TE06461,M0068,A025,2023-10-31,4.5,750,3375,Reviewed billing and budget status
TE06462,M0056,A030,2024-11-11,6.5,475,3087.5,Performed legal research
TE06463,M0109,A034,2025-12-13,7,725,5075,Conducted client strategy conference
TE06464,M0052,A005,2025-02-19,7.5,625,4687.5,Coordinated matter planning with client team
TE06465,M0032,A034,2025-12-15,4,725,2900,Analyzed regulatory and compliance requirements
TE06466,M0003,A010,2023-07-07,0.5,750,375,Reviewed billing and budget status
TE06467,M0148,A020,2025-03-24,1,625,625,Conducted client strategy conference
TE06468,M0088,A015,2023-10-07,2.5,475,1187.5,Reviewed discovery materials
TE06469,M0038,A014,2023-06-10,1.5,600,900,Prepared for witness interview
TE06470,M0011,A008,2024-06-07,4.5,575,2587.5,Prepared for witness interview
TE06471,M0124,A018,2026-04-25,2.5,425,1062.5,Performed legal research
TE06472,M0067,A025,2023-05-23,2,750,1500,Reviewed billing and budget status
TE06473,M0110,A025,2026-05-23,6,750,4500,Conducted client strategy conference
TE06474,M0142,A032,2024-10-04,6,550,3300,Performed legal research
TE06475,M0037,A023,2025-12-19,6.5,575,3737.5,Conducted client strategy conference
TE06476,M0032,A034,2026-03-15,1,725,725,Coordinated matter planning with client team
TE06477,M0060,A009,2024-11-22,1.5,450,675,Reviewed case documents and prepared analysis
TE06478,M0016,A021,2024-07-30,6.5,375,2437.5,Prepared for witness interview
TE06479,M0134,A001,2025-05-23,1.5,650,975,Reviewed discovery materials
TE06480,M0021,A033,2023-11-29,1,425,425,Analyzed regulatory and compliance requirements
TE06481,M0094,A012,2026-05-06,0.5,400,200,Analyzed regulatory and compliance requirements
TE06482,M0063,A027,2025-02-16,4,400,1600,Prepared for witness interview
TE06483,M0022,A024,2026-06-25,1,450,450,Reviewed billing and budget status
TE06484,M0052,A001,2026-07-10,3.5,650,2275,Prepared matter status update
TE06485,M0024,A016,2026-01-19,5.5,650,3575,Conducted client strategy conference
TE06486,M0017,A017,2024-03-05,0.5,550,275,Analyzed regulatory and compliance requirements
TE06487,M0052,A019,2023-09-20,4.5,725,3262.5,Analyzed regulatory and compliance requirements
TE06488,M0076,A035,2026-07-24,5,625,3125,Reviewed billing and budget status
TE06489,M0066,A002,2024-12-26,3,550,1650,Coordinated matter planning with client team
TE06490,M0116,A029,2024-10-14,6.5,600,3900,Prepared for witness interview
TE06491,M0042,A012,2025-06-13,2,400,800,Prepared matter status update
TE06492,M0078,A032,2024-03-31,1.5,550,825,Drafted correspondence and legal memorandum
TE06493,M0097,A021,2024-01-19,2,375,750,Prepared matter status update
TE06494,M0047,A034,2024-12-26,5,725,3625,Performed legal research
TE06495,M0061,A030,2026-04-15,5,475,2375,Performed legal research
TE06496,M0024,A011,2026-03-14,3.5,525,1837.5,Analyzed regulatory and compliance requirements
TE06497,M0123,A024,2026-02-19,7.5,450,3375,Reviewed discovery materials
TE06498,M0138,A002,2023-10-22,3,550,1650,Coordinated matter planning with client team
TE06499,M0023,A011,2025-06-15,4.5,525,2362.5,Reviewed discovery materials
TE06500,M0033,A005,2025-03-01,7,625,4375,Performed legal research
TE06501,M0045,A009,2026-05-23,3,450,1350,Prepared for witness interview
TE06502,M0061,A019,2023-07-12,5.5,725,3987.5,Coordinated matter planning with client team
TE06503,M0093,A027,2024-10-10,2.5,400,1000,Performed legal research
TE06504,M0113,A005,2026-04-02,3.5,625,2187.5,Prepared for witness interview
TE06505,M0016,A033,2025-06-19,5.5,425,2337.5,Conducted client strategy conference
TE06506,M0082,A017,2024-11-20,7.5,550,4125,Prepared for witness interview
TE06507,M0061,A023,2023-11-15,0.5,575,287.5,Prepared matter status update
TE06508,M0111,A036,2026-05-28,4.5,375,1687.5,Analyzed regulatory and compliance requirements
TE06509,M0121,A027,2026-04-25,3,400,1200,Reviewed discovery materials
TE06510,M0134,A015,2023-05-11,7,475,3325,Prepared matter status update
TE06511,M0032,A031,2026-02-05,5,650,3250,Coordinated matter planning with client team
TE06512,M0028,A032,2025-07-30,3.5,550,1925,Performed legal research
TE06513,M0037,A035,2025-12-18,6.5,625,4062.5,Performed legal research
TE06514,M0015,A025,2026-01-05,5.5,750,4125,Prepared for witness interview
TE06515,M0101,A006,2025-04-09,4,375,1500,Drafted correspondence and legal memorandum
TE06516,M0016,A031,2024-12-18,8,650,5200,Coordinated matter planning with client team
TE06517,M0001,A009,2025-01-20,3.5,450,1575,Prepared matter status update
TE06518,M0117,A035,2023-07-01,1.5,625,937.5,Prepared for witness interview
TE06519,M0138,A001,2023-10-06,4.5,650,2925,Prepared for witness interview
TE06520,M0079,A023,2025-09-26,4.5,575,2587.5,Conducted client strategy conference
TE06521,M0125,A022,2024-06-09,2.5,675,1687.5,Coordinated matter planning with client team
TE06522,M0035,A013,2026-02-09,7.5,700,5250,Reviewed discovery materials
TE06523,M0039,A020,2024-07-31,7,625,4375,Prepared for witness interview
TE06524,M0107,A034,2025-05-26,5,725,3625,Analyzed regulatory and compliance requirements
TE06525,M0127,A032,2023-05-01,2.5,550,1375,Prepared matter status update
TE06526,M0112,A019,2025-09-07,4,725,2900,Prepared for witness interview
TE06527,M0020,A022,2025-07-04,5,675,3375,Prepared for witness interview
TE06528,M0079,A002,2026-04-17,6,550,3300,Drafted correspondence and legal memorandum
TE06529,M0119,A025,2023-12-09,0.5,750,375,Analyzed regulatory and compliance requirements
TE06530,M0089,A022,2025-09-16,3,675,2025,Drafted correspondence and legal memorandum
TE06531,M0147,A021,2023-06-01,4,375,1500,Reviewed case documents and prepared analysis
TE06532,M0110,A013,2026-02-14,4.5,700,3150,Reviewed case documents and prepared analysis
TE06533,M0101,A011,2025-04-24,1,525,525,Analyzed regulatory and compliance requirements
TE06534,M0085,A003,2026-06-05,1.5,425,637.5,Performed legal research
TE06535,M0142,A036,2026-04-03,1.5,375,562.5,Reviewed billing and budget status
TE06536,M0078,A011,2024-01-15,6.5,525,3412.5,Coordinated matter planning with client team
TE06537,M0003,A027,2025-10-17,4,400,1600,Reviewed discovery materials
TE06538,M0130,A031,2026-06-03,2.5,650,1625,Drafted correspondence and legal memorandum
TE06539,M0122,A002,2025-03-24,1.5,550,825,Coordinated matter planning with client team
TE06540,M0107,A006,2025-06-16,4,375,1500,Prepared for witness interview
TE06541,M0126,A037,2025-07-16,2.5,675,1687.5,Drafted correspondence and legal memorandum
TE06542,M0044,A033,2025-07-17,4.5,425,1912.5,Conducted client strategy conference
TE06543,M0124,A013,2025-04-30,2,700,1400,Drafted correspondence and legal memorandum
TE06544,M0100,A007,2025-11-16,1.5,675,1012.5,Prepared for witness interview
TE06545,M0131,A013,2024-07-02,7.5,700,5250,Analyzed regulatory and compliance requirements
TE06546,M0056,A011,2025-09-03,0.5,525,262.5,Performed legal research
TE06547,M0032,A015,2026-06-02,4.5,475,2137.5,Conducted client strategy conference
TE06548,M0056,A008,2025-10-21,4.5,575,2587.5,Performed legal research
TE06549,M0032,A003,2026-01-17,6.5,425,2762.5,Performed legal research
TE06550,M0011,A025,2024-08-03,0.5,750,375,Reviewed discovery materials
TE06551,M0020,A016,2026-03-22,4.5,650,2925,Reviewed discovery materials
TE06552,M0027,A017,2024-04-11,1.5,550,825,Reviewed discovery materials
TE06553,M0007,A017,2025-08-27,1.5,550,825,Performed legal research
TE06554,M0010,A028,2023-08-22,6,700,4200,Prepared for witness interview
TE06555,M0039,A011,2024-02-25,2,525,1050,Drafted correspondence and legal memorandum
TE06556,M0038,A021,2023-10-13,5.5,375,2062.5,Conducted client strategy conference
TE06557,M0051,A016,2025-12-06,4.5,650,2925,Coordinated matter planning with client team
TE06558,M0005,A012,2023-09-21,3,400,1200,Drafted correspondence and legal memorandum
TE06559,M0119,A035,2023-12-08,0.5,625,312.5,Prepared matter status update
TE06560,M0035,A001,2025-02-05,2.5,650,1625,Drafted correspondence and legal memorandum
TE06561,M0113,A019,2026-06-03,5.5,725,3987.5,Prepared matter status update
TE06562,M0027,A033,2024-04-01,3.5,425,1487.5,Performed legal research
TE06563,M0027,A014,2024-02-20,6.5,600,3900,Prepared matter status update
TE06564,M0041,A033,2025-07-18,0.5,425,212.5,Prepared for witness interview
TE06565,M0017,A021,2023-10-11,0.5,375,187.5,Drafted correspondence and legal memorandum
TE06566,M0062,A008,2026-04-02,1,575,575,Performed legal research
TE06567,M0027,A023,2024-01-24,7,575,4025,Conducted client strategy conference
TE06568,M0110,A037,2026-06-30,3,675,2025,Conducted client strategy conference
TE06569,M0027,A015,2024-06-30,7.5,475,3562.5,Conducted client strategy conference
TE06570,M0098,A036,2023-12-20,5.5,375,2062.5,Prepared for witness interview
TE06571,M0033,A006,2025-07-24,7,375,2625,Analyzed regulatory and compliance requirements
TE06572,M0057,A021,2024-04-14,1.5,375,562.5,Prepared for witness interview
TE06573,M0127,A012,2023-11-18,2,400,800,Conducted client strategy conference
TE06574,M0043,A006,2026-05-03,0.5,375,187.5,Conducted client strategy conference
TE06575,M0112,A009,2026-05-05,1.5,450,675,Prepared for witness interview
TE06576,M0122,A005,2024-03-14,5.5,625,3437.5,Conducted client strategy conference
TE06577,M0090,A022,2024-08-08,0.5,675,337.5,Analyzed regulatory and compliance requirements
TE06578,M0122,A016,2025-04-02,3,650,1950,Drafted correspondence and legal memorandum
TE06579,M0003,A020,2024-12-30,2.5,625,1562.5,Prepared for witness interview
TE06580,M0078,A008,2024-06-09,6.5,575,3737.5,Reviewed billing and budget status
TE06581,M0061,A034,2025-05-13,4.5,725,3262.5,Performed legal research
TE06582,M0084,A005,2025-02-18,7,625,4375,Prepared matter status update
TE06583,M0076,A027,2025-03-02,6,400,2400,Reviewed discovery materials
TE06584,M0018,A029,2026-04-02,4,600,2400,Analyzed regulatory and compliance requirements
TE06585,M0125,A029,2026-05-12,8,600,4800,Reviewed case documents and prepared analysis
TE06586,M0110,A037,2025-12-19,7,675,4725,Conducted client strategy conference
TE06587,M0061,A003,2023-06-12,7,425,2975,Prepared for witness interview
TE06588,M0093,A007,2025-03-10,4.5,675,3037.5,Conducted client strategy conference
TE06589,M0115,A003,2026-03-12,2,425,850,Coordinated matter planning with client team
TE06590,M0134,A024,2023-12-12,4.5,450,2025,Analyzed regulatory and compliance requirements
TE06591,M0035,A002,2024-01-04,6.5,550,3575,Conducted client strategy conference
TE06592,M0048,A007,2026-01-23,4.5,675,3037.5,Performed legal research
TE06593,M0003,A033,2023-12-21,3.5,425,1487.5,Drafted correspondence and legal memorandum
TE06594,M0099,A027,2025-02-25,5,400,2000,Analyzed regulatory and compliance requirements
TE06595,M0119,A019,2024-03-17,6,725,4350,Reviewed billing and budget status
TE06596,M0056,A028,2025-01-18,7,700,4900,Reviewed billing and budget status
TE06597,M0085,A029,2026-02-25,7.5,600,4500,Drafted correspondence and legal memorandum
TE06598,M0096,A032,2025-08-16,4.5,550,2475,Reviewed discovery materials
TE06599,M0084,A007,2025-12-14,6.5,675,4387.5,Analyzed regulatory and compliance requirements
TE06600,M0024,A001,2025-05-11,0.5,650,325,Prepared for witness interview
TE06601,M0105,A013,2025-09-30,4,700,2800,Coordinated matter planning with client team
TE06602,M0031,A016,2026-05-15,5,650,3250,Reviewed case documents and prepared analysis
TE06603,M0072,A037,2025-02-21,6.5,675,4387.5,Drafted correspondence and legal memorandum
TE06604,M0064,A014,2026-05-23,7,600,4200,Conducted client strategy conference
TE06605,M0016,A009,2023-12-05,5.5,450,2475,Reviewed discovery materials
TE06606,M0059,A001,2024-03-19,1,650,650,Performed legal research
TE06607,M0063,A030,2025-06-30,3.5,475,1662.5,Reviewed discovery materials
TE06608,M0087,A021,2026-01-12,2,375,750,Prepared matter status update
TE06609,M0150,A006,2025-09-09,4,375,1500,Coordinated matter planning with client team
TE06610,M0073,A026,2024-12-08,3.5,525,1837.5,Analyzed regulatory and compliance requirements
TE06611,M0055,A024,2025-11-29,7.5,450,3375,Performed legal research
TE06612,M0063,A020,2026-03-11,3.5,625,2187.5,Coordinated matter planning with client team
TE06613,M0077,A010,2024-03-28,7,750,5250,Coordinated matter planning with client team
TE06614,M0027,A019,2024-06-08,5.5,725,3987.5,Reviewed billing and budget status
TE06615,M0122,A008,2026-07-15,8,575,4600,Analyzed regulatory and compliance requirements
TE06616,M0123,A014,2026-02-11,8,600,4800,Drafted correspondence and legal memorandum
TE06617,M0052,A009,2026-03-19,6,450,2700,Reviewed case documents and prepared analysis
TE06618,M0083,A010,2026-04-12,7,750,5250,Conducted client strategy conference
TE06619,M0131,A003,2024-06-23,7,425,2975,Prepared matter status update
TE06620,M0010,A022,2024-05-17,6,675,4050,Coordinated matter planning with client team
TE06621,M0058,A036,2024-04-04,0.5,375,187.5,Drafted correspondence and legal memorandum
TE06622,M0041,A010,2026-03-09,2.5,750,1875,Performed legal research
TE06623,M0119,A011,2024-02-11,4,525,2100,Conducted client strategy conference
TE06624,M0090,A019,2024-04-22,1.5,725,1087.5,Drafted correspondence and legal memorandum
TE06625,M0099,A027,2025-02-05,7,400,2800,Prepared for witness interview
TE06626,M0145,A032,2026-03-28,0.5,550,275,Conducted client strategy conference
TE06627,M0047,A015,2025-03-29,8,475,3800,Drafted correspondence and legal memorandum
TE06628,M0117,A013,2023-09-30,7,700,4900,Prepared for witness interview
TE06629,M0141,A034,2026-01-18,4.5,725,3262.5,Analyzed regulatory and compliance requirements
TE06630,M0058,A025,2024-03-08,1,750,750,Reviewed case documents and prepared analysis
TE06631,M0095,A010,2025-02-13,5,750,3750,Performed legal research
TE06632,M0040,A033,2026-04-30,2,425,850,Analyzed regulatory and compliance requirements
TE06633,M0047,A012,2025-01-13,3,400,1200,Reviewed case documents and prepared analysis
TE06634,M0100,A017,2025-12-12,6,550,3300,Coordinated matter planning with client team
TE06635,M0096,A021,2025-10-25,4.5,375,1687.5,Prepared for witness interview
TE06636,M0010,A016,2023-04-09,2.5,650,1625,Reviewed discovery materials
TE06637,M0005,A004,2026-02-11,4.5,725,3262.5,Coordinated matter planning with client team
TE06638,M0031,A023,2026-02-11,4.5,575,2587.5,Analyzed regulatory and compliance requirements
TE06639,M0051,A019,2025-06-28,6.5,725,4712.5,Reviewed billing and budget status
TE06640,M0071,A007,2026-07-25,5.5,675,3712.5,Prepared for witness interview
TE06641,M0039,A022,2024-03-02,5,675,3375,Drafted correspondence and legal memorandum
TE06642,M0072,A035,2024-02-24,5,625,3125,Analyzed regulatory and compliance requirements
TE06643,M0013,A033,2025-08-19,6,425,2550,Prepared matter status update
TE06644,M0003,A030,2024-07-25,6,475,2850,Prepared matter status update
TE06645,M0052,A033,2025-11-22,0.5,425,212.5,Prepared matter status update
TE06646,M0005,A035,2025-05-22,4,625,2500,Coordinated matter planning with client team
TE06647,M0050,A018,2025-03-06,3,425,1275,Analyzed regulatory and compliance requirements
TE06648,M0112,A025,2023-07-02,2,750,1500,Coordinated matter planning with client team
TE06649,M0119,A004,2024-04-11,8,725,5800,Prepared for witness interview
TE06650,M0045,A030,2026-02-21,3.5,475,1662.5,Prepared for witness interview
TE06651,M0141,A008,2026-02-22,2,575,1150,Reviewed billing and budget status
TE06652,M0049,A013,2023-08-01,4.5,700,3150,Reviewed case documents and prepared analysis
TE06653,M0077,A009,2023-08-24,0.5,450,225,Performed legal research
TE06654,M0010,A029,2026-05-22,4.5,600,2700,Prepared for witness interview
TE06655,M0024,A033,2025-12-31,7.5,425,3187.5,Reviewed discovery materials
TE06656,M0001,A010,2026-06-27,2.5,750,1875,Coordinated matter planning with client team
TE06657,M0042,A011,2026-01-07,4.5,525,2362.5,Coordinated matter planning with client team
TE06658,M0073,A007,2026-06-27,1,675,675,Drafted correspondence and legal memorandum
TE06659,M0015,A007,2025-08-09,7.5,675,5062.5,Reviewed billing and budget status
TE06660,M0050,A018,2025-12-03,7,425,2975,Prepared matter status update
TE06661,M0108,A005,2025-02-14,4,625,2500,Reviewed discovery materials
TE06662,M0009,A020,2024-06-13,5,625,3125,Performed legal research
TE06663,M0091,A029,2025-01-26,5.5,600,3300,Conducted client strategy conference
TE06664,M0106,A015,2025-10-19,6.5,475,3087.5,Drafted correspondence and legal memorandum
TE06665,M0142,A021,2025-08-30,2,375,750,Prepared matter status update
TE06666,M0065,A024,2026-03-03,0.5,450,225,Conducted client strategy conference
TE06667,M0146,A032,2024-08-20,3.5,550,1925,Analyzed regulatory and compliance requirements
TE06668,M0042,A028,2025-12-14,8,700,5600,Prepared matter status update
TE06669,M0134,A033,2023-08-12,4,425,1700,Conducted client strategy conference
TE06670,M0132,A030,2026-04-03,4.5,475,2137.5,Conducted client strategy conference
TE06671,M0131,A011,2026-04-07,4,525,2100,Reviewed case documents and prepared analysis
TE06672,M0110,A014,2026-01-04,3.5,600,2100,Conducted client strategy conference
TE06673,M0094,A007,2025-03-15,4.5,675,3037.5,Coordinated matter planning with client team
TE06674,M0071,A002,2026-07-01,5.5,550,3025,Conducted client strategy conference
TE06675,M0132,A015,2025-07-18,0.5,475,237.5,Coordinated matter planning with client team
TE06676,M0052,A035,2026-04-05,3.5,625,2187.5,Prepared for witness interview
TE06677,M0127,A007,2023-07-31,5.5,675,3712.5,Prepared for witness interview
TE06678,M0029,A022,2025-04-07,7.5,675,5062.5,Prepared for witness interview
TE06679,M0093,A020,2023-07-17,5.5,625,3437.5,Conducted client strategy conference
TE06680,M0083,A033,2025-06-07,5,425,2125,Reviewed discovery materials
TE06681,M0011,A022,2025-09-29,8,675,5400,Reviewed billing and budget status
TE06682,M0091,A021,2024-09-28,5.5,375,2062.5,Conducted client strategy conference
TE06683,M0110,A005,2026-05-29,8,625,5000,Prepared matter status update
TE06684,M0099,A016,2025-03-18,3,650,1950,Coordinated matter planning with client team
TE06685,M0034,A032,2026-02-03,7.5,550,4125,Performed legal research
TE06686,M0065,A016,2026-04-09,3.5,650,2275,Reviewed case documents and prepared analysis
TE06687,M0036,A028,2024-06-20,8,700,5600,Performed legal research
TE06688,M0068,A004,2023-10-29,5,725,3625,Drafted correspondence and legal memorandum
TE06689,M0080,A030,2025-06-16,1.5,475,712.5,Prepared for witness interview
TE06690,M0138,A003,2024-03-11,5.5,425,2337.5,Coordinated matter planning with client team
TE06691,M0011,A021,2024-11-16,3,375,1125,Reviewed billing and budget status
TE06692,M0019,A011,2026-03-07,2.5,525,1312.5,Analyzed regulatory and compliance requirements
TE06693,M0136,A015,2025-12-17,4.5,475,2137.5,Performed legal research
TE06694,M0037,A035,2026-03-04,6.5,625,4062.5,Prepared for witness interview
TE06695,M0056,A016,2025-05-13,1,650,650,Prepared for witness interview
TE06696,M0064,A033,2025-03-06,2,425,850,Prepared matter status update
TE06697,M0027,A022,2024-05-02,0.5,675,337.5,Performed legal research
TE06698,M0123,A015,2026-04-25,7.5,475,3562.5,Analyzed regulatory and compliance requirements
TE06699,M0102,A012,2025-07-30,1,400,400,Performed legal research
TE06700,M0046,A033,2026-06-17,5.5,425,2337.5,Reviewed case documents and prepared analysis
TE06701,M0087,A001,2025-12-30,8,650,5200,Coordinated matter planning with client team
TE06702,M0131,A035,2025-10-22,6,625,3750,Reviewed case documents and prepared analysis
TE06703,M0115,A002,2026-06-03,3.5,550,1925,Analyzed regulatory and compliance requirements
TE06704,M0096,A033,2025-09-06,7.5,425,3187.5,Prepared for witness interview
TE06705,M0070,A025,2025-10-31,1,750,750,Drafted correspondence and legal memorandum
TE06706,M0137,A028,2024-10-03,3,700,2100,Coordinated matter planning with client team
TE06707,M0101,A015,2025-06-10,1,475,475,Reviewed discovery materials
TE06708,M0138,A023,2023-12-13,1,575,575,Coordinated matter planning with client team
TE06709,M0062,A024,2025-06-15,3,450,1350,Conducted client strategy conference
TE06710,M0138,A028,2024-01-26,5.5,700,3850,Prepared for witness interview
TE06711,M0110,A033,2026-01-09,3.5,425,1487.5,Reviewed discovery materials
TE06712,M0140,A032,2025-12-19,0.5,550,275,Coordinated matter planning with client team
TE06713,M0074,A036,2026-04-24,1.5,375,562.5,Prepared for witness interview
TE06714,M0120,A035,2026-06-16,2.5,625,1562.5,Prepared for witness interview
TE06715,M0128,A026,2025-02-16,6,525,3150,Conducted client strategy conference
TE06716,M0082,A026,2025-09-18,7.5,525,3937.5,Prepared matter status update
TE06717,M0108,A033,2025-02-17,6.5,425,2762.5,Drafted correspondence and legal memorandum
TE06718,M0056,A022,2026-04-01,1,675,675,Drafted correspondence and legal memorandum
TE06719,M0055,A032,2025-12-24,5.5,550,3025,Conducted client strategy conference
TE06720,M0109,A026,2025-04-23,1.5,525,787.5,Reviewed case documents and prepared analysis
TE06721,M0099,A029,2025-04-05,0.5,600,300,Reviewed case documents and prepared analysis
TE06722,M0147,A014,2023-04-24,4.5,600,2700,Prepared matter status update
TE06723,M0122,A033,2024-08-26,2.5,425,1062.5,Reviewed billing and budget status
TE06724,M0100,A027,2026-04-09,5.5,400,2200,Coordinated matter planning with client team
TE06725,M0100,A019,2024-06-11,8,725,5800,Conducted client strategy conference
TE06726,M0018,A007,2026-02-19,7.5,675,5062.5,Prepared for witness interview
TE06727,M0068,A034,2023-09-16,7.5,725,5437.5,Conducted client strategy conference
TE06728,M0069,A003,2026-02-11,5.5,425,2337.5,Reviewed billing and budget status
TE06729,M0067,A015,2023-02-26,6,475,2850,Reviewed discovery materials
TE06730,M0019,A001,2025-11-30,7.5,650,4875,Reviewed billing and budget status
TE06731,M0089,A007,2025-06-19,7,675,4725,Performed legal research
TE06732,M0112,A020,2024-09-28,1.5,625,937.5,Reviewed discovery materials
TE06733,M0086,A009,2026-06-22,6,450,2700,Drafted correspondence and legal memorandum
TE06734,M0028,A002,2025-04-15,1,550,550,Prepared for witness interview
TE06735,M0143,A013,2026-03-16,4.5,700,3150,Conducted client strategy conference
TE06736,M0145,A011,2026-07-20,1,525,525,Coordinated matter planning with client team
TE06737,M0126,A020,2026-07-04,5,625,3125,Reviewed discovery materials
TE06738,M0143,A030,2025-05-08,7,475,3325,Reviewed billing and budget status
TE06739,M0104,A037,2026-07-24,4.5,675,3037.5,Coordinated matter planning with client team
TE06740,M0075,A004,2025-02-11,4.5,725,3262.5,Prepared for witness interview
TE06741,M0126,A015,2026-03-13,8,475,3800,Performed legal research
TE06742,M0054,A032,2024-07-27,1.5,550,825,Drafted correspondence and legal memorandum
TE06743,M0040,A035,2025-01-18,6,625,3750,Reviewed discovery materials
TE06744,M0035,A025,2023-11-02,8,750,6000,Reviewed discovery materials
TE06745,M0046,A001,2026-02-25,4.5,650,2925,Drafted correspondence and legal memorandum
TE06746,M0150,A012,2026-07-09,2,400,800,Prepared matter status update
TE06747,M0134,A009,2026-03-10,6,450,2700,Reviewed discovery materials
TE06748,M0134,A034,2026-03-14,4.5,725,3262.5,Reviewed discovery materials
TE06749,M0085,A024,2026-05-18,1.5,450,675,Performed legal research
TE06750,M0015,A035,2025-09-28,5.5,625,3437.5,Analyzed regulatory and compliance requirements
TE06751,M0077,A020,2023-12-04,5,625,3125,Performed legal research
TE06752,M0001,A008,2026-02-20,1.5,575,862.5,Reviewed case documents and prepared analysis
TE06753,M0048,A017,2026-04-04,1,550,550,Prepared for witness interview
TE06754,M0073,A037,2023-10-15,0.5,675,337.5,Prepared for witness interview
TE06755,M0089,A009,2025-09-01,4,450,1800,Prepared for witness interview
TE06756,M0061,A015,2023-08-18,2,475,950,Coordinated matter planning with client team
TE06757,M0095,A009,2024-10-10,2.5,450,1125,Conducted client strategy conference
TE06758,M0118,A028,2026-01-16,5.5,700,3850,Performed legal research
TE06759,M0145,A008,2026-03-03,4,575,2300,Conducted client strategy conference
TE06760,M0148,A007,2025-03-03,2,675,1350,Reviewed case documents and prepared analysis
TE06761,M0134,A037,2025-03-10,3,675,2025,Coordinated matter planning with client team
TE06762,M0072,A029,2024-08-21,4,600,2400,Prepared matter status update
TE06763,M0037,A030,2025-12-16,1,475,475,Drafted correspondence and legal memorandum
TE06764,M0077,A010,2024-03-27,1.5,750,1125,Analyzed regulatory and compliance requirements
TE06765,M0118,A037,2026-01-06,7,675,4725,Drafted correspondence and legal memorandum
TE06766,M0054,A016,2026-03-13,0.5,650,325,Coordinated matter planning with client team
TE06767,M0029,A027,2025-04-23,4,400,1600,Reviewed billing and budget status
TE06768,M0061,A026,2025-10-03,6,525,3150,Reviewed discovery materials
TE06769,M0073,A005,2023-11-25,3,625,1875,Reviewed discovery materials
TE06770,M0011,A027,2025-05-20,6,400,2400,Prepared for witness interview
TE06771,M0005,A026,2023-11-24,1.5,525,787.5,Prepared for witness interview
TE06772,M0003,A028,2023-10-25,3.5,700,2450,Prepared matter status update
TE06773,M0122,A033,2024-07-22,2.5,425,1062.5,Reviewed discovery materials
TE06774,M0092,A019,2025-04-26,2,725,1450,Analyzed regulatory and compliance requirements
TE06775,M0130,A009,2024-12-15,4.5,450,2025,Reviewed discovery materials
TE06776,M0028,A015,2025-04-08,3,475,1425,Conducted client strategy conference
TE06777,M0148,A030,2025-02-26,0.5,475,237.5,Performed legal research
TE06778,M0007,A030,2025-02-12,2,475,950,Reviewed case documents and prepared analysis
TE06779,M0098,A030,2023-10-16,4.5,475,2137.5,Prepared for witness interview
TE06780,M0027,A006,2024-06-27,5,375,1875,Performed legal research
TE06781,M0091,A036,2025-12-07,6.5,375,2437.5,Reviewed discovery materials
TE06782,M0082,A023,2026-02-17,5,575,2875,Reviewed billing and budget status
TE06783,M0007,A033,2025-02-21,5.5,425,2337.5,Coordinated matter planning with client team
TE06784,M0131,A021,2025-03-10,0.5,375,187.5,Coordinated matter planning with client team
TE06785,M0114,A011,2026-07-03,2,525,1050,Drafted correspondence and legal memorandum
TE06786,M0014,A017,2026-06-21,6,550,3300,Analyzed regulatory and compliance requirements
TE06787,M0047,A009,2025-04-25,6,450,2700,Prepared matter status update
TE06788,M0089,A003,2025-06-21,4.5,425,1912.5,Reviewed discovery materials
TE06789,M0020,A031,2025-06-10,3,650,1950,Reviewed case documents and prepared analysis
TE06790,M0117,A036,2023-02-03,3,375,1125,Coordinated matter planning with client team
TE06791,M0017,A017,2023-10-20,1,550,550,Prepared matter status update
TE06792,M0143,A008,2026-07-02,3.5,575,2012.5,Reviewed case documents and prepared analysis
TE06793,M0148,A017,2024-10-26,1,550,550,Reviewed billing and budget status
TE06794,M0122,A001,2023-08-31,5,650,3250,Reviewed case documents and prepared analysis
TE06795,M0042,A003,2025-08-27,1,425,425,Performed legal research
TE06796,M0128,A028,2025-01-03,2,700,1400,Drafted correspondence and legal memorandum
TE06797,M0090,A013,2023-11-12,4,700,2800,Coordinated matter planning with client team
TE06798,M0044,A019,2026-04-23,2,725,1450,Analyzed regulatory and compliance requirements
TE06799,M0129,A017,2023-08-05,1,550,550,Analyzed regulatory and compliance requirements
TE06800,M0145,A027,2026-05-21,5.5,400,2200,Performed legal research
TE06801,M0129,A011,2023-10-01,4,525,2100,Prepared matter status update
TE06802,M0108,A015,2025-05-01,7.5,475,3562.5,Reviewed billing and budget status
TE06803,M0095,A005,2023-10-19,1,625,625,Reviewed billing and budget status
TE06804,M0040,A003,2026-03-19,3.5,425,1487.5,Analyzed regulatory and compliance requirements
TE06805,M0115,A021,2026-05-21,3,375,1125,Performed legal research
TE06806,M0007,A031,2025-03-30,7.5,650,4875,Performed legal research
TE06807,M0079,A010,2025-10-09,3,750,2250,Prepared matter status update
TE06808,M0034,A037,2026-01-05,5.5,675,3712.5,Conducted client strategy conference
TE06809,M0038,A019,2023-11-19,6.5,725,4712.5,Analyzed regulatory and compliance requirements
TE06810,M0026,A016,2025-12-10,2,650,1300,Coordinated matter planning with client team
TE06811,M0109,A019,2025-09-09,8,725,5800,Prepared for witness interview
TE06812,M0059,A013,2024-02-17,0.5,700,350,Conducted client strategy conference
TE06813,M0104,A012,2026-04-05,4.5,400,1800,Conducted client strategy conference
TE06814,M0051,A001,2025-02-25,1.5,650,975,Reviewed discovery materials
TE06815,M0036,A007,2026-05-14,5.5,675,3712.5,Performed legal research
TE06816,M0134,A024,2023-11-12,5.5,450,2475,Reviewed billing and budget status
TE06817,M0102,A005,2025-09-25,0.5,625,312.5,Performed legal research
TE06818,M0050,A019,2025-05-24,7,725,5075,Coordinated matter planning with client team
TE06819,M0127,A012,2024-01-08,0.5,400,200,Reviewed case documents and prepared analysis
TE06820,M0073,A035,2024-10-12,3,625,1875,Reviewed billing and budget status
TE06821,M0084,A005,2025-03-24,6.5,625,4062.5,Reviewed case documents and prepared analysis
TE06822,M0045,A003,2025-09-17,2.5,425,1062.5,Prepared for witness interview
TE06823,M0075,A019,2023-07-01,8,725,5800,Performed legal research
TE06824,M0007,A009,2025-08-13,4.5,450,2025,Reviewed billing and budget status
TE06825,M0074,A014,2026-06-24,1.5,600,900,Analyzed regulatory and compliance requirements
TE06826,M0075,A009,2024-07-10,5.5,450,2475,Analyzed regulatory and compliance requirements
TE06827,M0087,A033,2026-04-20,6,425,2550,Analyzed regulatory and compliance requirements
TE06828,M0108,A019,2025-04-11,2,725,1450,Coordinated matter planning with client team
TE06829,M0147,A007,2023-04-22,1,675,675,Reviewed case documents and prepared analysis
TE06830,M0093,A022,2023-06-09,7.5,675,5062.5,Reviewed billing and budget status
TE06831,M0074,A037,2025-11-17,1,675,675,Reviewed case documents and prepared analysis
TE06832,M0062,A013,2024-05-26,4,700,2800,Reviewed case documents and prepared analysis
TE06833,M0075,A024,2024-03-03,5.5,450,2475,Prepared matter status update
TE06834,M0119,A023,2023-12-09,1.5,575,862.5,Prepared matter status update
TE06835,M0039,A017,2024-04-11,3.5,550,1925,Analyzed regulatory and compliance requirements
TE06836,M0061,A018,2023-10-13,7,425,2975,Drafted correspondence and legal memorandum
TE06837,M0132,A034,2025-12-02,6,725,4350,Performed legal research
TE06838,M0131,A024,2026-06-24,3.5,450,1575,Conducted client strategy conference
TE06839,M0085,A001,2026-05-09,0.5,650,325,Drafted correspondence and legal memorandum
TE06840,M0077,A008,2023-08-15,4.5,575,2587.5,Analyzed regulatory and compliance requirements
TE06841,M0026,A017,2025-04-29,4.5,550,2475,Prepared matter status update
TE06842,M0049,A015,2023-05-21,1,475,475,Reviewed billing and budget status
TE06843,M0028,A025,2025-05-16,4,750,3000,Reviewed billing and budget status
TE06844,M0139,A031,2023-07-21,3.5,650,2275,Prepared for witness interview
TE06845,M0147,A005,2023-05-10,1.5,625,937.5,Drafted correspondence and legal memorandum
TE06846,M0078,A005,2024-02-10,4,625,2500,Prepared for witness interview
TE06847,M0131,A020,2026-06-02,0.5,625,312.5,Reviewed discovery materials
TE06848,M0051,A026,2024-11-16,7.5,525,3937.5,Conducted client strategy conference
TE06849,M0149,A026,2024-03-25,3.5,525,1837.5,Coordinated matter planning with client team
TE06850,M0030,A006,2024-05-30,3.5,375,1312.5,Performed legal research
TE06851,M0080,A016,2026-01-06,8,650,5200,Drafted correspondence and legal memorandum
TE06852,M0122,A017,2023-12-12,7,550,3850,Drafted correspondence and legal memorandum
TE06853,M0148,A021,2025-01-16,7.5,375,2812.5,Prepared matter status update
TE06854,M0121,A031,2025-09-30,6.5,650,4225,Reviewed case documents and prepared analysis
TE06855,M0132,A010,2025-09-01,8,750,6000,Prepared for witness interview
TE06856,M0075,A001,2025-06-27,3.5,650,2275,Prepared for witness interview
TE06857,M0050,A034,2025-04-18,6,725,4350,Prepared matter status update
TE06858,M0001,A027,2026-02-26,4,400,1600,Coordinated matter planning with client team
TE06859,M0043,A007,2025-10-06,0.5,675,337.5,Analyzed regulatory and compliance requirements
TE06860,M0108,A022,2025-02-16,5.5,675,3712.5,Analyzed regulatory and compliance requirements
TE06861,M0127,A007,2023-04-19,4.5,675,3037.5,Analyzed regulatory and compliance requirements
TE06862,M0025,A024,2024-11-04,7.5,450,3375,Prepared for witness interview
TE06863,M0009,A012,2024-02-27,3.5,400,1400,Prepared matter status update
TE06864,M0108,A014,2025-05-10,6.5,600,3900,Reviewed billing and budget status
TE06865,M0129,A022,2023-04-14,7.5,675,5062.5,Prepared matter status update
TE06866,M0116,A006,2024-01-26,8,375,3000,Reviewed case documents and prepared analysis
TE06867,M0044,A011,2026-01-08,6,525,3150,Coordinated matter planning with client team
TE06868,M0068,A034,2023-10-04,7,725,5075,Conducted client strategy conference
TE06869,M0136,A005,2026-03-08,3,625,1875,Reviewed billing and budget status
TE06870,M0127,A025,2023-07-26,7.5,750,5625,Coordinated matter planning with client team
TE06871,M0130,A035,2025-11-27,6.5,625,4062.5,Reviewed discovery materials
TE06872,M0065,A009,2026-01-08,8,450,3600,Drafted correspondence and legal memorandum
TE06873,M0072,A018,2024-09-12,2,425,850,Drafted correspondence and legal memorandum
TE06874,M0035,A014,2025-01-24,6.5,600,3900,Drafted correspondence and legal memorandum
TE06875,M0061,A035,2023-12-19,8,625,5000,Performed legal research
TE06876,M0041,A020,2026-03-17,8,625,5000,Prepared matter status update
TE06877,M0092,A021,2024-08-10,7.5,375,2812.5,Prepared for witness interview
TE06878,M0030,A022,2023-12-25,7,675,4725,Reviewed billing and budget status
TE06879,M0050,A033,2026-07-05,3.5,425,1487.5,Reviewed case documents and prepared analysis
TE06880,M0052,A020,2023-12-19,1.5,625,937.5,Prepared for witness interview
TE06881,M0116,A025,2025-09-09,5,750,3750,Reviewed billing and budget status
TE06882,M0127,A027,2023-12-19,2.5,400,1000,Reviewed case documents and prepared analysis
TE06883,M0077,A032,2023-12-23,3.5,550,1925,Drafted correspondence and legal memorandum
TE06884,M0019,A007,2026-01-20,7,675,4725,Performed legal research
TE06885,M0113,A026,2026-04-29,7,525,3675,Reviewed case documents and prepared analysis
TE06886,M0012,A027,2024-09-19,1.5,400,600,Prepared matter status update
TE06887,M0063,A023,2024-04-02,0.5,575,287.5,Reviewed billing and budget status
TE06888,M0018,A017,2026-02-16,3,550,1650,Performed legal research
TE06889,M0081,A020,2025-10-02,1.5,625,937.5,Performed legal research
TE06890,M0147,A021,2023-04-19,4.5,375,1687.5,Prepared for witness interview
TE06891,M0053,A020,2025-12-15,4.5,625,2812.5,Drafted correspondence and legal memorandum
TE06892,M0054,A037,2024-06-21,1.5,675,1012.5,Reviewed billing and budget status
TE06893,M0060,A008,2024-08-27,3.5,575,2012.5,Reviewed case documents and prepared analysis
TE06894,M0066,A009,2025-07-11,1,450,450,Analyzed regulatory and compliance requirements
TE06895,M0036,A006,2024-09-15,5,375,1875,Analyzed regulatory and compliance requirements
TE06896,M0020,A018,2026-05-17,4,425,1700,Drafted correspondence and legal memorandum
TE06897,M0058,A003,2024-01-02,4.5,425,1912.5,Performed legal research
TE06898,M0003,A001,2024-11-01,2.5,650,1625,Prepared matter status update
TE06899,M0012,A002,2025-11-15,6.5,550,3575,Reviewed discovery materials
TE06900,M0076,A027,2025-11-06,7,400,2800,Drafted correspondence and legal memorandum
TE06901,M0098,A010,2023-07-04,5,750,3750,Performed legal research
TE06902,M0029,A023,2025-04-02,4,575,2300,Prepared for witness interview
TE06903,M0040,A003,2025-10-23,2.5,425,1062.5,Reviewed billing and budget status
TE06904,M0048,A013,2026-05-08,7,700,4900,Performed legal research
TE06905,M0126,A011,2024-09-16,3,525,1575,Reviewed billing and budget status
TE06906,M0013,A006,2026-04-26,1,375,375,Reviewed case documents and prepared analysis
TE06907,M0026,A027,2026-05-07,1.5,400,600,Prepared for witness interview
TE06908,M0142,A032,2026-07-29,2.5,550,1375,Reviewed discovery materials
TE06909,M0074,A025,2026-05-26,5,750,3750,Prepared matter status update
TE06910,M0136,A036,2026-04-15,7,375,2625,Coordinated matter planning with client team
TE06911,M0065,A010,2026-03-10,5.5,750,4125,Reviewed case documents and prepared analysis
TE06912,M0146,A037,2024-08-08,5,675,3375,Drafted correspondence and legal memorandum
TE06913,M0087,A036,2026-02-10,4,375,1500,Prepared matter status update
TE06914,M0067,A006,2023-03-30,2.5,375,937.5,Drafted correspondence and legal memorandum
TE06915,M0058,A015,2024-01-28,2.5,475,1187.5,Conducted client strategy conference
TE06916,M0095,A027,2025-04-07,5.5,400,2200,Reviewed billing and budget status
TE06917,M0128,A019,2024-08-27,4.5,725,3262.5,Performed legal research
TE06918,M0140,A030,2025-06-26,5.5,475,2612.5,Performed legal research
TE06919,M0064,A035,2025-12-13,2.5,625,1562.5,Conducted client strategy conference
TE06920,M0034,A031,2025-10-16,4.5,650,2925,Reviewed discovery materials
TE06921,M0079,A030,2025-12-25,1,475,475,Analyzed regulatory and compliance requirements
TE06922,M0131,A026,2024-07-07,4,525,2100,Reviewed case documents and prepared analysis
TE06923,M0114,A012,2026-06-20,5,400,2000,Analyzed regulatory and compliance requirements
TE06924,M0021,A008,2026-01-25,6,575,3450,Analyzed regulatory and compliance requirements
TE06925,M0113,A030,2026-02-26,2.5,475,1187.5,Reviewed discovery materials
TE06926,M0078,A033,2024-07-19,0.5,425,212.5,Analyzed regulatory and compliance requirements
TE06927,M0127,A026,2023-12-01,0.5,525,262.5,Coordinated matter planning with client team
TE06928,M0138,A029,2024-02-11,4.5,600,2700,Prepared matter status update
TE06929,M0068,A028,2023-10-21,7,700,4900,Coordinated matter planning with client team
TE06930,M0072,A024,2025-09-15,6,450,2700,Drafted correspondence and legal memorandum
TE06931,M0121,A016,2026-03-21,0.5,650,325,Coordinated matter planning with client team
TE06932,M0072,A035,2025-11-27,4.5,625,2812.5,Reviewed billing and budget status
TE06933,M0005,A006,2025-12-12,0.5,375,187.5,Performed legal research
TE06934,M0049,A019,2023-08-31,3.5,725,2537.5,Drafted correspondence and legal memorandum
TE06935,M0088,A006,2023-11-21,5.5,375,2062.5,Performed legal research
TE06936,M0030,A010,2025-03-02,1.5,750,1125,Reviewed discovery materials
TE06937,M0013,A010,2025-05-27,5.5,750,4125,Reviewed billing and budget status
TE06938,M0140,A012,2025-01-02,4.5,400,1800,Analyzed regulatory and compliance requirements
TE06939,M0003,A032,2023-11-17,0.5,550,275,Coordinated matter planning with client team
TE06940,M0036,A007,2024-09-19,7.5,675,5062.5,Drafted correspondence and legal memorandum
TE06941,M0069,A020,2026-04-19,8,625,5000,Drafted correspondence and legal memorandum
TE06942,M0148,A016,2024-09-14,3.5,650,2275,Drafted correspondence and legal memorandum
TE06943,M0015,A014,2026-02-12,2,600,1200,Conducted client strategy conference
TE06944,M0018,A031,2026-03-08,1.5,650,975,Performed legal research
TE06945,M0060,A002,2025-11-14,4,550,2200,Reviewed case documents and prepared analysis
TE06946,M0135,A021,2026-06-24,7.5,375,2812.5,Prepared matter status update
TE06947,M0069,A001,2026-03-23,4.5,650,2925,Performed legal research
TE06948,M0101,A031,2025-04-29,7.5,650,4875,Analyzed regulatory and compliance requirements
TE06949,M0019,A032,2026-04-28,5.5,550,3025,Prepared matter status update
TE06950,M0017,A011,2023-09-13,3,525,1575,Conducted client strategy conference
TE06951,M0062,A007,2025-12-19,7.5,675,5062.5,Prepared matter status update
TE06952,M0011,A025,2024-11-03,5.5,750,4125,Prepared for witness interview
TE06953,M0128,A029,2024-11-13,2,600,1200,Analyzed regulatory and compliance requirements
TE06954,M0001,A007,2025-09-14,6,675,4050,Analyzed regulatory and compliance requirements
TE06955,M0036,A034,2026-05-13,7,725,5075,Conducted client strategy conference
TE06956,M0057,A010,2024-09-12,6,750,4500,Reviewed discovery materials
TE06957,M0035,A025,2025-06-24,4.5,750,3375,Performed legal research
TE06958,M0099,A001,2025-04-01,6,650,3900,Coordinated matter planning with client team
TE06959,M0019,A036,2025-12-28,5.5,375,2062.5,Drafted correspondence and legal memorandum
TE06960,M0047,A012,2025-02-06,3.5,400,1400,Reviewed discovery materials
TE06961,M0063,A001,2025-04-27,6.5,650,4225,Prepared matter status update
TE06962,M0109,A033,2025-10-31,2,425,850,Drafted correspondence and legal memorandum
TE06963,M0105,A026,2026-05-25,5.5,525,2887.5,Conducted client strategy conference
TE06964,M0096,A013,2025-12-02,1.5,700,1050,Conducted client strategy conference
TE06965,M0143,A001,2025-04-22,8,650,5200,Performed legal research
TE06966,M0123,A002,2025-12-05,4,550,2200,Performed legal research
TE06967,M0085,A034,2026-01-21,6.5,725,4712.5,Analyzed regulatory and compliance requirements
TE06968,M0024,A032,2025-07-20,1.5,550,825,Coordinated matter planning with client team
TE06969,M0001,A009,2026-05-05,2.5,450,1125,Reviewed discovery materials
TE06970,M0022,A004,2025-01-09,0.5,725,362.5,Coordinated matter planning with client team
TE06971,M0021,A015,2023-10-06,2.5,475,1187.5,Drafted correspondence and legal memorandum
TE06972,M0035,A026,2025-11-10,5,525,2625,Conducted client strategy conference
TE06973,M0022,A024,2025-05-23,4,450,1800,Analyzed regulatory and compliance requirements
TE06974,M0068,A021,2023-10-02,7,375,2625,Reviewed billing and budget status
TE06975,M0098,A011,2023-12-11,2,525,1050,Prepared matter status update
TE06976,M0081,A006,2025-08-20,5.5,375,2062.5,Prepared for witness interview
TE06977,M0037,A024,2026-02-22,4,450,1800,Reviewed billing and budget status
TE06978,M0136,A034,2026-04-30,4,725,2900,Prepared matter status update
TE06979,M0003,A032,2026-01-10,8,550,4400,Analyzed regulatory and compliance requirements
TE06980,M0056,A035,2026-04-17,8,625,5000,Drafted correspondence and legal memorandum
TE06981,M0016,A030,2023-04-13,5,475,2375,Analyzed regulatory and compliance requirements
TE06982,M0055,A010,2026-06-28,3,750,2250,Performed legal research
TE06983,M0052,A034,2023-07-31,4,725,2900,Performed legal research
TE06984,M0066,A014,2025-12-02,1.5,600,900,Reviewed discovery materials
TE06985,M0135,A017,2025-04-04,1,550,550,Drafted correspondence and legal memorandum
TE06986,M0071,A024,2026-05-22,5,450,2250,Reviewed case documents and prepared analysis
TE06987,M0042,A011,2025-10-01,1,525,525,Drafted correspondence and legal memorandum
TE06988,M0031,A011,2025-03-13,0.5,525,262.5,Reviewed billing and budget status
TE06989,M0116,A035,2026-05-07,8,625,5000,Drafted correspondence and legal memorandum
TE06990,M0120,A023,2025-10-31,5,575,2875,Analyzed regulatory and compliance requirements
TE06991,M0039,A009,2024-04-28,4,450,1800,Conducted client strategy conference
TE06992,M0083,A006,2025-10-21,6,375,2250,Drafted correspondence and legal memorandum
TE06993,M0128,A012,2025-03-19,3.5,400,1400,Reviewed case documents and prepared analysis
TE06994,M0014,A035,2025-09-07,4,625,2500,Prepared for witness interview
TE06995,M0032,A013,2025-08-20,1.5,700,1050,Conducted client strategy conference
TE06996,M0119,A035,2024-03-26,2,625,1250,Performed legal research
TE06997,M0068,A021,2024-04-25,0.5,375,187.5,Drafted correspondence and legal memorandum
TE06998,M0143,A026,2026-06-01,1,525,525,Reviewed discovery materials
TE06999,M0061,A011,2023-07-14,1.5,525,787.5,Reviewed billing and budget status
TE07000,M0052,A008,2025-03-06,1,575,575,Reviewed billing and budget status
TE07001,M0027,A037,2024-02-27,3,675,2025,Reviewed case documents and prepared analysis
TE07002,M0104,A009,2026-05-08,7.5,450,3375,Reviewed case documents and prepared analysis
TE07003,M0108,A019,2025-04-19,1.5,725,1087.5,Prepared for witness interview
TE07004,M0005,A016,2025-03-08,4,650,2600,Coordinated matter planning with client team
TE07005,M0084,A028,2025-10-31,2.5,700,1750,Drafted correspondence and legal memorandum
TE07006,M0140,A009,2025-03-03,4,450,1800,Coordinated matter planning with client team
TE07007,M0028,A021,2025-07-24,4,375,1500,Reviewed discovery materials
TE07008,M0099,A022,2024-12-14,1.5,675,1012.5,Performed legal research
TE07009,M0073,A011,2023-10-20,5.5,525,2887.5,Analyzed regulatory and compliance requirements
TE07010,M0080,A002,2023-12-28,2,550,1100,Conducted client strategy conference
TE07011,M0117,A025,2023-02-18,6.5,750,4875,Reviewed discovery materials
TE07012,M0014,A003,2026-01-02,4.5,425,1912.5,Analyzed regulatory and compliance requirements
TE07013,M0067,A004,2023-04-27,4.5,725,3262.5,Performed legal research
TE07014,M0049,A029,2023-06-16,3.5,600,2100,Analyzed regulatory and compliance requirements
TE07015,M0063,A028,2024-02-13,2,700,1400,Reviewed billing and budget status
TE07016,M0037,A035,2026-01-24,2.5,625,1562.5,Prepared matter status update
TE07017,M0016,A022,2025-12-16,6,675,4050,Prepared matter status update
TE07018,M0132,A018,2025-05-22,5.5,425,2337.5,Drafted correspondence and legal memorandum
TE07019,M0106,A033,2024-06-01,2,425,850,Reviewed case documents and prepared analysis
TE07020,M0030,A009,2025-08-30,7,450,3150,Reviewed discovery materials
TE07021,M0060,A017,2025-06-18,5.5,550,3025,Reviewed case documents and prepared analysis
TE07022,M0023,A024,2025-08-29,5,450,2250,Prepared for witness interview
TE07023,M0141,A020,2026-03-08,5,625,3125,Coordinated matter planning with client team
TE07024,M0107,A017,2025-08-02,1,550,550,Coordinated matter planning with client team
TE07025,M0043,A001,2025-03-14,2.5,650,1625,Reviewed discovery materials
TE07026,M0037,A013,2025-12-23,2.5,700,1750,Prepared for witness interview
TE07027,M0105,A003,2026-04-10,2.5,425,1062.5,Reviewed billing and budget status
TE07028,M0001,A012,2025-08-29,4.5,400,1800,Drafted correspondence and legal memorandum
TE07029,M0119,A003,2024-04-11,8,425,3400,Analyzed regulatory and compliance requirements
TE07030,M0015,A034,2026-05-26,1.5,725,1087.5,Prepared matter status update
TE07031,M0079,A008,2026-02-13,4.5,575,2587.5,Prepared matter status update
TE07032,M0013,A032,2026-06-19,2,550,1100,Analyzed regulatory and compliance requirements
TE07033,M0052,A002,2024-03-06,0.5,550,275,Drafted correspondence and legal memorandum
TE07034,M0104,A021,2025-10-02,3.5,375,1312.5,Analyzed regulatory and compliance requirements
TE07035,M0071,A030,2026-04-02,6.5,475,3087.5,Reviewed billing and budget status
TE07036,M0094,A019,2025-07-01,1.5,725,1087.5,Reviewed discovery materials
TE07037,M0110,A018,2026-02-09,6.5,425,2762.5,Prepared matter status update
TE07038,M0137,A004,2024-05-10,6.5,725,4712.5,Prepared for witness interview
TE07039,M0114,A036,2024-08-16,2.5,375,937.5,Coordinated matter planning with client team
TE07040,M0135,A015,2025-10-28,4.5,475,2137.5,Prepared matter status update
TE07041,M0039,A004,2024-02-05,3.5,725,2537.5,Drafted correspondence and legal memorandum
TE07042,M0095,A020,2026-06-10,6.5,625,4062.5,Analyzed regulatory and compliance requirements
TE07043,M0025,A001,2025-12-25,2.5,650,1625,Coordinated matter planning with client team
TE07044,M0007,A017,2025-02-28,2,550,1100,Prepared for witness interview
TE07045,M0085,A009,2026-04-09,3,450,1350,Analyzed regulatory and compliance requirements
TE07046,M0148,A011,2024-12-12,7,525,3675,Reviewed billing and budget status
TE07047,M0111,A020,2026-06-29,4.5,625,2812.5,Reviewed discovery materials
TE07048,M0005,A026,2025-02-19,6,525,3150,Reviewed billing and budget status
TE07049,M0022,A022,2024-08-06,7,675,4725,Analyzed regulatory and compliance requirements
TE07050,M0017,A003,2024-08-28,3.5,425,1487.5,Reviewed billing and budget status
TE07051,M0049,A004,2023-08-12,5.5,725,3987.5,Reviewed discovery materials
TE07052,M0114,A021,2024-08-21,5.5,375,2062.5,Reviewed discovery materials
TE07053,M0083,A030,2025-05-20,8,475,3800,Conducted client strategy conference
TE07054,M0065,A020,2026-04-07,5.5,625,3437.5,Reviewed discovery materials
TE07055,M0080,A021,2025-08-29,3.5,375,1312.5,Prepared for witness interview
TE07056,M0090,A036,2026-02-01,6,375,2250,Prepared for witness interview
TE07057,M0059,A031,2023-06-02,2,650,1300,Reviewed case documents and prepared analysis
TE07058,M0024,A033,2026-02-07,5,425,2125,Coordinated matter planning with client team
TE07059,M0129,A007,2023-04-29,5.5,675,3712.5,Drafted correspondence and legal memorandum
TE07060,M0150,A027,2026-07-14,2,400,800,Reviewed billing and budget status
TE07061,M0143,A018,2025-10-07,2.5,425,1062.5,Prepared for witness interview
TE07062,M0070,A015,2026-06-06,6,475,2850,Conducted client strategy conference
TE07063,M0050,A007,2025-04-21,1,675,675,Prepared for witness interview
TE07064,M0064,A012,2024-03-06,6.5,400,2600,Prepared matter status update
TE07065,M0094,A017,2026-02-06,2.5,550,1375,Drafted correspondence and legal memorandum
TE07066,M0073,A035,2025-05-04,1.5,625,937.5,Coordinated matter planning with client team
TE07067,M0061,A034,2026-06-30,6,725,4350,Drafted correspondence and legal memorandum
TE07068,M0018,A021,2025-11-09,6.5,375,2437.5,Reviewed case documents and prepared analysis
TE07069,M0083,A026,2025-06-07,6.5,525,3412.5,Conducted client strategy conference
TE07070,M0111,A033,2026-01-22,6,425,2550,Reviewed billing and budget status
TE07071,M0096,A021,2025-12-20,1,375,375,Reviewed case documents and prepared analysis
TE07072,M0070,A030,2026-01-22,4,475,1900,Conducted client strategy conference
TE07073,M0088,A005,2023-10-11,2,625,1250,Coordinated matter planning with client team
TE07074,M0019,A016,2026-05-13,5,650,3250,Drafted correspondence and legal memorandum
TE07075,M0116,A032,2026-06-19,4,550,2200,Conducted client strategy conference
TE07076,M0037,A004,2026-02-15,6.5,725,4712.5,Prepared matter status update
TE07077,M0094,A008,2026-07-05,6,575,3450,Prepared for witness interview
TE07078,M0001,A028,2025-09-15,1,700,700,Reviewed discovery materials
TE07079,M0135,A026,2026-05-04,2,525,1050,Performed legal research
TE07080,M0074,A023,2026-06-22,1.5,575,862.5,Performed legal research
TE07081,M0072,A012,2024-01-24,1.5,400,600,Prepared for witness interview
TE07082,M0058,A031,2023-11-11,6,650,3900,Coordinated matter planning with client team
TE07083,M0034,A032,2025-12-06,2.5,550,1375,Prepared matter status update
TE07084,M0012,A037,2025-06-23,3,675,2025,Reviewed case documents and prepared analysis
TE07085,M0139,A030,2023-05-11,5.5,475,2612.5,Reviewed case documents and prepared analysis
TE07086,M0087,A022,2026-07-17,7,675,4725,Drafted correspondence and legal memorandum
TE07087,M0148,A011,2024-09-30,5,525,2625,Reviewed case documents and prepared analysis
TE07088,M0091,A007,2024-07-05,6,675,4050,Coordinated matter planning with client team
TE07089,M0116,A024,2023-11-23,2,450,900,Conducted client strategy conference
TE07090,M0119,A027,2023-12-16,5.5,400,2200,Reviewed case documents and prepared analysis
TE07091,M0090,A014,2023-07-19,6.5,600,3900,Reviewed discovery materials
TE07092,M0130,A019,2025-12-15,2.5,725,1812.5,Analyzed regulatory and compliance requirements
TE07093,M0118,A029,2026-04-28,7,600,4200,Analyzed regulatory and compliance requirements
TE07094,M0020,A013,2025-05-09,3.5,700,2450,Coordinated matter planning with client team
TE07095,M0117,A024,2023-08-01,7.5,450,3375,Performed legal research
TE07096,M0079,A001,2025-11-14,4.5,650,2925,Conducted client strategy conference
TE07097,M0065,A010,2026-06-27,5.5,750,4125,Prepared matter status update
TE07098,M0080,A010,2024-10-07,3.5,750,2625,Reviewed billing and budget status
TE07099,M0001,A034,2025-11-18,6.5,725,4712.5,Drafted correspondence and legal memorandum
TE07100,M0033,A005,2026-06-30,8,625,5000,Prepared matter status update
TE07101,M0123,A013,2026-06-07,4,700,2800,Drafted correspondence and legal memorandum
TE07102,M0097,A007,2023-07-26,5,675,3375,Coordinated matter planning with client team
TE07103,M0095,A011,2026-05-03,2.5,525,1312.5,Prepared matter status update
TE07104,M0129,A014,2023-08-16,6,600,3600,Conducted client strategy conference
TE07105,M0098,A023,2023-10-22,6.5,575,3737.5,Prepared for witness interview
TE07106,M0007,A021,2025-02-12,3,375,1125,Coordinated matter planning with client team
TE07107,M0017,A034,2026-03-23,4,725,2900,Conducted client strategy conference
TE07108,M0080,A001,2025-03-01,1.5,650,975,Conducted client strategy conference
TE07109,M0098,A006,2023-07-25,6,375,2250,Reviewed discovery materials
TE07110,M0124,A014,2025-05-18,8,600,4800,Drafted correspondence and legal memorandum
TE07111,M0137,A019,2024-08-19,2,725,1450,Reviewed case documents and prepared analysis
TE07112,M0114,A009,2024-09-23,5,450,2250,Coordinated matter planning with client team
TE07113,M0142,A009,2024-02-17,7.5,450,3375,Reviewed billing and budget status
TE07114,M0141,A030,2026-07-24,3,475,1425,Analyzed regulatory and compliance requirements
TE07115,M0043,A036,2023-08-13,7.5,375,2812.5,Performed legal research
TE07116,M0089,A005,2025-06-04,5,625,3125,Analyzed regulatory and compliance requirements
TE07117,M0035,A012,2025-02-10,7,400,2800,Reviewed billing and budget status
TE07118,M0148,A006,2025-02-07,3,375,1125,Drafted correspondence and legal memorandum
TE07119,M0047,A006,2025-03-17,4,375,1500,Prepared for witness interview
TE07120,M0090,A020,2023-06-22,3.5,625,2187.5,Performed legal research
TE07121,M0109,A015,2025-12-04,5.5,475,2612.5,Reviewed discovery materials
TE07122,M0026,A008,2025-09-18,1.5,575,862.5,Performed legal research
TE07123,M0016,A019,2025-07-12,7.5,725,5437.5,Reviewed case documents and prepared analysis
TE07124,M0079,A015,2026-01-30,2,475,950,Conducted client strategy conference
TE07125,M0072,A018,2024-11-07,3,425,1275,Reviewed discovery materials
TE07126,M0118,A035,2026-04-19,1,625,625,Analyzed regulatory and compliance requirements
TE07127,M0086,A028,2025-12-04,6,700,4200,Analyzed regulatory and compliance requirements
TE07128,M0120,A014,2025-12-06,5.5,600,3300,Coordinated matter planning with client team
TE07129,M0020,A016,2026-07-01,2.5,650,1625,Conducted client strategy conference
TE07130,M0056,A008,2026-01-10,8,575,4600,Reviewed discovery materials
TE07131,M0083,A012,2025-11-17,1.5,400,600,Prepared matter status update
TE07132,M0060,A010,2024-05-08,1.5,750,1125,Prepared for witness interview
TE07133,M0095,A016,2025-05-19,7,650,4550,Conducted client strategy conference
TE07134,M0058,A037,2024-02-28,3.5,675,2362.5,Conducted client strategy conference
TE07135,M0123,A014,2026-02-19,1.5,600,900,Prepared matter status update
TE07136,M0115,A002,2025-07-25,0.5,550,275,Conducted client strategy conference
TE07137,M0072,A014,2023-07-24,4.5,600,2700,Performed legal research
TE07138,M0022,A029,2024-09-25,5,600,3000,Reviewed discovery materials
TE07139,M0123,A019,2026-03-29,2.5,725,1812.5,Reviewed billing and budget status
TE07140,M0057,A007,2024-08-18,0.5,675,337.5,Coordinated matter planning with client team
TE07141,M0038,A032,2023-05-04,6.5,550,3575,Conducted client strategy conference
TE07142,M0112,A032,2024-12-23,2,550,1100,Drafted correspondence and legal memorandum
TE07143,M0017,A035,2025-07-26,3.5,625,2187.5,Coordinated matter planning with client team
TE07144,M0124,A031,2024-09-25,6,650,3900,Prepared matter status update
TE07145,M0065,A020,2025-10-29,1.5,625,937.5,Coordinated matter planning with client team
TE07146,M0064,A006,2023-10-17,4,375,1500,Drafted correspondence and legal memorandum
TE07147,M0145,A025,2026-05-05,5.5,750,4125,Performed legal research
TE07148,M0087,A021,2026-05-06,5.5,375,2062.5,Performed legal research
TE07149,M0050,A023,2024-11-01,5.5,575,3162.5,Conducted client strategy conference
TE07150,M0149,A016,2024-12-13,7.5,650,4875,Prepared for witness interview
TE07151,M0064,A030,2025-03-11,1,475,475,Reviewed billing and budget status
TE07152,M0018,A029,2025-06-04,2,600,1200,Performed legal research
TE07153,M0109,A015,2025-07-13,8,475,3800,Reviewed discovery materials
TE07154,M0033,A011,2025-09-26,7.5,525,3937.5,Prepared matter status update
TE07155,M0035,A021,2024-03-06,5.5,375,2062.5,Performed legal research
TE07156,M0142,A021,2026-01-22,7.5,375,2812.5,Prepared for witness interview
TE07157,M0107,A001,2025-01-20,3,650,1950,Reviewed billing and budget status
TE07158,M0096,A002,2025-11-25,3,550,1650,Conducted client strategy conference
TE07159,M0149,A022,2024-07-11,6,675,4050,Reviewed billing and budget status
TE07160,M0104,A028,2025-07-26,1.5,700,1050,Reviewed discovery materials
TE07161,M0088,A006,2024-01-11,3,375,1125,Reviewed case documents and prepared analysis
TE07162,M0077,A029,2023-10-06,5.5,600,3300,Analyzed regulatory and compliance requirements
TE07163,M0001,A021,2025-09-16,4.5,375,1687.5,Reviewed discovery materials
TE07164,M0053,A012,2026-01-14,3,400,1200,Reviewed billing and budget status
TE07165,M0092,A003,2025-09-20,3.5,425,1487.5,Reviewed discovery materials
TE07166,M0126,A037,2025-02-01,7,675,4725,Reviewed case documents and prepared analysis
TE07167,M0097,A028,2023-08-05,7,700,4900,Reviewed billing and budget status
TE07168,M0052,A031,2024-04-09,5,650,3250,Analyzed regulatory and compliance requirements
TE07169,M0020,A025,2025-08-13,3.5,750,2625,Conducted client strategy conference
TE07170,M0066,A006,2025-07-07,2,375,750,Analyzed regulatory and compliance requirements
TE07171,M0068,A022,2023-09-08,7,675,4725,Conducted client strategy conference
TE07172,M0075,A014,2026-02-03,5.5,600,3300,Prepared matter status update
TE07173,M0146,A028,2024-08-21,7.5,700,5250,Performed legal research
TE07174,M0077,A026,2023-11-02,2.5,525,1312.5,Reviewed billing and budget status
TE07175,M0038,A001,2023-05-06,7.5,650,4875,Prepared matter status update
TE07176,M0082,A015,2025-07-04,4,475,1900,Prepared for witness interview
TE07177,M0007,A029,2025-08-25,4.5,600,2700,Performed legal research
TE07178,M0088,A002,2023-12-29,7.5,550,4125,Drafted correspondence and legal memorandum
TE07179,M0130,A010,2024-09-30,6,750,4500,Prepared matter status update
TE07180,M0081,A028,2026-05-16,1,700,700,Prepared matter status update
TE07181,M0149,A005,2024-03-30,6,625,3750,Analyzed regulatory and compliance requirements
TE07182,M0105,A013,2025-10-29,4.5,700,3150,Coordinated matter planning with client team
TE07183,M0149,A025,2024-09-14,7,750,5250,Drafted correspondence and legal memorandum
TE07184,M0067,A034,2023-05-18,7,725,5075,Analyzed regulatory and compliance requirements
TE07185,M0150,A017,2025-10-09,1,550,550,Reviewed discovery materials
TE07186,M0015,A008,2025-11-28,5,575,2875,Analyzed regulatory and compliance requirements
TE07187,M0072,A032,2025-11-02,5.5,550,3025,Performed legal research
TE07188,M0053,A036,2026-01-13,1.5,375,562.5,Reviewed case documents and prepared analysis
TE07189,M0001,A014,2025-01-05,3.5,600,2100,Analyzed regulatory and compliance requirements
TE07190,M0069,A033,2026-03-30,4,425,1700,Conducted client strategy conference
TE07191,M0132,A023,2026-06-24,5,575,2875,Prepared matter status update
TE07192,M0100,A010,2024-05-29,6.5,750,4875,Analyzed regulatory and compliance requirements
TE07193,M0092,A002,2024-05-01,8,550,4400,Reviewed case documents and prepared analysis
TE07194,M0017,A033,2025-11-26,4,425,1700,Conducted client strategy conference
TE07195,M0140,A003,2025-06-30,5.5,425,2337.5,Coordinated matter planning with client team
TE07196,M0078,A002,2024-01-20,3,550,1650,Conducted client strategy conference
TE07197,M0030,A013,2025-01-09,3.5,700,2450,Reviewed case documents and prepared analysis
TE07198,M0012,A025,2026-01-24,2.5,750,1875,Prepared matter status update
TE07199,M0132,A026,2025-12-05,7.5,525,3937.5,Analyzed regulatory and compliance requirements
TE07200,M0149,A027,2024-06-27,5.5,400,2200,Performed legal research
TE07201,M0132,A010,2025-12-17,1.5,750,1125,Coordinated matter planning with client team
TE07202,M0007,A021,2025-05-23,2,375,750,Reviewed discovery materials
TE07203,M0059,A035,2023-04-10,2.5,625,1562.5,Prepared matter status update
TE07204,M0093,A037,2023-12-11,1.5,675,1012.5,Prepared matter status update
TE07205,M0149,A029,2024-11-17,6,600,3600,Reviewed case documents and prepared analysis
TE07206,M0001,A010,2025-01-17,4,750,3000,Coordinated matter planning with client team
TE07207,M0127,A022,2023-05-02,1,675,675,Coordinated matter planning with client team
TE07208,M0047,A007,2025-03-29,5.5,675,3712.5,Performed legal research
TE07209,M0122,A027,2023-06-30,7,400,2800,Reviewed discovery materials
TE07210,M0085,A027,2026-01-29,5.5,400,2200,Coordinated matter planning with client team
TE07211,M0035,A030,2024-04-16,3,475,1425,Drafted correspondence and legal memorandum
TE07212,M0098,A026,2023-12-06,8,525,4200,Analyzed regulatory and compliance requirements
TE07213,M0144,A028,2025-11-10,6,700,4200,Reviewed case documents and prepared analysis
TE07214,M0016,A036,2023-07-15,1.5,375,562.5,Reviewed case documents and prepared analysis
TE07215,M0115,A032,2025-12-18,1,550,550,Reviewed billing and budget status
TE07216,M0149,A037,2024-07-31,7.5,675,5062.5,Analyzed regulatory and compliance requirements
TE07217,M0146,A033,2025-04-08,0.5,425,212.5,Coordinated matter planning with client team
TE07218,M0130,A026,2025-08-17,0.5,525,262.5,Reviewed billing and budget status
TE07219,M0079,A026,2026-04-02,6.5,525,3412.5,Reviewed case documents and prepared analysis
TE07220,M0100,A023,2024-01-25,1,575,575,Prepared matter status update
TE07221,M0070,A027,2025-10-20,4,400,1600,Drafted correspondence and legal memorandum
TE07222,M0046,A026,2025-03-01,1.5,525,787.5,Coordinated matter planning with client team
TE07223,M0071,A020,2026-01-28,6,625,3750,Reviewed billing and budget status
TE07224,M0084,A021,2025-10-04,5,375,1875,Performed legal research
TE07225,M0127,A020,2024-01-31,6.5,625,4062.5,Conducted client strategy conference
TE07226,M0040,A005,2026-02-24,5,625,3125,Prepared for witness interview
TE07227,M0118,A002,2026-06-20,4.5,550,2475,Reviewed discovery materials
TE07228,M0061,A018,2024-02-19,2,425,850,Reviewed case documents and prepared analysis
TE07229,M0076,A024,2026-02-14,4,450,1800,Prepared matter status update
TE07230,M0066,A023,2026-05-17,7,575,4025,Prepared matter status update
TE07231,M0141,A033,2026-05-07,7.5,425,3187.5,Prepared matter status update
TE07232,M0136,A011,2026-03-12,8,525,4200,Coordinated matter planning with client team
TE07233,M0088,A019,2024-02-29,5,725,3625,Drafted correspondence and legal memorandum
TE07234,M0108,A013,2025-03-03,6,700,4200,Reviewed case documents and prepared analysis
TE07235,M0015,A013,2026-05-21,3,700,2100,Reviewed case documents and prepared analysis
TE07236,M0019,A004,2026-06-23,5,725,3625,Reviewed discovery materials
TE07237,M0045,A026,2026-02-21,1.5,525,787.5,Prepared matter status update
TE07238,M0007,A032,2025-06-03,1.5,550,825,Reviewed case documents and prepared analysis
TE07239,M0022,A018,2024-03-06,2,425,850,Reviewed case documents and prepared analysis
TE07240,M0026,A004,2025-01-22,7.5,725,5437.5,Prepared for witness interview
TE07241,M0074,A028,2026-01-04,2,700,1400,Coordinated matter planning with client team
TE07242,M0046,A015,2024-12-12,7.5,475,3562.5,Drafted correspondence and legal memorandum
TE07243,M0104,A006,2025-09-24,4.5,375,1687.5,Conducted client strategy conference
TE07244,M0086,A024,2026-06-27,0.5,450,225,Conducted client strategy conference
TE07245,M0058,A020,2024-01-22,4,625,2500,Prepared for witness interview
TE07246,M0066,A027,2025-04-23,0.5,400,200,Drafted correspondence and legal memorandum
TE07247,M0069,A022,2026-04-26,4.5,675,3037.5,Coordinated matter planning with client team
TE07248,M0108,A008,2025-04-10,1,575,575,Reviewed discovery materials
TE07249,M0040,A016,2025-03-07,7.5,650,4875,Conducted client strategy conference
TE07250,M0028,A035,2025-06-22,1.5,625,937.5,Drafted correspondence and legal memorandum
TE07251,M0030,A006,2025-11-03,0.5,375,187.5,Prepared matter status update
TE07252,M0019,A027,2026-06-14,2.5,400,1000,Coordinated matter planning with client team
TE07253,M0099,A036,2024-12-06,2.5,375,937.5,Reviewed billing and budget status
TE07254,M0001,A013,2026-04-11,2,700,1400,Prepared matter status update
TE07255,M0102,A018,2025-07-03,8,425,3400,Reviewed case documents and prepared analysis
TE07256,M0023,A023,2025-01-08,0.5,575,287.5,Performed legal research
TE07257,M0108,A026,2025-05-05,7.5,525,3937.5,Drafted correspondence and legal memorandum
TE07258,M0133,A016,2023-10-22,6,650,3900,Reviewed billing and budget status
TE07259,M0133,A032,2024-05-07,7.5,550,4125,Prepared for witness interview
TE07260,M0109,A005,2025-09-17,5.5,625,3437.5,Coordinated matter planning with client team
TE07261,M0013,A008,2025-11-05,0.5,575,287.5,Analyzed regulatory and compliance requirements
TE07262,M0005,A017,2026-02-09,4,550,2200,Prepared for witness interview
TE07263,M0041,A016,2025-12-05,0.5,650,325,Drafted correspondence and legal memorandum
TE07264,M0059,A012,2023-07-11,5.5,400,2200,Reviewed billing and budget status
TE07265,M0089,A027,2025-11-17,7.5,400,3000,Reviewed billing and budget status
TE07266,M0113,A012,2025-11-12,8,400,3200,Prepared matter status update
TE07267,M0146,A011,2024-01-12,3.5,525,1837.5,Reviewed case documents and prepared analysis
TE07268,M0133,A024,2026-07-30,3,450,1350,Reviewed discovery materials
TE07269,M0111,A032,2026-07-13,3,550,1650,Coordinated matter planning with client team
TE07270,M0042,A030,2025-10-10,3.5,475,1662.5,Reviewed billing and budget status
TE07271,M0030,A034,2023-10-06,8,725,5800,Prepared matter status update
TE07272,M0112,A001,2025-06-24,4,650,2600,Reviewed billing and budget status
TE07273,M0050,A009,2025-06-13,1,450,450,Analyzed regulatory and compliance requirements
TE07274,M0040,A012,2025-11-27,6.5,400,2600,Coordinated matter planning with client team
TE07275,M0076,A013,2025-06-26,6,700,4200,Reviewed case documents and prepared analysis
TE07276,M0070,A003,2026-07-20,2.5,425,1062.5,Reviewed discovery materials
TE07277,M0007,A013,2025-05-15,1.5,700,1050,Reviewed case documents and prepared analysis
TE07278,M0010,A014,2024-04-06,8,600,4800,Drafted correspondence and legal memorandum
TE07279,M0053,A030,2025-12-31,1,475,475,Reviewed case documents and prepared analysis
TE07280,M0109,A026,2025-05-13,2.5,525,1312.5,Coordinated matter planning with client team
TE07281,M0012,A037,2025-07-13,6,675,4050,Drafted correspondence and legal memorandum
TE07282,M0120,A037,2026-02-26,5.5,675,3712.5,Reviewed discovery materials
TE07283,M0139,A023,2024-01-22,6.5,575,3737.5,Coordinated matter planning with client team
TE07284,M0129,A012,2023-03-15,3,400,1200,Conducted client strategy conference
TE07285,M0026,A037,2026-06-23,7,675,4725,Coordinated matter planning with client team
TE07286,M0045,A010,2025-07-23,8,750,6000,Drafted correspondence and legal memorandum
TE07287,M0014,A027,2025-06-25,5,400,2000,Reviewed discovery materials
TE07288,M0040,A004,2025-04-04,2.5,725,1812.5,Reviewed billing and budget status
TE07289,M0022,A019,2024-01-12,6,725,4350,Prepared matter status update
TE07290,M0036,A032,2025-03-22,8,550,4400,Reviewed billing and budget status
TE07291,M0026,A002,2024-12-29,8,550,4400,Analyzed regulatory and compliance requirements
TE07292,M0141,A008,2026-06-15,1.5,575,862.5,Reviewed discovery materials
TE07293,M0010,A021,2025-09-30,3,375,1125,Prepared for witness interview
TE07294,M0110,A004,2026-07-06,5,725,3625,Performed legal research
TE07295,M0134,A026,2024-01-05,5,525,2625,Prepared matter status update
TE07296,M0031,A011,2025-05-28,6.5,525,3412.5,Drafted correspondence and legal memorandum
TE07297,M0065,A026,2026-02-03,8,525,4200,Reviewed billing and budget status
TE07298,M0019,A020,2026-03-16,8,625,5000,Reviewed discovery materials
TE07299,M0081,A029,2025-05-24,5.5,600,3300,Prepared for witness interview
TE07300,M0071,A018,2025-12-16,3.5,425,1487.5,Prepared matter status update
TE07301,M0115,A031,2026-04-12,8,650,5200,Coordinated matter planning with client team
TE07302,M0025,A031,2023-12-26,2.5,650,1625,Reviewed case documents and prepared analysis
TE07303,M0089,A017,2025-08-14,7.5,550,4125,Performed legal research
TE07304,M0115,A036,2025-06-03,1.5,375,562.5,Coordinated matter planning with client team
TE07305,M0086,A035,2024-10-20,6.5,625,4062.5,Prepared matter status update
TE07306,M0076,A023,2023-05-26,7.5,575,4312.5,Prepared for witness interview
TE07307,M0105,A010,2026-06-21,3,750,2250,Conducted client strategy conference
TE07308,M0102,A010,2026-02-28,8,750,6000,Prepared matter status update
TE07309,M0112,A007,2025-04-12,3.5,675,2362.5,Analyzed regulatory and compliance requirements
TE07310,M0083,A015,2025-10-17,6.5,475,3087.5,Prepared for witness interview
TE07311,M0049,A029,2023-05-26,1,600,600,Analyzed regulatory and compliance requirements
TE07312,M0062,A012,2026-05-10,4.5,400,1800,Coordinated matter planning with client team
TE07313,M0049,A007,2023-07-28,3,675,2025,Prepared matter status update
TE07314,M0102,A036,2026-04-09,3.5,375,1312.5,Prepared matter status update
TE07315,M0001,A009,2025-01-08,7,450,3150,Prepared matter status update
TE07316,M0009,A025,2024-01-12,0.5,750,375,Conducted client strategy conference
TE07317,M0112,A037,2025-05-30,5,675,3375,Reviewed discovery materials
TE07318,M0042,A004,2026-06-14,2.5,725,1812.5,Reviewed billing and budget status
TE07319,M0150,A029,2026-03-25,6.5,600,3900,Reviewed billing and budget status
TE07320,M0058,A035,2024-05-24,7,625,4375,Reviewed case documents and prepared analysis
TE07321,M0108,A023,2025-04-04,6.5,575,3737.5,Reviewed billing and budget status
TE07322,M0123,A025,2026-07-04,1,750,750,Analyzed regulatory and compliance requirements
TE07323,M0007,A028,2025-05-06,4,700,2800,Performed legal research
TE07324,M0055,A035,2025-08-18,1.5,625,937.5,Reviewed discovery materials
TE07325,M0059,A022,2023-08-04,0.5,675,337.5,Analyzed regulatory and compliance requirements
TE07326,M0082,A036,2025-09-25,5,375,1875,Coordinated matter planning with client team
TE07327,M0116,A025,2024-01-18,5.5,750,4125,Drafted correspondence and legal memorandum
TE07328,M0141,A031,2026-02-10,4,650,2600,Prepared for witness interview
TE07329,M0047,A027,2025-01-24,6,400,2400,Analyzed regulatory and compliance requirements
TE07330,M0135,A009,2026-02-11,1,450,450,Analyzed regulatory and compliance requirements
TE07331,M0072,A037,2023-08-14,0.5,675,337.5,Drafted correspondence and legal memorandum
TE07332,M0026,A027,2025-09-03,5.5,400,2200,Prepared matter status update
TE07333,M0047,A024,2025-01-22,7.5,450,3375,Reviewed billing and budget status
TE07334,M0005,A027,2025-01-27,1.5,400,600,Coordinated matter planning with client team
TE07335,M0071,A020,2025-10-21,8,625,5000,Drafted correspondence and legal memorandum
TE07336,M0038,A018,2023-06-17,3,425,1275,Drafted correspondence and legal memorandum
TE07337,M0060,A008,2026-05-15,1,575,575,Prepared matter status update
TE07338,M0089,A017,2025-11-23,4,550,2200,Coordinated matter planning with client team
TE07339,M0105,A022,2025-04-13,1.5,675,1012.5,Reviewed discovery materials
TE07340,M0027,A026,2024-05-13,1,525,525,Reviewed case documents and prepared analysis
TE07341,M0015,A006,2026-03-30,3.5,375,1312.5,Prepared for witness interview
TE07342,M0119,A020,2024-01-06,3,625,1875,Coordinated matter planning with client team
TE07343,M0076,A037,2023-08-22,7,675,4725,Performed legal research
TE07344,M0136,A024,2026-03-27,4,450,1800,Analyzed regulatory and compliance requirements
TE07345,M0146,A028,2025-04-06,1.5,700,1050,Reviewed discovery materials
TE07346,M0072,A014,2024-10-17,5,600,3000,Coordinated matter planning with client team
TE07347,M0005,A029,2023-05-02,7.5,600,4500,Drafted correspondence and legal memorandum
TE07348,M0142,A013,2025-07-10,1,700,700,Drafted correspondence and legal memorandum
TE07349,M0117,A011,2023-05-19,6,525,3150,Reviewed case documents and prepared analysis
TE07350,M0141,A029,2026-05-24,4,600,2400,Coordinated matter planning with client team
TE07351,M0031,A004,2026-02-14,5,725,3625,Conducted client strategy conference
TE07352,M0149,A027,2024-02-06,4,400,1600,Performed legal research
TE07353,M0077,A014,2023-11-10,2,600,1200,Reviewed billing and budget status
TE07354,M0138,A007,2024-03-03,6.5,675,4387.5,Conducted client strategy conference
TE07355,M0117,A007,2023-05-13,2,675,1350,Prepared for witness interview
TE07356,M0109,A037,2025-03-15,7.5,675,5062.5,Reviewed case documents and prepared analysis
TE07357,M0043,A031,2023-02-07,4.5,650,2925,Conducted client strategy conference
TE07358,M0022,A004,2025-01-01,3.5,725,2537.5,Drafted correspondence and legal memorandum
TE07359,M0104,A034,2025-10-09,1,725,725,Conducted client strategy conference
TE07360,M0102,A010,2026-03-17,1.5,750,1125,Drafted correspondence and legal memorandum
TE07361,M0050,A032,2025-05-25,5.5,550,3025,Prepared for witness interview
TE07362,M0091,A008,2026-05-22,0.5,575,287.5,Prepared for witness interview
TE07363,M0037,A026,2026-02-28,3,525,1575,Drafted correspondence and legal memorandum
TE07364,M0073,A025,2024-12-31,5.5,750,4125,Reviewed case documents and prepared analysis
TE07365,M0060,A024,2025-03-13,4,450,1800,Reviewed billing and budget status
TE07366,M0144,A023,2025-07-03,6,575,3450,Reviewed billing and budget status
TE07367,M0090,A029,2024-09-10,5.5,600,3300,Prepared for witness interview
TE07368,M0050,A014,2026-02-02,1.5,600,900,Prepared for witness interview
TE07369,M0024,A033,2024-11-30,7.5,425,3187.5,Drafted correspondence and legal memorandum
TE07370,M0046,A020,2026-07-06,3.5,625,2187.5,Prepared for witness interview
TE07371,M0112,A004,2026-04-03,4,725,2900,Reviewed billing and budget status
TE07372,M0090,A030,2026-06-16,0.5,475,237.5,Performed legal research
TE07373,M0064,A007,2024-01-11,1.5,675,1012.5,Reviewed discovery materials
TE07374,M0047,A030,2025-03-26,4,475,1900,Drafted correspondence and legal memorandum
TE07375,M0001,A006,2025-02-16,6,375,2250,Performed legal research
TE07376,M0058,A020,2024-02-01,5,625,3125,Reviewed billing and budget status
TE07377,M0091,A012,2026-01-27,4,400,1600,Reviewed billing and budget status
TE07378,M0028,A022,2025-04-13,8,675,5400,Analyzed regulatory and compliance requirements
TE07379,M0063,A024,2026-05-21,1,450,450,Analyzed regulatory and compliance requirements
TE07380,M0053,A035,2026-02-22,8,625,5000,Reviewed billing and budget status
TE07381,M0127,A003,2023-10-13,2.5,425,1062.5,Prepared matter status update
TE07382,M0028,A010,2025-05-31,3.5,750,2625,Performed legal research
TE07383,M0146,A017,2025-10-16,2.5,550,1375,Reviewed discovery materials
TE07384,M0126,A009,2024-10-24,2,450,900,Reviewed discovery materials
TE07385,M0065,A017,2026-06-18,4,550,2200,Prepared matter status update
TE07386,M0033,A036,2026-03-04,6.5,375,2437.5,Reviewed billing and budget status
TE07387,M0083,A011,2026-04-23,1.5,525,787.5,Reviewed discovery materials
TE07388,M0012,A019,2025-03-18,2,725,1450,Drafted correspondence and legal memorandum
TE07389,M0081,A026,2025-07-21,8,525,4200,Reviewed case documents and prepared analysis
TE07390,M0085,A024,2026-01-06,1.5,450,675,Reviewed billing and budget status
TE07391,M0105,A029,2025-03-15,1.5,600,900,Coordinated matter planning with client team
TE07392,M0074,A037,2025-10-30,1.5,675,1012.5,Reviewed case documents and prepared analysis
TE07393,M0018,A032,2025-12-05,1.5,550,825,Prepared matter status update
TE07394,M0109,A008,2025-02-27,6,575,3450,Conducted client strategy conference
TE07395,M0081,A034,2026-03-15,1.5,725,1087.5,Drafted correspondence and legal memorandum
TE07396,M0100,A034,2024-10-02,4,725,2900,Prepared for witness interview
TE07397,M0115,A009,2025-06-29,2,450,900,Coordinated matter planning with client team
TE07398,M0090,A019,2026-03-26,5,725,3625,Conducted client strategy conference
TE07399,M0129,A020,2023-06-28,2.5,625,1562.5,Drafted correspondence and legal memorandum
TE07400,M0083,A027,2025-12-05,2.5,400,1000,Coordinated matter planning with client team
TE07401,M0031,A037,2024-06-12,6.5,675,4387.5,Reviewed case documents and prepared analysis
TE07402,M0086,A025,2026-06-23,6,750,4500,Drafted correspondence and legal memorandum
TE07403,M0033,A020,2026-05-18,5,625,3125,Reviewed billing and budget status
TE07404,M0015,A016,2026-06-18,6.5,650,4225,Reviewed discovery materials
TE07405,M0111,A009,2026-06-18,4,450,1800,Reviewed case documents and prepared analysis
TE07406,M0069,A026,2026-01-24,2.5,525,1312.5,Reviewed billing and budget status
TE07407,M0049,A006,2023-05-17,6.5,375,2437.5,Conducted client strategy conference
TE07408,M0069,A026,2026-06-04,3.5,525,1837.5,Prepared for witness interview
TE07409,M0080,A013,2026-03-20,6.5,700,4550,Analyzed regulatory and compliance requirements
TE07410,M0102,A010,2025-10-04,0.5,750,375,Analyzed regulatory and compliance requirements
TE07411,M0012,A036,2025-02-12,6.5,375,2437.5,Reviewed discovery materials
TE07412,M0115,A004,2025-09-19,5,725,3625,Performed legal research
TE07413,M0143,A008,2025-09-28,1.5,575,862.5,Reviewed discovery materials
TE07414,M0043,A015,2024-02-21,3,475,1425,Reviewed discovery materials
TE07415,M0130,A036,2024-08-17,3,375,1125,Analyzed regulatory and compliance requirements
TE07416,M0009,A001,2023-08-25,3.5,650,2275,Performed legal research
TE07417,M0116,A008,2025-08-09,0.5,575,287.5,Performed legal research
TE07418,M0126,A009,2026-03-06,2,450,900,Prepared for witness interview
TE07419,M0092,A035,2025-08-08,7.5,625,4687.5,Reviewed case documents and prepared analysis
TE07420,M0027,A015,2024-07-24,2,475,950,Drafted correspondence and legal memorandum
TE07421,M0070,A009,2026-06-07,0.5,450,225,Prepared matter status update
TE07422,M0061,A014,2023-05-03,1,600,600,Prepared matter status update
TE07423,M0005,A036,2024-02-16,6.5,375,2437.5,Performed legal research
TE07424,M0017,A025,2026-06-14,7.5,750,5625,Prepared matter status update
TE07425,M0130,A022,2024-09-24,6,675,4050,Coordinated matter planning with client team
TE07426,M0064,A020,2023-10-18,7.5,625,4687.5,Drafted correspondence and legal memorandum
TE07427,M0134,A037,2024-10-27,7,675,4725,Performed legal research
TE07428,M0089,A034,2025-05-29,6.5,725,4712.5,Prepared for witness interview
TE07429,M0094,A004,2025-07-12,1,725,725,Reviewed billing and budget status
TE07430,M0138,A031,2023-12-18,1,650,650,Prepared matter status update
TE07431,M0007,A024,2025-04-17,0.5,450,225,Conducted client strategy conference
TE07432,M0121,A036,2024-08-08,3,375,1125,Conducted client strategy conference
TE07433,M0058,A029,2024-06-24,6,600,3600,Reviewed discovery materials
TE07434,M0085,A022,2026-03-25,1,675,675,Performed legal research
TE07435,M0137,A023,2024-09-21,4,575,2300,Coordinated matter planning with client team
TE07436,M0049,A035,2023-06-13,6.5,625,4062.5,Drafted correspondence and legal memorandum
TE07437,M0100,A016,2026-05-09,4,650,2600,Reviewed billing and budget status
TE07438,M0045,A036,2025-07-26,2.5,375,937.5,Conducted client strategy conference
TE07439,M0038,A033,2023-10-11,4,425,1700,Coordinated matter planning with client team
TE07440,M0138,A013,2024-03-07,1,700,700,Reviewed discovery materials
TE07441,M0045,A011,2026-01-02,6,525,3150,Reviewed discovery materials
TE07442,M0091,A011,2023-06-07,5,525,2625,Conducted client strategy conference
TE07443,M0005,A029,2025-09-11,6.5,600,3900,Prepared matter status update
TE07444,M0112,A024,2025-09-10,6.5,450,2925,Conducted client strategy conference
TE07445,M0139,A012,2023-11-12,6.5,400,2600,Performed legal research
TE07446,M0039,A021,2024-05-25,5.5,375,2062.5,Analyzed regulatory and compliance requirements
TE07447,M0025,A030,2026-05-11,6.5,475,3087.5,Performed legal research
TE07448,M0063,A035,2024-06-01,2,625,1250,Conducted client strategy conference
TE07449,M0017,A036,2024-12-14,1.5,375,562.5,Prepared matter status update
TE07450,M0048,A026,2026-04-30,7,525,3675,Drafted correspondence and legal memorandum
TE07451,M0007,A011,2025-07-24,7.5,525,3937.5,Reviewed discovery materials
TE07452,M0050,A017,2026-07-23,8,550,4400,Reviewed case documents and prepared analysis
TE07453,M0063,A016,2024-06-03,1,650,650,Prepared matter status update
TE07454,M0094,A035,2025-09-04,5,625,3125,Reviewed case documents and prepared analysis
TE07455,M0132,A037,2025-10-22,4,675,2700,Conducted client strategy conference
TE07456,M0121,A007,2026-03-01,6,675,4050,Reviewed case documents and prepared analysis
TE07457,M0092,A025,2025-09-09,5.5,750,4125,Reviewed case documents and prepared analysis
TE07458,M0147,A013,2023-02-22,4.5,700,3150,Reviewed billing and budget status
TE07459,M0096,A001,2025-06-29,7.5,650,4875,Conducted client strategy conference
TE07460,M0056,A034,2024-12-01,5.5,725,3987.5,Performed legal research
TE07461,M0081,A006,2025-10-26,7.5,375,2812.5,Prepared for witness interview
TE07462,M0073,A009,2024-07-20,3.5,450,1575,Reviewed billing and budget status
TE07463,M0108,A011,2025-03-08,2.5,525,1312.5,Prepared matter status update
TE07464,M0032,A031,2025-09-29,3.5,650,2275,Analyzed regulatory and compliance requirements
TE07465,M0065,A009,2025-11-08,6,450,2700,Prepared for witness interview
TE07466,M0079,A002,2025-10-29,4.5,550,2475,Drafted correspondence and legal memorandum
TE07467,M0117,A014,2023-09-05,1.5,600,900,Reviewed billing and budget status
TE07468,M0046,A020,2025-06-24,7,625,4375,Reviewed discovery materials
TE07469,M0005,A020,2025-04-15,0.5,625,312.5,Conducted client strategy conference
TE07470,M0061,A034,2026-07-23,1,725,725,Analyzed regulatory and compliance requirements
TE07471,M0104,A017,2025-10-12,3.5,550,1925,Reviewed case documents and prepared analysis
TE07472,M0100,A011,2023-11-07,7.5,525,3937.5,Prepared for witness interview
TE07473,M0045,A010,2025-11-06,5.5,750,4125,Reviewed discovery materials
TE07474,M0086,A021,2025-02-17,7.5,375,2812.5,Prepared matter status update
TE07475,M0134,A027,2026-02-11,0.5,400,200,Performed legal research
TE07476,M0098,A030,2023-09-07,6,475,2850,Reviewed case documents and prepared analysis
TE07477,M0140,A003,2025-03-02,8,425,3400,Performed legal research
TE07478,M0041,A028,2026-02-26,3,700,2100,Prepared for witness interview
TE07479,M0130,A027,2025-08-14,6,400,2400,Coordinated matter planning with client team
TE07480,M0121,A004,2024-11-09,7.5,725,5437.5,Reviewed discovery materials
TE07481,M0038,A017,2023-07-09,2,550,1100,Coordinated matter planning with client team
TE07482,M0003,A019,2026-02-16,6,725,4350,Conducted client strategy conference
TE07483,M0028,A022,2025-04-03,6,675,4050,Reviewed discovery materials
TE07484,M0058,A024,2023-11-22,2,450,900,Coordinated matter planning with client team
TE07485,M0032,A030,2026-01-29,6,475,2850,Reviewed case documents and prepared analysis
TE07486,M0020,A014,2025-07-18,0.5,600,300,Coordinated matter planning with client team
TE07487,M0091,A013,2024-06-16,4,700,2800,Drafted correspondence and legal memorandum
TE07488,M0032,A021,2025-12-26,1.5,375,562.5,Prepared for witness interview
TE07489,M0107,A028,2025-06-23,6,700,4200,Performed legal research
TE07490,M0044,A005,2025-07-19,6,625,3750,Reviewed discovery materials
TE07491,M0071,A014,2026-07-22,4.5,600,2700,Reviewed discovery materials
TE07492,M0033,A018,2025-09-17,6,425,2550,Reviewed billing and budget status
TE07493,M0003,A002,2026-03-22,0.5,550,275,Analyzed regulatory and compliance requirements
TE07494,M0020,A035,2026-01-16,7,625,4375,Coordinated matter planning with client team
TE07495,M0072,A024,2023-08-14,7.5,450,3375,Drafted correspondence and legal memorandum
TE07496,M0078,A014,2023-10-04,4.5,600,2700,Reviewed billing and budget status
TE07497,M0055,A018,2025-11-05,8,425,3400,Reviewed case documents and prepared analysis
TE07498,M0100,A017,2026-02-14,5,550,2750,Reviewed case documents and prepared analysis
TE07499,M0118,A014,2025-12-30,5.5,600,3300,Coordinated matter planning with client team
TE07500,M0132,A012,2025-03-03,7,400,2800,Prepared matter status update
TE07501,M0079,A027,2025-09-23,3,400,1200,Prepared matter status update
TE07502,M0047,A028,2025-01-15,7,700,4900,Prepared matter status update
TE07503,M0038,A037,2023-03-27,5,675,3375,Drafted correspondence and legal memorandum
TE07504,M0050,A013,2026-02-16,6.5,700,4550,Prepared matter status update
TE07505,M0109,A021,2025-07-30,7.5,375,2812.5,Analyzed regulatory and compliance requirements
TE07506,M0090,A035,2023-11-03,0.5,625,312.5,Reviewed discovery materials
TE07507,M0141,A008,2026-04-29,5.5,575,3162.5,Coordinated matter planning with client team
TE07508,M0119,A033,2023-12-26,2,425,850,Prepared for witness interview
TE07509,M0041,A005,2026-03-06,1.5,625,937.5,Performed legal research
TE07510,M0125,A008,2025-06-14,4,575,2300,Reviewed billing and budget status
TE07511,M0113,A010,2025-10-03,6.5,750,4875,Prepared matter status update
TE07512,M0139,A024,2023-09-29,6.5,450,2925,Drafted correspondence and legal memorandum
TE07513,M0135,A014,2026-07-06,5.5,600,3300,Reviewed discovery materials
TE07514,M0045,A027,2025-12-29,3.5,400,1400,Performed legal research
TE07515,M0076,A021,2026-01-17,5,375,1875,Analyzed regulatory and compliance requirements
TE07516,M0095,A013,2025-05-26,7.5,700,5250,Drafted correspondence and legal memorandum
TE07517,M0041,A010,2026-01-22,1,750,750,Performed legal research
TE07518,M0009,A012,2024-07-11,4,400,1600,Reviewed discovery materials
TE07519,M0031,A026,2024-06-03,2,525,1050,Coordinated matter planning with client team
TE07520,M0100,A013,2025-11-13,1.5,700,1050,Coordinated matter planning with client team
TE07521,M0052,A031,2026-02-20,8,650,5200,Coordinated matter planning with client team
TE07522,M0101,A019,2025-12-18,4,725,2900,Performed legal research
TE07523,M0125,A030,2025-01-17,1.5,475,712.5,Conducted client strategy conference
TE07524,M0096,A009,2025-07-28,1,450,450,Reviewed billing and budget status
TE07525,M0075,A002,2023-09-09,2,550,1100,Reviewed discovery materials
TE07526,M0013,A011,2026-03-29,5.5,525,2887.5,Prepared for witness interview
TE07527,M0034,A008,2026-06-09,7.5,575,4312.5,Conducted client strategy conference
TE07528,M0077,A017,2024-03-29,4,550,2200,Prepared for witness interview
TE07529,M0132,A028,2026-01-09,2,700,1400,Drafted correspondence and legal memorandum
TE07530,M0104,A008,2025-06-20,6.5,575,3737.5,Analyzed regulatory and compliance requirements
TE07531,M0029,A017,2025-04-06,4.5,550,2475,Reviewed billing and budget status
TE07532,M0078,A024,2024-03-24,4.5,450,2025,Coordinated matter planning with client team
TE07533,M0032,A022,2026-03-30,5.5,675,3712.5,Analyzed regulatory and compliance requirements
TE07534,M0063,A003,2025-01-30,7.5,425,3187.5,Conducted client strategy conference
TE07535,M0061,A012,2024-02-04,7,400,2800,Conducted client strategy conference
TE07536,M0103,A027,2024-02-17,8,400,3200,Analyzed regulatory and compliance requirements
TE07537,M0090,A008,2023-10-12,3,575,1725,Reviewed billing and budget status
TE07538,M0034,A019,2025-10-20,7,725,5075,Coordinated matter planning with client team
TE07539,M0058,A007,2024-06-26,5,675,3375,Conducted client strategy conference
TE07540,M0115,A007,2026-02-10,7,675,4725,Drafted correspondence and legal memorandum
TE07541,M0023,A008,2025-03-19,5.5,575,3162.5,Reviewed discovery materials
TE07542,M0083,A016,2025-04-24,7,650,4550,Conducted client strategy conference
TE07543,M0076,A034,2023-06-22,2.5,725,1812.5,Drafted correspondence and legal memorandum
TE07544,M0131,A029,2025-08-15,1.5,600,900,Analyzed regulatory and compliance requirements
TE07545,M0116,A030,2024-07-05,3,475,1425,Drafted correspondence and legal memorandum
TE07546,M0114,A036,2026-06-12,1.5,375,562.5,Reviewed case documents and prepared analysis
TE07547,M0027,A008,2024-04-17,0.5,575,287.5,Reviewed case documents and prepared analysis
TE07548,M0011,A029,2026-05-03,2,600,1200,Reviewed billing and budget status
TE07549,M0052,A032,2025-04-07,0.5,550,275,Prepared matter status update
TE07550,M0046,A012,2024-11-07,4,400,1600,Coordinated matter planning with client team
TE07551,M0061,A017,2023-09-20,5.5,550,3025,Prepared matter status update
TE07552,M0074,A026,2025-10-31,5,525,2625,Analyzed regulatory and compliance requirements
TE07553,M0057,A015,2024-12-23,4.5,475,2137.5,Drafted correspondence and legal memorandum
TE07554,M0055,A020,2026-04-09,2.5,625,1562.5,Performed legal research
TE07555,M0126,A031,2026-04-28,4,650,2600,Conducted client strategy conference
TE07556,M0066,A004,2024-10-05,3,725,2175,Coordinated matter planning with client team
TE07557,M0031,A032,2026-03-06,6,550,3300,Coordinated matter planning with client team
TE07558,M0146,A021,2024-01-15,5,375,1875,Prepared for witness interview
TE07559,M0062,A001,2025-07-20,3,650,1950,Reviewed billing and budget status
TE07560,M0039,A036,2024-07-07,1.5,375,562.5,Reviewed case documents and prepared analysis
TE07561,M0110,A037,2026-07-19,7.5,675,5062.5,Coordinated matter planning with client team
TE07562,M0027,A019,2024-01-17,4,725,2900,Drafted correspondence and legal memorandum
TE07563,M0061,A028,2025-11-12,1.5,700,1050,Prepared for witness interview
TE07564,M0078,A028,2023-10-02,2.5,700,1750,Conducted client strategy conference
TE07565,M0033,A037,2025-05-17,1,675,675,Performed legal research
TE07566,M0103,A032,2024-09-07,7.5,550,4125,Performed legal research
TE07567,M0062,A015,2025-01-31,4,475,1900,Coordinated matter planning with client team
TE07568,M0150,A015,2025-09-27,3,475,1425,Prepared matter status update
TE07569,M0137,A008,2024-08-13,0.5,575,287.5,Reviewed discovery materials
TE07570,M0067,A025,2023-03-01,8,750,6000,Prepared matter status update
TE07571,M0046,A030,2024-08-03,2,475,950,Reviewed billing and budget status
TE07572,M0009,A016,2024-03-25,5.5,650,3575,Drafted correspondence and legal memorandum
TE07573,M0083,A022,2025-08-03,8,675,5400,Analyzed regulatory and compliance requirements
TE07574,M0069,A018,2026-03-06,3,425,1275,Analyzed regulatory and compliance requirements
TE07575,M0022,A027,2025-06-20,5,400,2000,Coordinated matter planning with client team
TE07576,M0069,A035,2026-02-02,4,625,2500,Prepared for witness interview
TE07577,M0041,A016,2025-11-24,5,650,3250,Reviewed billing and budget status
TE07578,M0076,A036,2025-02-11,7.5,375,2812.5,Prepared matter status update
TE07579,M0001,A026,2025-09-12,7,525,3675,Prepared matter status update
TE07580,M0075,A015,2026-05-20,4.5,475,2137.5,Reviewed case documents and prepared analysis
TE07581,M0037,A021,2025-12-09,7,375,2625,Drafted correspondence and legal memorandum
TE07582,M0085,A034,2026-04-28,6.5,725,4712.5,Reviewed case documents and prepared analysis
TE07583,M0136,A018,2026-02-06,3,425,1275,Reviewed discovery materials
TE07584,M0037,A005,2026-01-01,5.5,625,3437.5,Prepared for witness interview
TE07585,M0037,A032,2025-12-14,1,550,550,Performed legal research
TE07586,M0082,A005,2026-04-19,3.5,625,2187.5,Performed legal research
TE07587,M0113,A023,2026-07-21,1.5,575,862.5,Drafted correspondence and legal memorandum
TE07588,M0113,A003,2025-09-07,2.5,425,1062.5,Reviewed case documents and prepared analysis
TE07589,M0096,A001,2026-05-05,7,650,4550,Performed legal research
TE07590,M0133,A026,2025-06-01,4.5,525,2362.5,Performed legal research
TE07591,M0115,A037,2026-01-05,3.5,675,2362.5,Conducted client strategy conference
TE07592,M0121,A037,2025-01-29,6,675,4050,Analyzed regulatory and compliance requirements
TE07593,M0104,A024,2026-04-17,1,450,450,Drafted correspondence and legal memorandum
TE07594,M0078,A035,2024-09-17,1.5,625,937.5,Coordinated matter planning with client team
TE07595,M0073,A032,2025-07-03,6.5,550,3575,Coordinated matter planning with client team
TE07596,M0110,A023,2026-04-01,4,575,2300,Coordinated matter planning with client team
TE07597,M0044,A020,2026-06-20,2,625,1250,Reviewed discovery materials
TE07598,M0007,A029,2025-04-30,1,600,600,Reviewed case documents and prepared analysis
TE07599,M0010,A017,2025-12-01,4,550,2200,Conducted client strategy conference
TE07600,M0134,A037,2025-06-09,5.5,675,3712.5,Coordinated matter planning with client team
TE07601,M0022,A019,2024-12-06,7,725,5075,Reviewed discovery materials
TE07602,M0105,A034,2025-10-30,7,725,5075,Analyzed regulatory and compliance requirements
TE07603,M0133,A018,2026-04-06,1.5,425,637.5,Coordinated matter planning with client team
TE07604,M0118,A018,2026-05-09,4,425,1700,Reviewed discovery materials
TE07605,M0146,A012,2026-06-17,5.5,400,2200,Analyzed regulatory and compliance requirements
TE07606,M0120,A031,2026-04-23,1,650,650,Conducted client strategy conference
TE07607,M0013,A028,2025-12-29,8,700,5600,Reviewed discovery materials
TE07608,M0011,A021,2026-06-21,8,375,3000,Prepared for witness interview
TE07609,M0134,A020,2024-07-12,8,625,5000,Reviewed billing and budget status
TE07610,M0019,A007,2025-12-02,2.5,675,1687.5,Coordinated matter planning with client team
TE07611,M0103,A036,2023-08-12,5,375,1875,Reviewed discovery materials
TE07612,M0010,A012,2024-10-19,7.5,400,3000,Reviewed discovery materials
TE07613,M0147,A029,2023-06-20,4,600,2400,Conducted client strategy conference
TE07614,M0038,A034,2023-05-15,2.5,725,1812.5,Prepared matter status update
TE07615,M0118,A032,2026-06-13,3,550,1650,Prepared matter status update
TE07616,M0030,A026,2023-05-22,5.5,525,2887.5,Drafted correspondence and legal memorandum
TE07617,M0014,A033,2026-02-02,4.5,425,1912.5,Reviewed case documents and prepared analysis
TE07618,M0082,A015,2026-06-21,2,475,950,Drafted correspondence and legal memorandum
TE07619,M0130,A021,2026-06-13,4,375,1500,Prepared for witness interview
TE07620,M0128,A020,2024-10-23,4,625,2500,Drafted correspondence and legal memorandum
TE07621,M0103,A035,2024-08-31,3,625,1875,Coordinated matter planning with client team
TE07622,M0126,A024,2025-05-23,8,450,3600,Reviewed discovery materials
TE07623,M0063,A018,2024-07-07,2.5,425,1062.5,Drafted correspondence and legal memorandum
TE07624,M0017,A003,2025-10-16,5.5,425,2337.5,Reviewed discovery materials
TE07625,M0058,A024,2023-11-11,2.5,450,1125,Performed legal research
TE07626,M0116,A013,2025-04-19,3.5,700,2450,Prepared for witness interview
TE07627,M0052,A017,2025-07-11,5.5,550,3025,Prepared matter status update
TE07628,M0113,A037,2025-05-16,1,675,675,Coordinated matter planning with client team
TE07629,M0072,A023,2023-10-11,2,575,1150,Reviewed discovery materials
TE07630,M0111,A010,2026-03-31,6.5,750,4875,Reviewed billing and budget status
TE07631,M0073,A019,2026-07-05,2.5,725,1812.5,Reviewed billing and budget status
TE07632,M0074,A018,2026-06-29,0.5,425,212.5,Analyzed regulatory and compliance requirements
TE07633,M0033,A022,2025-07-10,1,675,675,Drafted correspondence and legal memorandum
TE07634,M0124,A031,2026-06-01,1,650,650,Reviewed discovery materials
TE07635,M0124,A005,2026-07-29,2.5,625,1562.5,Prepared for witness interview
TE07636,M0144,A024,2025-10-11,4.5,450,2025,Coordinated matter planning with client team
TE07637,M0024,A005,2024-05-10,5.5,625,3437.5,Analyzed regulatory and compliance requirements
TE07638,M0072,A036,2025-10-05,3.5,375,1312.5,Drafted correspondence and legal memorandum
TE07639,M0071,A032,2026-06-12,6.5,550,3575,Prepared for witness interview
TE07640,M0103,A002,2024-10-25,0.5,550,275,Reviewed billing and budget status
TE07641,M0009,A035,2023-12-04,3.5,625,2187.5,Drafted correspondence and legal memorandum
TE07642,M0044,A016,2025-11-26,4,650,2600,Prepared for witness interview
TE07643,M0078,A034,2024-03-09,7.5,725,5437.5,Prepared matter status update
TE07644,M0005,A033,2026-04-11,3,425,1275,Coordinated matter planning with client team
TE07645,M0148,A036,2025-03-02,1,375,375,Prepared matter status update
TE07646,M0149,A027,2024-05-19,1,400,400,Performed legal research
TE07647,M0005,A016,2023-04-21,7,650,4550,Prepared matter status update
TE07648,M0110,A021,2026-04-04,3.5,375,1312.5,Conducted client strategy conference
TE07649,M0140,A031,2025-09-10,1,650,650,Performed legal research
TE07650,M0124,A002,2025-11-21,5.5,550,3025,Performed legal research
TE07651,M0035,A023,2024-01-26,6.5,575,3737.5,Conducted client strategy conference
TE07652,M0100,A036,2025-11-24,4,375,1500,Drafted correspondence and legal memorandum
TE07653,M0012,A003,2026-01-17,4.5,425,1912.5,Reviewed billing and budget status
TE07654,M0073,A009,2026-01-14,7.5,450,3375,Conducted client strategy conference
TE07655,M0091,A027,2025-04-21,5,400,2000,Coordinated matter planning with client team
TE07656,M0132,A032,2026-06-13,4.5,550,2475,Reviewed case documents and prepared analysis
TE07657,M0012,A036,2025-08-02,4,375,1500,Drafted correspondence and legal memorandum
TE07658,M0103,A026,2025-10-12,8,525,4200,Prepared for witness interview
TE07659,M0066,A028,2025-12-24,8,700,5600,Drafted correspondence and legal memorandum
TE07660,M0007,A035,2025-07-22,2,625,1250,Drafted correspondence and legal memorandum
TE07661,M0059,A017,2023-06-28,7.5,550,4125,Drafted correspondence and legal memorandum
TE07662,M0111,A025,2026-06-15,6.5,750,4875,Coordinated matter planning with client team
TE07663,M0075,A027,2025-09-10,6,400,2400,Performed legal research
TE07664,M0096,A023,2026-02-22,5,575,2875,Prepared for witness interview
TE07665,M0115,A002,2025-11-17,7,550,3850,Analyzed regulatory and compliance requirements
TE07666,M0003,A025,2025-07-17,6,750,4500,Performed legal research
TE07667,M0146,A028,2026-04-07,7,700,4900,Analyzed regulatory and compliance requirements
TE07668,M0007,A029,2025-07-15,1.5,600,900,Reviewed case documents and prepared analysis
TE07669,M0015,A010,2025-09-11,7,750,5250,Reviewed discovery materials
TE07670,M0136,A012,2026-03-26,4.5,400,1800,Coordinated matter planning with client team
TE07671,M0146,A018,2024-11-08,7,425,2975,Reviewed billing and budget status
TE07672,M0036,A015,2025-09-11,2.5,475,1187.5,Prepared matter status update
TE07673,M0136,A036,2026-07-01,7.5,375,2812.5,Analyzed regulatory and compliance requirements
TE07674,M0048,A001,2026-04-21,2.5,650,1625,Coordinated matter planning with client team
TE07675,M0001,A035,2025-07-11,3.5,625,2187.5,Coordinated matter planning with client team
TE07676,M0013,A005,2025-07-23,5.5,625,3437.5,Prepared for witness interview
TE07677,M0118,A018,2026-02-28,6.5,425,2762.5,Coordinated matter planning with client team
TE07678,M0120,A003,2025-11-17,0.5,425,212.5,Performed legal research
TE07679,M0144,A019,2025-02-19,4,725,2900,Performed legal research
TE07680,M0032,A021,2025-10-03,1,375,375,Coordinated matter planning with client team
TE07681,M0082,A003,2025-10-25,5,425,2125,Conducted client strategy conference
TE07682,M0132,A019,2026-07-05,3.5,725,2537.5,Prepared matter status update
TE07683,M0043,A001,2023-10-27,4.5,650,2925,Prepared for witness interview
TE07684,M0053,A037,2026-05-17,2.5,675,1687.5,Reviewed billing and budget status
TE07685,M0005,A035,2025-08-24,4.5,625,2812.5,Reviewed case documents and prepared analysis
TE07686,M0125,A032,2025-11-27,7.5,550,4125,Performed legal research
TE07687,M0014,A009,2026-06-11,5,450,2250,Coordinated matter planning with client team
TE07688,M0066,A022,2025-10-27,1.5,675,1012.5,Coordinated matter planning with client team
TE07689,M0049,A017,2023-06-24,5,550,2750,Reviewed case documents and prepared analysis
TE07690,M0128,A021,2024-07-19,3,375,1125,Reviewed discovery materials
TE07691,M0080,A002,2026-03-19,5.5,550,3025,Prepared matter status update
TE07692,M0012,A034,2026-06-03,2.5,725,1812.5,Coordinated matter planning with client team
TE07693,M0039,A006,2024-03-12,6.5,375,2437.5,Coordinated matter planning with client team
TE07694,M0143,A028,2026-03-11,6,700,4200,Analyzed regulatory and compliance requirements
TE07695,M0044,A008,2026-03-11,1.5,575,862.5,Performed legal research
TE07696,M0068,A010,2024-04-25,7,750,5250,Reviewed discovery materials
TE07697,M0067,A007,2023-03-26,2,675,1350,Analyzed regulatory and compliance requirements
TE07698,M0093,A006,2025-01-06,6.5,375,2437.5,Prepared for witness interview
TE07699,M0144,A001,2026-04-18,1,650,650,Conducted client strategy conference
TE07700,M0007,A022,2025-06-15,6,675,4050,Drafted correspondence and legal memorandum
TE07701,M0121,A019,2026-06-25,6,725,4350,Reviewed case documents and prepared analysis
TE07702,M0118,A006,2026-01-22,4.5,375,1687.5,Prepared for witness interview
TE07703,M0126,A023,2024-09-09,6.5,575,3737.5,Reviewed billing and budget status
TE07704,M0147,A013,2023-04-19,0.5,700,350,Reviewed billing and budget status
TE07705,M0032,A001,2026-01-01,5,650,3250,Reviewed case documents and prepared analysis
TE07706,M0084,A016,2024-12-04,2,650,1300,Prepared for witness interview
TE07707,M0054,A004,2025-03-15,1,725,725,Prepared for witness interview
TE07708,M0050,A007,2025-04-17,0.5,675,337.5,Coordinated matter planning with client team
TE07709,M0005,A022,2025-06-14,5,675,3375,Reviewed billing and budget status
TE07710,M0121,A020,2025-06-27,7.5,625,4687.5,Reviewed case documents and prepared analysis
TE07711,M0117,A016,2023-07-18,2,650,1300,Coordinated matter planning with client team
TE07712,M0063,A028,2024-10-05,0.5,700,350,Analyzed regulatory and compliance requirements
TE07713,M0033,A020,2026-03-13,6.5,625,4062.5,Reviewed discovery materials
TE07714,M0146,A002,2024-01-18,6,550,3300,Reviewed billing and budget status
TE07715,M0061,A021,2024-09-14,4.5,375,1687.5,Reviewed case documents and prepared analysis
TE07716,M0017,A013,2024-03-17,4.5,700,3150,Reviewed case documents and prepared analysis
TE07717,M0011,A003,2024-11-08,4,425,1700,Performed legal research
TE07718,M0129,A010,2023-01-29,3.5,750,2625,Prepared matter status update
TE07719,M0028,A020,2025-05-23,5,625,3125,Performed legal research
TE07720,M0022,A019,2025-05-09,3.5,725,2537.5,Coordinated matter planning with client team
TE07721,M0088,A033,2023-08-01,8,425,3400,Analyzed regulatory and compliance requirements
TE07722,M0134,A007,2024-03-22,7.5,675,5062.5,Prepared matter status update
TE07723,M0065,A002,2026-05-29,3,550,1650,Reviewed discovery materials
TE07724,M0044,A003,2025-09-29,1.5,425,637.5,Performed legal research
TE07725,M0129,A023,2023-09-15,7.5,575,4312.5,Analyzed regulatory and compliance requirements
TE07726,M0148,A009,2025-02-14,2,450,900,Drafted correspondence and legal memorandum
TE07727,M0106,A007,2024-11-16,5.5,675,3712.5,Reviewed billing and budget status
TE07728,M0041,A021,2026-04-29,3,375,1125,Reviewed billing and budget status
TE07729,M0042,A016,2026-07-22,6.5,650,4225,Conducted client strategy conference
TE07730,M0075,A033,2023-12-23,5.5,425,2337.5,Coordinated matter planning with client team
TE07731,M0050,A004,2025-12-13,5,725,3625,Coordinated matter planning with client team
TE07732,M0117,A002,2023-02-03,5,550,2750,Prepared matter status update
TE07733,M0120,A030,2025-12-18,0.5,475,237.5,Reviewed discovery materials
TE07734,M0064,A017,2024-07-07,6,550,3300,Performed legal research
TE07735,M0137,A015,2024-11-16,4.5,475,2137.5,Reviewed billing and budget status
TE07736,M0035,A028,2024-01-14,0.5,700,350,Drafted correspondence and legal memorandum
TE07737,M0016,A023,2024-12-22,4.5,575,2587.5,Reviewed case documents and prepared analysis
TE07738,M0045,A026,2026-03-20,3.5,525,1837.5,Reviewed case documents and prepared analysis
TE07739,M0139,A019,2023-10-02,5,725,3625,Reviewed discovery materials
TE07740,M0107,A001,2025-04-13,1,650,650,Performed legal research
TE07741,M0043,A003,2023-04-18,2,425,850,Prepared matter status update
TE07742,M0100,A031,2025-07-09,1,650,650,Reviewed billing and budget status
TE07743,M0013,A019,2025-07-09,2,725,1450,Prepared matter status update
TE07744,M0045,A028,2025-11-13,0.5,700,350,Reviewed discovery materials
TE07745,M0092,A007,2023-09-28,1,675,675,Prepared for witness interview
TE07746,M0134,A026,2023-10-31,5.5,525,2887.5,Reviewed billing and budget status
TE07747,M0080,A032,2024-01-05,5,550,2750,Analyzed regulatory and compliance requirements
TE07748,M0071,A013,2025-11-08,2.5,700,1750,Reviewed discovery materials
TE07749,M0078,A031,2024-04-07,7,650,4550,Reviewed discovery materials
TE07750,M0044,A003,2025-12-25,2.5,425,1062.5,Reviewed case documents and prepared analysis
TE07751,M0144,A029,2025-01-23,3.5,600,2100,Performed legal research
TE07752,M0094,A030,2025-07-19,3,475,1425,Prepared matter status update
TE07753,M0105,A036,2026-04-29,5,375,1875,Reviewed discovery materials
TE07754,M0125,A021,2026-04-06,1,375,375,Reviewed case documents and prepared analysis
TE07755,M0058,A033,2023-12-30,7.5,425,3187.5,Prepared for witness interview
TE07756,M0070,A019,2026-06-02,7.5,725,5437.5,Reviewed billing and budget status
TE07757,M0085,A001,2026-03-07,8,650,5200,Analyzed regulatory and compliance requirements
TE07758,M0027,A020,2024-05-26,5,625,3125,Reviewed case documents and prepared analysis
TE07759,M0095,A014,2023-06-13,2.5,600,1500,Reviewed case documents and prepared analysis
TE07760,M0058,A013,2024-05-09,7.5,700,5250,Drafted correspondence and legal memorandum
TE07761,M0088,A020,2023-10-16,0.5,625,312.5,Coordinated matter planning with client team
TE07762,M0083,A024,2026-03-31,1,450,450,Prepared matter status update
TE07763,M0085,A024,2026-07-31,0.5,450,225,Conducted client strategy conference
TE07764,M0054,A002,2025-01-13,8,550,4400,Reviewed case documents and prepared analysis
TE07765,M0076,A017,2023-11-23,3.5,550,1925,Prepared matter status update
TE07766,M0075,A006,2025-02-01,5.5,375,2062.5,Reviewed discovery materials
TE07767,M0056,A007,2026-03-22,2.5,675,1687.5,Drafted correspondence and legal memorandum
TE07768,M0150,A017,2025-06-22,3,550,1650,Performed legal research
TE07769,M0097,A027,2023-09-16,2.5,400,1000,Conducted client strategy conference
TE07770,M0055,A017,2025-05-10,0.5,550,275,Reviewed billing and budget status
TE07771,M0020,A014,2026-05-20,1,600,600,Reviewed discovery materials
TE07772,M0106,A020,2024-08-24,2.5,625,1562.5,Reviewed case documents and prepared analysis
TE07773,M0108,A009,2025-04-17,5.5,450,2475,Prepared for witness interview
TE07774,M0056,A037,2025-09-15,8,675,5400,Prepared for witness interview
TE07775,M0077,A013,2023-09-12,5,700,3500,Coordinated matter planning with client team
TE07776,M0123,A022,2026-05-22,6.5,675,4387.5,Drafted correspondence and legal memorandum
TE07777,M0067,A010,2023-02-27,7,750,5250,Coordinated matter planning with client team
TE07778,M0056,A027,2026-06-23,5.5,400,2200,Analyzed regulatory and compliance requirements
TE07779,M0023,A026,2024-07-11,7,525,3675,Reviewed billing and budget status
TE07780,M0082,A007,2025-05-04,6,675,4050,Reviewed case documents and prepared analysis
TE07781,M0115,A024,2025-07-04,4,450,1800,Prepared for witness interview
TE07782,M0062,A025,2026-05-12,5,750,3750,Drafted correspondence and legal memorandum
TE07783,M0120,A035,2026-05-19,2.5,625,1562.5,Coordinated matter planning with client team
TE07784,M0103,A014,2025-10-20,6.5,600,3900,Reviewed billing and budget status
TE07785,M0080,A004,2024-12-31,3,725,2175,Analyzed regulatory and compliance requirements
TE07786,M0078,A006,2024-07-30,7,375,2625,Performed legal research
TE07787,M0122,A032,2025-10-27,1,550,550,Drafted correspondence and legal memorandum
TE07788,M0146,A025,2024-10-19,7.5,750,5625,Performed legal research
TE07789,M0052,A001,2025-04-18,1.5,650,975,Coordinated matter planning with client team
TE07790,M0124,A034,2025-08-26,1.5,725,1087.5,Reviewed case documents and prepared analysis
TE07791,M0022,A019,2025-03-29,5,725,3625,Prepared matter status update
TE07792,M0003,A011,2024-05-18,6,525,3150,Prepared matter status update
TE07793,M0145,A006,2026-03-06,8,375,3000,Performed legal research
TE07794,M0135,A035,2025-06-04,4,625,2500,Prepared for witness interview
TE07795,M0135,A025,2025-08-19,5.5,750,4125,Performed legal research
TE07796,M0123,A024,2026-04-13,0.5,450,225,Analyzed regulatory and compliance requirements
TE07797,M0104,A004,2025-06-23,1,725,725,Coordinated matter planning with client team
TE07798,M0024,A026,2025-11-01,7.5,525,3937.5,Prepared matter status update
TE07799,M0144,A022,2024-05-25,6,675,4050,Analyzed regulatory and compliance requirements
TE07800,M0119,A004,2024-03-15,1,725,725,Prepared for witness interview
TE07801,M0060,A006,2025-09-29,2.5,375,937.5,Drafted correspondence and legal memorandum
TE07802,M0003,A014,2025-06-19,1.5,600,900,Drafted correspondence and legal memorandum
TE07803,M0025,A028,2023-12-18,3.5,700,2450,Reviewed discovery materials
TE07804,M0005,A019,2025-09-10,4.5,725,3262.5,Drafted correspondence and legal memorandum
TE07805,M0104,A024,2025-12-18,3.5,450,1575,Prepared for witness interview
TE07806,M0122,A012,2024-04-24,5.5,400,2200,Drafted correspondence and legal memorandum
TE07807,M0093,A036,2026-07-08,3.5,375,1312.5,Drafted correspondence and legal memorandum
TE07808,M0011,A014,2024-11-08,5.5,600,3300,Prepared matter status update
TE07809,M0057,A004,2024-04-19,5,725,3625,Reviewed case documents and prepared analysis
TE07810,M0098,A015,2023-07-03,3.5,475,1662.5,Analyzed regulatory and compliance requirements
TE07811,M0090,A001,2025-01-26,0.5,650,325,Conducted client strategy conference
TE07812,M0119,A036,2023-12-11,5.5,375,2062.5,Prepared for witness interview
TE07813,M0035,A034,2026-04-05,1,725,725,Prepared for witness interview
TE07814,M0148,A026,2024-12-24,0.5,525,262.5,Reviewed case documents and prepared analysis
TE07815,M0081,A032,2025-06-30,4,550,2200,Prepared for witness interview
TE07816,M0007,A023,2025-08-27,7,575,4025,Conducted client strategy conference
TE07817,M0062,A010,2025-09-05,2,750,1500,Drafted correspondence and legal memorandum
TE07818,M0049,A029,2023-07-17,4.5,600,2700,Conducted client strategy conference
TE07819,M0057,A010,2024-12-25,1.5,750,1125,Reviewed case documents and prepared analysis
TE07820,M0050,A007,2024-11-28,3.5,675,2362.5,Conducted client strategy conference
TE07821,M0011,A009,2024-07-28,3,450,1350,Analyzed regulatory and compliance requirements
TE07822,M0093,A019,2025-06-08,6.5,725,4712.5,Performed legal research
TE07823,M0023,A020,2025-04-14,8,625,5000,Performed legal research
TE07824,M0115,A032,2025-05-08,5.5,550,3025,Performed legal research
TE07825,M0001,A024,2026-01-16,7.5,450,3375,Analyzed regulatory and compliance requirements
TE07826,M0087,A031,2026-04-21,7,650,4550,Prepared for witness interview
TE07827,M0073,A033,2025-12-06,6,425,2550,Prepared for witness interview
TE07828,M0141,A032,2026-04-12,3,550,1650,Prepared for witness interview
TE07829,M0051,A003,2024-09-21,6,425,2550,Prepared matter status update
TE07830,M0093,A014,2026-07-04,5,600,3000,Analyzed regulatory and compliance requirements
TE07831,M0044,A012,2026-02-11,1,400,400,Prepared for witness interview
TE07832,M0061,A005,2026-07-25,2.5,625,1562.5,Conducted client strategy conference
TE07833,M0104,A002,2025-07-20,6,550,3300,Drafted correspondence and legal memorandum
TE07834,M0097,A002,2023-09-14,3,550,1650,Prepared for witness interview
TE07835,M0054,A004,2025-02-22,1,725,725,Conducted client strategy conference
TE07836,M0049,A011,2023-07-21,8,525,4200,Prepared matter status update
TE07837,M0032,A001,2025-08-10,3.5,650,2275,Reviewed discovery materials
TE07838,M0039,A016,2024-03-29,1,650,650,Reviewed discovery materials
TE07839,M0005,A016,2025-03-02,6.5,650,4225,Reviewed case documents and prepared analysis
TE07840,M0135,A027,2026-02-13,7,400,2800,Reviewed billing and budget status
TE07841,M0091,A013,2024-07-31,2.5,700,1750,Performed legal research
TE07842,M0132,A028,2025-07-20,3,700,2100,Prepared for witness interview
TE07843,M0105,A023,2025-06-20,8,575,4600,Coordinated matter planning with client team
TE07844,M0003,A022,2026-01-30,3.5,675,2362.5,Performed legal research
TE07845,M0087,A010,2026-06-02,4,750,3000,Prepared for witness interview
TE07846,M0088,A033,2024-04-19,6,425,2550,Prepared matter status update
TE07847,M0053,A028,2026-06-13,1,700,700,Conducted client strategy conference
TE07848,M0040,A017,2025-06-08,6.5,550,3575,Reviewed discovery materials
TE07849,M0083,A020,2024-04-03,1.5,625,937.5,Conducted client strategy conference
TE07850,M0001,A018,2024-12-30,2.5,425,1062.5,Coordinated matter planning with client team
TE07851,M0098,A034,2023-11-04,5.5,725,3987.5,Reviewed case documents and prepared analysis
TE07852,M0074,A037,2026-06-18,1.5,675,1012.5,Analyzed regulatory and compliance requirements
TE07853,M0093,A021,2025-12-07,1,375,375,Reviewed discovery materials
TE07854,M0026,A036,2025-04-13,6,375,2250,Conducted client strategy conference
TE07855,M0040,A022,2025-08-17,8,675,5400,Reviewed case documents and prepared analysis
TE07856,M0110,A024,2025-12-26,2.5,450,1125,Analyzed regulatory and compliance requirements
TE07857,M0050,A019,2025-07-17,2.5,725,1812.5,Reviewed discovery materials
TE07858,M0136,A036,2025-12-19,4,375,1500,Performed legal research
TE07859,M0097,A009,2024-01-22,3,450,1350,Prepared for witness interview
TE07860,M0014,A011,2026-01-18,5,525,2625,Reviewed case documents and prepared analysis
TE07861,M0150,A010,2026-05-25,4,750,3000,Reviewed case documents and prepared analysis
TE07862,M0066,A013,2025-03-15,6,700,4200,Prepared matter status update
TE07863,M0103,A035,2025-12-01,5.5,625,3437.5,Prepared for witness interview
TE07864,M0138,A005,2023-10-27,2,625,1250,Reviewed billing and budget status
TE07865,M0084,A015,2024-07-30,6,475,2850,Prepared matter status update
TE07866,M0125,A029,2026-03-20,2.5,600,1500,Reviewed discovery materials
TE07867,M0090,A032,2025-09-18,4.5,550,2475,Conducted client strategy conference
TE07868,M0090,A014,2024-10-19,2.5,600,1500,Analyzed regulatory and compliance requirements
TE07869,M0145,A011,2025-11-11,0.5,525,262.5,Drafted correspondence and legal memorandum
TE07870,M0102,A019,2025-10-14,2.5,725,1812.5,Conducted client strategy conference
TE07871,M0131,A035,2025-01-08,2,625,1250,Reviewed billing and budget status
TE07872,M0113,A009,2025-12-24,0.5,450,225,Prepared matter status update
TE07873,M0048,A027,2026-05-01,3.5,400,1400,Reviewed case documents and prepared analysis
TE07874,M0109,A017,2025-09-22,3,550,1650,Reviewed billing and budget status
TE07875,M0024,A034,2025-03-22,7.5,725,5437.5,Prepared for witness interview
TE07876,M0042,A020,2026-05-26,1,625,625,Reviewed case documents and prepared analysis
TE07877,M0092,A017,2024-08-10,4.5,550,2475,Reviewed discovery materials
TE07878,M0132,A034,2025-05-19,5.5,725,3987.5,Drafted correspondence and legal memorandum
TE07879,M0057,A001,2024-10-20,1,650,650,Drafted correspondence and legal memorandum
TE07880,M0110,A037,2026-07-15,7.5,675,5062.5,Reviewed discovery materials
TE07881,M0107,A019,2025-06-07,2.5,725,1812.5,Prepared matter status update
TE07882,M0076,A024,2024-08-19,3.5,450,1575,Analyzed regulatory and compliance requirements
TE07883,M0103,A016,2026-05-11,2.5,650,1625,Reviewed discovery materials
TE07884,M0039,A003,2024-07-26,8,425,3400,Drafted correspondence and legal memorandum
TE07885,M0001,A037,2026-05-18,1.5,675,1012.5,Coordinated matter planning with client team
TE07886,M0060,A026,2025-02-12,3.5,525,1837.5,Conducted client strategy conference
TE07887,M0070,A033,2026-03-13,2,425,850,Coordinated matter planning with client team
TE07888,M0062,A018,2025-04-25,2.5,425,1062.5,Prepared for witness interview
TE07889,M0049,A007,2023-08-20,8,675,5400,Performed legal research
TE07890,M0015,A029,2026-02-27,7,600,4200,Drafted correspondence and legal memorandum
TE07891,M0027,A015,2024-01-14,5.5,475,2612.5,Prepared matter status update
TE07892,M0113,A017,2025-05-29,0.5,550,275,Reviewed discovery materials
TE07893,M0003,A029,2023-07-25,5,600,3000,Prepared matter status update
TE07894,M0014,A003,2026-06-06,5,425,2125,Drafted correspondence and legal memorandum
TE07895,M0057,A032,2024-07-06,5.5,550,3025,Reviewed billing and budget status
TE07896,M0100,A013,2025-01-27,8,700,5600,Coordinated matter planning with client team
TE07897,M0111,A026,2026-03-26,8,525,4200,Analyzed regulatory and compliance requirements
TE07898,M0038,A010,2023-06-21,2,750,1500,Prepared matter status update
TE07899,M0128,A004,2024-04-03,6.5,725,4712.5,Analyzed regulatory and compliance requirements
TE07900,M0089,A009,2025-11-12,4.5,450,2025,Reviewed billing and budget status
TE07901,M0083,A010,2024-03-29,1.5,750,1125,Coordinated matter planning with client team
TE07902,M0144,A026,2025-09-14,3.5,525,1837.5,Reviewed case documents and prepared analysis
TE07903,M0005,A017,2026-01-12,4.5,550,2475,Prepared matter status update
TE07904,M0040,A009,2026-06-08,8,450,3600,Prepared for witness interview
TE07905,M0132,A023,2025-06-08,4.5,575,2587.5,Reviewed billing and budget status
TE07906,M0125,A014,2025-11-12,8,600,4800,Coordinated matter planning with client team
TE07907,M0138,A031,2024-02-20,2.5,650,1625,Analyzed regulatory and compliance requirements
TE07908,M0120,A023,2026-07-31,2,575,1150,Drafted correspondence and legal memorandum
TE07909,M0082,A032,2024-08-05,7.5,550,4125,Reviewed discovery materials
TE07910,M0143,A002,2026-07-20,8,550,4400,Reviewed discovery materials
TE07911,M0052,A025,2026-03-08,5.5,750,4125,Reviewed billing and budget status
TE07912,M0029,A009,2025-03-05,2.5,450,1125,Coordinated matter planning with client team
TE07913,M0068,A019,2023-11-05,3.5,725,2537.5,Coordinated matter planning with client team
TE07914,M0046,A018,2024-11-05,4,425,1700,Prepared matter status update
TE07915,M0134,A029,2023-08-28,6.5,600,3900,Drafted correspondence and legal memorandum
TE07916,M0097,A023,2023-12-14,2,575,1150,Reviewed billing and budget status
TE07917,M0125,A035,2025-01-09,6,625,3750,Drafted correspondence and legal memorandum
TE07918,M0016,A023,2025-07-14,1.5,575,862.5,Conducted client strategy conference
TE07919,M0016,A032,2025-05-19,2,550,1100,Coordinated matter planning with client team
TE07920,M0049,A029,2023-06-11,1,600,600,Reviewed case documents and prepared analysis
TE07921,M0045,A013,2026-04-07,6.5,700,4550,Prepared for witness interview
TE07922,M0084,A015,2026-07-28,1.5,475,712.5,Reviewed billing and budget status
TE07923,M0080,A016,2026-05-10,6,650,3900,Reviewed billing and budget status
TE07924,M0082,A016,2024-10-01,5,650,3250,Prepared matter status update
TE07925,M0149,A022,2024-10-01,5.5,675,3712.5,Reviewed billing and budget status
TE07926,M0084,A034,2025-05-10,2,725,1450,Analyzed regulatory and compliance requirements
TE07927,M0083,A024,2024-08-07,4.5,450,2025,Prepared matter status update
TE07928,M0139,A024,2023-05-20,7.5,450,3375,Coordinated matter planning with client team
TE07929,M0001,A013,2025-10-30,3.5,700,2450,Conducted client strategy conference
TE07930,M0035,A017,2025-11-28,3.5,550,1925,Reviewed case documents and prepared analysis
TE07931,M0037,A002,2026-02-24,0.5,550,275,Performed legal research
TE07932,M0029,A030,2025-03-21,5,475,2375,Drafted correspondence and legal memorandum
TE07933,M0083,A010,2026-01-12,6,750,4500,Conducted client strategy conference
TE07934,M0144,A005,2025-07-16,1,625,625,Drafted correspondence and legal memorandum
TE07935,M0027,A020,2024-07-25,0.5,625,312.5,Performed legal research
TE07936,M0003,A010,2026-05-02,7.5,750,5625,Reviewed billing and budget status
TE07937,M0081,A014,2026-04-23,3.5,600,2100,Drafted correspondence and legal memorandum
TE07938,M0026,A007,2025-08-10,7.5,675,5062.5,Prepared for witness interview
TE07939,M0121,A021,2024-11-05,2,375,750,Reviewed billing and budget status
TE07940,M0020,A012,2025-05-16,2.5,400,1000,Drafted correspondence and legal memorandum
TE07941,M0112,A031,2025-06-22,6.5,650,4225,Analyzed regulatory and compliance requirements
TE07942,M0141,A005,2026-02-01,4,625,2500,Prepared matter status update
TE07943,M0041,A033,2025-08-07,1,425,425,Conducted client strategy conference
TE07944,M0052,A034,2024-12-26,4.5,725,3262.5,Prepared matter status update
TE07945,M0109,A018,2025-11-28,7.5,425,3187.5,Coordinated matter planning with client team
TE07946,M0131,A025,2026-07-07,1.5,750,1125,Performed legal research
TE07947,M0120,A034,2026-05-19,3.5,725,2537.5,Performed legal research
TE07948,M0074,A011,2026-07-12,4,525,2100,Reviewed billing and budget status
TE07949,M0107,A009,2025-06-07,3.5,450,1575,Prepared for witness interview
TE07950,M0026,A033,2024-11-08,2.5,425,1062.5,Prepared for witness interview
TE07951,M0039,A005,2024-04-16,4.5,625,2812.5,Performed legal research
TE07952,M0012,A027,2026-01-15,6,400,2400,Reviewed discovery materials
TE07953,M0128,A030,2025-01-17,6,475,2850,Performed legal research
TE07954,M0074,A001,2026-05-01,1,650,650,Reviewed discovery materials
TE07955,M0125,A008,2025-09-11,3,575,1725,Drafted correspondence and legal memorandum
TE07956,M0028,A034,2025-04-14,5.5,725,3987.5,Prepared for witness interview
TE07957,M0038,A016,2023-09-03,2,650,1300,Coordinated matter planning with client team
TE07958,M0013,A017,2025-07-15,7.5,550,4125,Prepared matter status update
TE07959,M0097,A011,2023-10-30,3.5,525,1837.5,Drafted correspondence and legal memorandum
TE07960,M0137,A017,2024-06-05,1.5,550,825,Reviewed case documents and prepared analysis
TE07961,M0046,A037,2024-11-17,4,675,2700,Reviewed discovery materials
TE07962,M0057,A012,2024-11-05,5.5,400,2200,Reviewed discovery materials
TE07963,M0090,A033,2026-04-30,1,425,425,Reviewed discovery materials
TE07964,M0081,A018,2026-02-07,7.5,425,3187.5,Performed legal research
TE07965,M0028,A003,2025-07-31,5,425,2125,Analyzed regulatory and compliance requirements
TE07966,M0130,A028,2024-08-01,7,700,4900,Prepared matter status update
TE07967,M0090,A010,2025-05-26,5.5,750,4125,Drafted correspondence and legal memorandum
TE07968,M0013,A030,2026-03-10,7,475,3325,Prepared for witness interview
TE07969,M0044,A007,2025-12-27,4.5,675,3037.5,Drafted correspondence and legal memorandum
TE07970,M0126,A014,2025-07-28,8,600,4800,Performed legal research
TE07971,M0123,A006,2026-03-14,8,375,3000,Performed legal research
TE07972,M0005,A024,2025-11-10,4,450,1800,Prepared for witness interview
TE07973,M0058,A033,2023-12-03,0.5,425,212.5,Performed legal research
TE07974,M0069,A001,2026-02-20,4,650,2600,Performed legal research
TE07975,M0077,A031,2023-03-19,3,650,1950,Prepared for witness interview
TE07976,M0020,A018,2026-02-04,4,425,1700,Prepared for witness interview
TE07977,M0090,A012,2023-04-28,7,400,2800,Drafted correspondence and legal memorandum
TE07978,M0089,A013,2025-10-01,6,700,4200,Analyzed regulatory and compliance requirements
TE07979,M0088,A010,2023-07-14,3,750,2250,Drafted correspondence and legal memorandum
TE07980,M0048,A011,2026-04-08,7.5,525,3937.5,Performed legal research
TE07981,M0109,A034,2025-06-24,7,725,5075,Drafted correspondence and legal memorandum
TE07982,M0138,A008,2023-10-28,3.5,575,2012.5,Prepared for witness interview
TE07983,M0127,A005,2023-11-29,5.5,625,3437.5,Reviewed billing and budget status
TE07984,M0036,A026,2025-10-21,5.5,525,2887.5,Coordinated matter planning with client team
TE07985,M0121,A032,2025-06-16,4.5,550,2475,Prepared for witness interview
TE07986,M0143,A004,2026-02-26,4,725,2900,Reviewed billing and budget status
TE07987,M0053,A006,2026-03-31,2,375,750,Reviewed case documents and prepared analysis
TE07988,M0009,A004,2024-08-25,2.5,725,1812.5,Reviewed discovery materials
TE07989,M0083,A001,2024-06-22,6.5,650,4225,Drafted correspondence and legal memorandum
TE07990,M0127,A011,2023-08-08,7,525,3675,Reviewed discovery materials
TE07991,M0045,A027,2025-06-25,1.5,400,600,Prepared for witness interview
TE07992,M0066,A017,2025-02-22,4.5,550,2475,Prepared matter status update
TE07993,M0042,A028,2025-10-20,6,700,4200,Drafted correspondence and legal memorandum
TE07994,M0051,A024,2025-05-04,8,450,3600,Reviewed billing and budget status
TE07995,M0064,A008,2025-01-22,4,575,2300,Coordinated matter planning with client team
TE07996,M0035,A032,2025-01-17,4,550,2200,Conducted client strategy conference
TE07997,M0108,A024,2025-04-27,6.5,450,2925,Reviewed discovery materials
TE07998,M0096,A028,2026-04-05,4.5,700,3150,Performed legal research
TE07999,M0107,A021,2025-06-25,2.5,375,937.5,Performed legal research
TE08000,M0099,A002,2024-11-29,4,550,2200,Conducted client strategy conference
